2026-07-29 09:06:25,646 [INFO] audit - AuthService: Registering new user account: 'sre@example.com'
2026-07-29 09:06:27,078 [INFO] audit - AuthService: Registering new user account: 'admin@example.com'
2026-07-29 09:06:27,078 [INFO] audit - AuthService: Registering new user account: 'admin@example.com'
2026-07-29 09:06:27,078 [INFO] audit - AuthService: Registering new user account: 'admin@example.com'
2026-07-29 09:06:27,078 [INFO] audit - AuthService: Registering new user account: 'admin@example.com'
2026-07-29 09:06:28,394 [INFO] audit - AuthService: Registering new user account: 'login@example.com'
2026-07-29 09:06:28,394 [INFO] audit - AuthService: Registering new user account: 'login@example.com'
2026-07-29 09:06:28,394 [INFO] audit - AuthService: Registering new user account: 'login@example.com'
2026-07-29 09:06:28,394 [INFO] audit - AuthService: Registering new user account: 'login@example.com'
2026-07-29 09:06:28,394 [INFO] audit - AuthService: Registering new user account: 'login@example.com'
2026-07-29 09:06:29,687 [INFO] audit - AuthService: Login attempt for email 'unknown@example.com'
2026-07-29 09:06:29,687 [INFO] audit - AuthService: Login attempt for email 'unknown@example.com'
2026-07-29 09:06:29,687 [INFO] audit - AuthService: Login attempt for email 'unknown@example.com'
2026-07-29 09:06:29,687 [INFO] audit - AuthService: Login attempt for email 'unknown@example.com'
2026-07-29 09:06:29,687 [INFO] audit - AuthService: Login attempt for email 'unknown@example.com'
2026-07-29 09:06:29,687 [INFO] audit - AuthService: Login attempt for email 'unknown@example.com'
2026-07-29 09:06:30,721 [INFO] audit - AuthService: Registering new user account: 'dashboard_operator@example.com'
2026-07-29 09:06:30,721 [INFO] audit - AuthService: Registering new user account: 'dashboard_operator@example.com'
2026-07-29 09:06:30,721 [INFO] audit - AuthService: Registering new user account: 'dashboard_operator@example.com'
2026-07-29 09:06:30,721 [INFO] audit - AuthService: Registering new user account: 'dashboard_operator@example.com'
2026-07-29 09:06:30,721 [INFO] audit - AuthService: Registering new user account: 'dashboard_operator@example.com'
2026-07-29 09:06:30,721 [INFO] audit - AuthService: Registering new user account: 'dashboard_operator@example.com'
2026-07-29 09:06:30,721 [INFO] audit - AuthService: Registering new user account: 'dashboard_operator@example.com'
2026-07-29 09:06:30,721 [INFO] audit - AuthService: Registering new user account: 'dashboard_operator@example.com'
2026-07-29 09:06:31,726 [INFO] audit - AuthService: Registering new user account: 'metrics_admin@example.com'
2026-07-29 09:06:31,726 [INFO] audit - AuthService: Registering new user account: 'metrics_admin@example.com'
2026-07-29 09:06:31,726 [INFO] audit - AuthService: Registering new user account: 'metrics_admin@example.com'
2026-07-29 09:06:31,726 [INFO] audit - AuthService: Registering new user account: 'metrics_admin@example.com'
2026-07-29 09:06:31,726 [INFO] audit - AuthService: Registering new user account: 'metrics_admin@example.com'
2026-07-29 09:06:31,726 [INFO] audit - AuthService: Registering new user account: 'metrics_admin@example.com'
2026-07-29 09:06:31,726 [INFO] audit - AuthService: Registering new user account: 'metrics_admin@example.com'
2026-07-29 09:06:31,726 [INFO] audit - AuthService: Registering new user account: 'metrics_admin@example.com'
2026-07-29 09:06:31,726 [INFO] audit - AuthService: Registering new user account: 'metrics_admin@example.com'
2026-07-29 09:06:32,922 [INFO] audit - AuthService: Registering new user account: 'admin_crud@example.com'
2026-07-29 09:06:32,922 [INFO] audit - AuthService: Registering new user account: 'admin_crud@example.com'
2026-07-29 09:06:32,922 [INFO] audit - AuthService: Registering new user account: 'admin_crud@example.com'
2026-07-29 09:06:32,922 [INFO] audit - AuthService: Registering new user account: 'admin_crud@example.com'
2026-07-29 09:06:32,922 [INFO] audit - AuthService: Registering new user account: 'admin_crud@example.com'
2026-07-29 09:06:32,922 [INFO] audit - AuthService: Registering new user account: 'admin_crud@example.com'
2026-07-29 09:06:32,922 [INFO] audit - AuthService: Registering new user account: 'admin_crud@example.com'
2026-07-29 09:06:32,922 [INFO] audit - AuthService: Registering new user account: 'admin_crud@example.com'
2026-07-29 09:06:32,922 [INFO] audit - AuthService: Registering new user account: 'admin_crud@example.com'
2026-07-29 09:06:32,922 [INFO] audit - AuthService: Registering new user account: 'admin_crud@example.com'
2026-07-29 09:06:34,008 [INFO] audit - AuthService: Registering new user account: 'viewer_test@example.com'
2026-07-29 09:06:34,008 [INFO] audit - AuthService: Registering new user account: 'viewer_test@example.com'
2026-07-29 09:06:34,008 [INFO] audit - AuthService: Registering new user account: 'viewer_test@example.com'
2026-07-29 09:06:34,008 [INFO] audit - AuthService: Registering new user account: 'viewer_test@example.com'
2026-07-29 09:06:34,008 [INFO] audit - AuthService: Registering new user account: 'viewer_test@example.com'
2026-07-29 09:06:34,008 [INFO] audit - AuthService: Registering new user account: 'viewer_test@example.com'
2026-07-29 09:06:34,008 [INFO] audit - AuthService: Registering new user account: 'viewer_test@example.com'
2026-07-29 09:06:34,008 [INFO] audit - AuthService: Registering new user account: 'viewer_test@example.com'
2026-07-29 09:06:34,008 [INFO] audit - AuthService: Registering new user account: 'viewer_test@example.com'
2026-07-29 09:06:34,008 [INFO] audit - AuthService: Registering new user account: 'viewer_test@example.com'
2026-07-29 09:06:34,008 [INFO] audit - AuthService: Registering new user account: 'viewer_test@example.com'
2026-07-29 09:06:35,019 [INFO] audit - AuthService: Registering new user account: 'admin_dup@example.com'
2026-07-29 09:06:35,019 [INFO] audit - AuthService: Registering new user account: 'admin_dup@example.com'
2026-07-29 09:06:35,019 [INFO] audit - AuthService: Registering new user account: 'admin_dup@example.com'
2026-07-29 09:06:35,019 [INFO] audit - AuthService: Registering new user account: 'admin_dup@example.com'
2026-07-29 09:06:35,019 [INFO] audit - AuthService: Registering new user account: 'admin_dup@example.com'
2026-07-29 09:06:35,019 [INFO] audit - AuthService: Registering new user account: 'admin_dup@example.com'
2026-07-29 09:06:35,019 [INFO] audit - AuthService: Registering new user account: 'admin_dup@example.com'
2026-07-29 09:06:35,019 [INFO] audit - AuthService: Registering new user account: 'admin_dup@example.com'
2026-07-29 09:06:35,019 [INFO] audit - AuthService: Registering new user account: 'admin_dup@example.com'
2026-07-29 09:06:35,019 [INFO] audit - AuthService: Registering new user account: 'admin_dup@example.com'
2026-07-29 09:06:35,019 [INFO] audit - AuthService: Registering new user account: 'admin_dup@example.com'
2026-07-29 09:06:35,019 [INFO] audit - AuthService: Registering new user account: 'admin_dup@example.com'
2026-07-29 09:06:35,874 [INFO] audit - AuthService: Registering new user account: 'admin_val@example.com'
2026-07-29 09:06:35,874 [INFO] audit - AuthService: Registering new user account: 'admin_val@example.com'
2026-07-29 09:06:35,874 [INFO] audit - AuthService: Registering new user account: 'admin_val@example.com'
2026-07-29 09:06:35,874 [INFO] audit - AuthService: Registering new user account: 'admin_val@example.com'
2026-07-29 09:06:35,874 [INFO] audit - AuthService: Registering new user account: 'admin_val@example.com'
2026-07-29 09:06:35,874 [INFO] audit - AuthService: Registering new user account: 'admin_val@example.com'
2026-07-29 09:06:35,874 [INFO] audit - AuthService: Registering new user account: 'admin_val@example.com'
2026-07-29 09:06:35,874 [INFO] audit - AuthService: Registering new user account: 'admin_val@example.com'
2026-07-29 09:06:35,874 [INFO] audit - AuthService: Registering new user account: 'admin_val@example.com'
2026-07-29 09:06:35,874 [INFO] audit - AuthService: Registering new user account: 'admin_val@example.com'
2026-07-29 09:06:35,874 [INFO] audit - AuthService: Registering new user account: 'admin_val@example.com'
2026-07-29 09:06:35,874 [INFO] audit - AuthService: Registering new user account: 'admin_val@example.com'
2026-07-29 09:06:35,874 [INFO] audit - AuthService: Registering new user account: 'admin_val@example.com'
2026-07-29 09:07:09,321 [INFO] audit - AuthService: Registering new user account: 'sre@example.com'
2026-07-29 09:07:09,572 [INFO] audit - AuthService: Successfully registered user ID 1
2026-07-29 09:07:09,720 [INFO] audit - AuthService: Registering new user account: 'admin@example.com'
2026-07-29 09:07:09,720 [INFO] audit - AuthService: Registering new user account: 'admin@example.com'
2026-07-29 09:07:09,720 [INFO] audit - AuthService: Registering new user account: 'admin@example.com'
2026-07-29 09:07:09,720 [INFO] audit - AuthService: Registering new user account: 'admin@example.com'
2026-07-29 09:07:09,975 [INFO] audit - AuthService: Successfully registered user ID 2
2026-07-29 09:07:09,975 [INFO] audit - AuthService: Successfully registered user ID 2
2026-07-29 09:07:09,975 [INFO] audit - AuthService: Successfully registered user ID 2
2026-07-29 09:07:09,975 [INFO] audit - AuthService: Successfully registered user ID 2
2026-07-29 09:07:09,977 [INFO] audit - AuthService: Registering new user account: 'admin@example.com'
2026-07-29 09:07:09,977 [INFO] audit - AuthService: Registering new user account: 'admin@example.com'
2026-07-29 09:07:09,977 [INFO] audit - AuthService: Registering new user account: 'admin@example.com'
2026-07-29 09:07:09,977 [INFO] audit - AuthService: Registering new user account: 'admin@example.com'
2026-07-29 09:07:09,979 [WARNING] audit - AuthService: Registration failed. Email 'admin@example.com' is already taken.
2026-07-29 09:07:09,979 [WARNING] audit - AuthService: Registration failed. Email 'admin@example.com' is already taken.
2026-07-29 09:07:09,979 [WARNING] audit - AuthService: Registration failed. Email 'admin@example.com' is already taken.
2026-07-29 09:07:09,979 [WARNING] audit - AuthService: Registration failed. Email 'admin@example.com' is already taken.
2026-07-29 09:07:09,995 [INFO] audit - AuthService: Registering new user account: 'login@example.com'
2026-07-29 09:07:09,995 [INFO] audit - AuthService: Registering new user account: 'login@example.com'
2026-07-29 09:07:09,995 [INFO] audit - AuthService: Registering new user account: 'login@example.com'
2026-07-29 09:07:09,995 [INFO] audit - AuthService: Registering new user account: 'login@example.com'
2026-07-29 09:07:09,995 [INFO] audit - AuthService: Registering new user account: 'login@example.com'
2026-07-29 09:07:10,244 [INFO] audit - AuthService: Successfully registered user ID 3
2026-07-29 09:07:10,244 [INFO] audit - AuthService: Successfully registered user ID 3
2026-07-29 09:07:10,244 [INFO] audit - AuthService: Successfully registered user ID 3
2026-07-29 09:07:10,244 [INFO] audit - AuthService: Successfully registered user ID 3
2026-07-29 09:07:10,244 [INFO] audit - AuthService: Successfully registered user ID 3
2026-07-29 09:07:10,247 [INFO] audit - AuthService: Login attempt for email 'login@example.com'
2026-07-29 09:07:10,247 [INFO] audit - AuthService: Login attempt for email 'login@example.com'
2026-07-29 09:07:10,247 [INFO] audit - AuthService: Login attempt for email 'login@example.com'
2026-07-29 09:07:10,247 [INFO] audit - AuthService: Login attempt for email 'login@example.com'
2026-07-29 09:07:10,247 [INFO] audit - AuthService: Login attempt for email 'login@example.com'
2026-07-29 09:07:10,467 [INFO] audit - AuthService: Successful login for email 'login@example.com'
2026-07-29 09:07:10,467 [INFO] audit - AuthService: Successful login for email 'login@example.com'
2026-07-29 09:07:10,467 [INFO] audit - AuthService: Successful login for email 'login@example.com'
2026-07-29 09:07:10,467 [INFO] audit - AuthService: Successful login for email 'login@example.com'
2026-07-29 09:07:10,467 [INFO] audit - AuthService: Successful login for email 'login@example.com'
2026-07-29 09:07:10,480 [INFO] audit - AuthService: Login attempt for email 'unknown@example.com'
2026-07-29 09:07:10,480 [INFO] audit - AuthService: Login attempt for email 'unknown@example.com'
2026-07-29 09:07:10,480 [INFO] audit - AuthService: Login attempt for email 'unknown@example.com'
2026-07-29 09:07:10,480 [INFO] audit - AuthService: Login attempt for email 'unknown@example.com'
2026-07-29 09:07:10,480 [INFO] audit - AuthService: Login attempt for email 'unknown@example.com'
2026-07-29 09:07:10,480 [INFO] audit - AuthService: Login attempt for email 'unknown@example.com'
2026-07-29 09:07:10,480 [WARNING] audit - AuthService: Failed login attempt for email 'unknown@example.com'
2026-07-29 09:07:10,480 [WARNING] audit - AuthService: Failed login attempt for email 'unknown@example.com'
2026-07-29 09:07:10,480 [WARNING] audit - AuthService: Failed login attempt for email 'unknown@example.com'
2026-07-29 09:07:10,480 [WARNING] audit - AuthService: Failed login attempt for email 'unknown@example.com'
2026-07-29 09:07:10,480 [WARNING] audit - AuthService: Failed login attempt for email 'unknown@example.com'
2026-07-29 09:07:10,480 [WARNING] audit - AuthService: Failed login attempt for email 'unknown@example.com'
2026-07-29 09:07:10,506 [INFO] audit - AuthService: Registering new user account: 'dashboard_operator@example.com'
2026-07-29 09:07:10,506 [INFO] audit - AuthService: Registering new user account: 'dashboard_operator@example.com'
2026-07-29 09:07:10,506 [INFO] audit - AuthService: Registering new user account: 'dashboard_operator@example.com'
2026-07-29 09:07:10,506 [INFO] audit - AuthService: Registering new user account: 'dashboard_operator@example.com'
2026-07-29 09:07:10,506 [INFO] audit - AuthService: Registering new user account: 'dashboard_operator@example.com'
2026-07-29 09:07:10,506 [INFO] audit - AuthService: Registering new user account: 'dashboard_operator@example.com'
2026-07-29 09:07:10,506 [INFO] audit - AuthService: Registering new user account: 'dashboard_operator@example.com'
2026-07-29 09:07:10,506 [INFO] audit - AuthService: Registering new user account: 'dashboard_operator@example.com'
2026-07-29 09:07:10,746 [INFO] audit - AuthService: Successfully registered user ID 4
2026-07-29 09:07:10,746 [INFO] audit - AuthService: Successfully registered user ID 4
2026-07-29 09:07:10,746 [INFO] audit - AuthService: Successfully registered user ID 4
2026-07-29 09:07:10,746 [INFO] audit - AuthService: Successfully registered user ID 4
2026-07-29 09:07:10,746 [INFO] audit - AuthService: Successfully registered user ID 4
2026-07-29 09:07:10,746 [INFO] audit - AuthService: Successfully registered user ID 4
2026-07-29 09:07:10,746 [INFO] audit - AuthService: Successfully registered user ID 4
2026-07-29 09:07:10,746 [INFO] audit - AuthService: Successfully registered user ID 4
2026-07-29 09:07:10,750 [INFO] audit - AuthService: Login attempt for email 'dashboard_operator@example.com'
2026-07-29 09:07:10,750 [INFO] audit - AuthService: Login attempt for email 'dashboard_operator@example.com'
2026-07-29 09:07:10,750 [INFO] audit - AuthService: Login attempt for email 'dashboard_operator@example.com'
2026-07-29 09:07:10,750 [INFO] audit - AuthService: Login attempt for email 'dashboard_operator@example.com'
2026-07-29 09:07:10,750 [INFO] audit - AuthService: Login attempt for email 'dashboard_operator@example.com'
2026-07-29 09:07:10,750 [INFO] audit - AuthService: Login attempt for email 'dashboard_operator@example.com'
2026-07-29 09:07:10,750 [INFO] audit - AuthService: Login attempt for email 'dashboard_operator@example.com'
2026-07-29 09:07:10,750 [INFO] audit - AuthService: Login attempt for email 'dashboard_operator@example.com'
2026-07-29 09:07:10,990 [INFO] audit - AuthService: Successful login for email 'dashboard_operator@example.com'
2026-07-29 09:07:10,990 [INFO] audit - AuthService: Successful login for email 'dashboard_operator@example.com'
2026-07-29 09:07:10,990 [INFO] audit - AuthService: Successful login for email 'dashboard_operator@example.com'
2026-07-29 09:07:10,990 [INFO] audit - AuthService: Successful login for email 'dashboard_operator@example.com'
2026-07-29 09:07:10,990 [INFO] audit - AuthService: Successful login for email 'dashboard_operator@example.com'
2026-07-29 09:07:10,990 [INFO] audit - AuthService: Successful login for email 'dashboard_operator@example.com'
2026-07-29 09:07:10,990 [INFO] audit - AuthService: Successful login for email 'dashboard_operator@example.com'
2026-07-29 09:07:10,990 [INFO] audit - AuthService: Successful login for email 'dashboard_operator@example.com'
2026-07-29 09:07:11,043 [INFO] audit - AuthService: Registering new user account: 'metrics_admin@example.com'
2026-07-29 09:07:11,043 [INFO] audit - AuthService: Registering new user account: 'metrics_admin@example.com'
2026-07-29 09:07:11,043 [INFO] audit - AuthService: Registering new user account: 'metrics_admin@example.com'
2026-07-29 09:07:11,043 [INFO] audit - AuthService: Registering new user account: 'metrics_admin@example.com'
2026-07-29 09:07:11,043 [INFO] audit - AuthService: Registering new user account: 'metrics_admin@example.com'
2026-07-29 09:07:11,043 [INFO] audit - AuthService: Registering new user account: 'metrics_admin@example.com'
2026-07-29 09:07:11,043 [INFO] audit - AuthService: Registering new user account: 'metrics_admin@example.com'
2026-07-29 09:07:11,043 [INFO] audit - AuthService: Registering new user account: 'metrics_admin@example.com'
2026-07-29 09:07:11,043 [INFO] audit - AuthService: Registering new user account: 'metrics_admin@example.com'
2026-07-29 09:07:11,284 [INFO] audit - AuthService: Successfully registered user ID 5
2026-07-29 09:07:11,284 [INFO] audit - AuthService: Successfully registered user ID 5
2026-07-29 09:07:11,284 [INFO] audit - AuthService: Successfully registered user ID 5
2026-07-29 09:07:11,284 [INFO] audit - AuthService: Successfully registered user ID 5
2026-07-29 09:07:11,284 [INFO] audit - AuthService: Successfully registered user ID 5
2026-07-29 09:07:11,284 [INFO] audit - AuthService: Successfully registered user ID 5
2026-07-29 09:07:11,284 [INFO] audit - AuthService: Successfully registered user ID 5
2026-07-29 09:07:11,284 [INFO] audit - AuthService: Successfully registered user ID 5
2026-07-29 09:07:11,284 [INFO] audit - AuthService: Successfully registered user ID 5
2026-07-29 09:07:11,288 [INFO] audit - AuthService: Login attempt for email 'metrics_admin@example.com'
2026-07-29 09:07:11,288 [INFO] audit - AuthService: Login attempt for email 'metrics_admin@example.com'
2026-07-29 09:07:11,288 [INFO] audit - AuthService: Login attempt for email 'metrics_admin@example.com'
2026-07-29 09:07:11,288 [INFO] audit - AuthService: Login attempt for email 'metrics_admin@example.com'
2026-07-29 09:07:11,288 [INFO] audit - AuthService: Login attempt for email 'metrics_admin@example.com'
2026-07-29 09:07:11,288 [INFO] audit - AuthService: Login attempt for email 'metrics_admin@example.com'
2026-07-29 09:07:11,288 [INFO] audit - AuthService: Login attempt for email 'metrics_admin@example.com'
2026-07-29 09:07:11,288 [INFO] audit - AuthService: Login attempt for email 'metrics_admin@example.com'
2026-07-29 09:07:11,288 [INFO] audit - AuthService: Login attempt for email 'metrics_admin@example.com'
2026-07-29 09:07:11,534 [INFO] audit - AuthService: Successful login for email 'metrics_admin@example.com'
2026-07-29 09:07:11,534 [INFO] audit - AuthService: Successful login for email 'metrics_admin@example.com'
2026-07-29 09:07:11,534 [INFO] audit - AuthService: Successful login for email 'metrics_admin@example.com'
2026-07-29 09:07:11,534 [INFO] audit - AuthService: Successful login for email 'metrics_admin@example.com'
2026-07-29 09:07:11,534 [INFO] audit - AuthService: Successful login for email 'metrics_admin@example.com'
2026-07-29 09:07:11,534 [INFO] audit - AuthService: Successful login for email 'metrics_admin@example.com'
2026-07-29 09:07:11,534 [INFO] audit - AuthService: Successful login for email 'metrics_admin@example.com'
2026-07-29 09:07:11,534 [INFO] audit - AuthService: Successful login for email 'metrics_admin@example.com'
2026-07-29 09:07:11,534 [INFO] audit - AuthService: Successful login for email 'metrics_admin@example.com'
2026-07-29 09:07:11,631 [INFO] audit - AuthService: Registering new user account: 'admin_crud@example.com'
2026-07-29 09:07:11,631 [INFO] audit - AuthService: Registering new user account: 'admin_crud@example.com'
2026-07-29 09:07:11,631 [INFO] audit - AuthService: Registering new user account: 'admin_crud@example.com'
2026-07-29 09:07:11,631 [INFO] audit - AuthService: Registering new user account: 'admin_crud@example.com'
2026-07-29 09:07:11,631 [INFO] audit - AuthService: Registering new user account: 'admin_crud@example.com'
2026-07-29 09:07:11,631 [INFO] audit - AuthService: Registering new user account: 'admin_crud@example.com'
2026-07-29 09:07:11,631 [INFO] audit - AuthService: Registering new user account: 'admin_crud@example.com'
2026-07-29 09:07:11,631 [INFO] audit - AuthService: Registering new user account: 'admin_crud@example.com'
2026-07-29 09:07:11,631 [INFO] audit - AuthService: Registering new user account: 'admin_crud@example.com'
2026-07-29 09:07:11,631 [INFO] audit - AuthService: Registering new user account: 'admin_crud@example.com'
2026-07-29 09:07:11,870 [INFO] audit - AuthService: Successfully registered user ID 6
2026-07-29 09:07:11,870 [INFO] audit - AuthService: Successfully registered user ID 6
2026-07-29 09:07:11,870 [INFO] audit - AuthService: Successfully registered user ID 6
2026-07-29 09:07:11,870 [INFO] audit - AuthService: Successfully registered user ID 6
2026-07-29 09:07:11,870 [INFO] audit - AuthService: Successfully registered user ID 6
2026-07-29 09:07:11,870 [INFO] audit - AuthService: Successfully registered user ID 6
2026-07-29 09:07:11,870 [INFO] audit - AuthService: Successfully registered user ID 6
2026-07-29 09:07:11,870 [INFO] audit - AuthService: Successfully registered user ID 6
2026-07-29 09:07:11,870 [INFO] audit - AuthService: Successfully registered user ID 6
2026-07-29 09:07:11,870 [INFO] audit - AuthService: Successfully registered user ID 6
2026-07-29 09:07:11,874 [INFO] audit - AuthService: Login attempt for email 'admin_crud@example.com'
2026-07-29 09:07:11,874 [INFO] audit - AuthService: Login attempt for email 'admin_crud@example.com'
2026-07-29 09:07:11,874 [INFO] audit - AuthService: Login attempt for email 'admin_crud@example.com'
2026-07-29 09:07:11,874 [INFO] audit - AuthService: Login attempt for email 'admin_crud@example.com'
2026-07-29 09:07:11,874 [INFO] audit - AuthService: Login attempt for email 'admin_crud@example.com'
2026-07-29 09:07:11,874 [INFO] audit - AuthService: Login attempt for email 'admin_crud@example.com'
2026-07-29 09:07:11,874 [INFO] audit - AuthService: Login attempt for email 'admin_crud@example.com'
2026-07-29 09:07:11,874 [INFO] audit - AuthService: Login attempt for email 'admin_crud@example.com'
2026-07-29 09:07:11,874 [INFO] audit - AuthService: Login attempt for email 'admin_crud@example.com'
2026-07-29 09:07:11,874 [INFO] audit - AuthService: Login attempt for email 'admin_crud@example.com'
2026-07-29 09:07:12,114 [INFO] audit - AuthService: Successful login for email 'admin_crud@example.com'
2026-07-29 09:07:12,114 [INFO] audit - AuthService: Successful login for email 'admin_crud@example.com'
2026-07-29 09:07:12,114 [INFO] audit - AuthService: Successful login for email 'admin_crud@example.com'
2026-07-29 09:07:12,114 [INFO] audit - AuthService: Successful login for email 'admin_crud@example.com'
2026-07-29 09:07:12,114 [INFO] audit - AuthService: Successful login for email 'admin_crud@example.com'
2026-07-29 09:07:12,114 [INFO] audit - AuthService: Successful login for email 'admin_crud@example.com'
2026-07-29 09:07:12,114 [INFO] audit - AuthService: Successful login for email 'admin_crud@example.com'
2026-07-29 09:07:12,114 [INFO] audit - AuthService: Successful login for email 'admin_crud@example.com'
2026-07-29 09:07:12,114 [INFO] audit - AuthService: Successful login for email 'admin_crud@example.com'
2026-07-29 09:07:12,114 [INFO] audit - AuthService: Successful login for email 'admin_crud@example.com'
2026-07-29 09:07:12,394 [INFO] audit - AuthService: Registering new user account: 'viewer_test@example.com'
2026-07-29 09:07:12,394 [INFO] audit - AuthService: Registering new user account: 'viewer_test@example.com'
2026-07-29 09:07:12,394 [INFO] audit - AuthService: Registering new user account: 'viewer_test@example.com'
2026-07-29 09:07:12,394 [INFO] audit - AuthService: Registering new user account: 'viewer_test@example.com'
2026-07-29 09:07:12,394 [INFO] audit - AuthService: Registering new user account: 'viewer_test@example.com'
2026-07-29 09:07:12,394 [INFO] audit - AuthService: Registering new user account: 'viewer_test@example.com'
2026-07-29 09:07:12,394 [INFO] audit - AuthService: Registering new user account: 'viewer_test@example.com'
2026-07-29 09:07:12,394 [INFO] audit - AuthService: Registering new user account: 'viewer_test@example.com'
2026-07-29 09:07:12,394 [INFO] audit - AuthService: Registering new user account: 'viewer_test@example.com'
2026-07-29 09:07:12,394 [INFO] audit - AuthService: Registering new user account: 'viewer_test@example.com'
2026-07-29 09:07:12,394 [INFO] audit - AuthService: Registering new user account: 'viewer_test@example.com'
2026-07-29 09:07:12,637 [INFO] audit - AuthService: Successfully registered user ID 7
2026-07-29 09:07:12,637 [INFO] audit - AuthService: Successfully registered user ID 7
2026-07-29 09:07:12,637 [INFO] audit - AuthService: Successfully registered user ID 7
2026-07-29 09:07:12,637 [INFO] audit - AuthService: Successfully registered user ID 7
2026-07-29 09:07:12,637 [INFO] audit - AuthService: Successfully registered user ID 7
2026-07-29 09:07:12,637 [INFO] audit - AuthService: Successfully registered user ID 7
2026-07-29 09:07:12,637 [INFO] audit - AuthService: Successfully registered user ID 7
2026-07-29 09:07:12,637 [INFO] audit - AuthService: Successfully registered user ID 7
2026-07-29 09:07:12,637 [INFO] audit - AuthService: Successfully registered user ID 7
2026-07-29 09:07:12,637 [INFO] audit - AuthService: Successfully registered user ID 7
2026-07-29 09:07:12,637 [INFO] audit - AuthService: Successfully registered user ID 7
2026-07-29 09:07:12,642 [INFO] audit - AuthService: Login attempt for email 'viewer_test@example.com'
2026-07-29 09:07:12,642 [INFO] audit - AuthService: Login attempt for email 'viewer_test@example.com'
2026-07-29 09:07:12,642 [INFO] audit - AuthService: Login attempt for email 'viewer_test@example.com'
2026-07-29 09:07:12,642 [INFO] audit - AuthService: Login attempt for email 'viewer_test@example.com'
2026-07-29 09:07:12,642 [INFO] audit - AuthService: Login attempt for email 'viewer_test@example.com'
2026-07-29 09:07:12,642 [INFO] audit - AuthService: Login attempt for email 'viewer_test@example.com'
2026-07-29 09:07:12,642 [INFO] audit - AuthService: Login attempt for email 'viewer_test@example.com'
2026-07-29 09:07:12,642 [INFO] audit - AuthService: Login attempt for email 'viewer_test@example.com'
2026-07-29 09:07:12,642 [INFO] audit - AuthService: Login attempt for email 'viewer_test@example.com'
2026-07-29 09:07:12,642 [INFO] audit - AuthService: Login attempt for email 'viewer_test@example.com'
2026-07-29 09:07:12,642 [INFO] audit - AuthService: Login attempt for email 'viewer_test@example.com'
2026-07-29 09:07:12,884 [INFO] audit - AuthService: Successful login for email 'viewer_test@example.com'
2026-07-29 09:07:12,884 [INFO] audit - AuthService: Successful login for email 'viewer_test@example.com'
2026-07-29 09:07:12,884 [INFO] audit - AuthService: Successful login for email 'viewer_test@example.com'
2026-07-29 09:07:12,884 [INFO] audit - AuthService: Successful login for email 'viewer_test@example.com'
2026-07-29 09:07:12,884 [INFO] audit - AuthService: Successful login for email 'viewer_test@example.com'
2026-07-29 09:07:12,884 [INFO] audit - AuthService: Successful login for email 'viewer_test@example.com'
2026-07-29 09:07:12,884 [INFO] audit - AuthService: Successful login for email 'viewer_test@example.com'
2026-07-29 09:07:12,884 [INFO] audit - AuthService: Successful login for email 'viewer_test@example.com'
2026-07-29 09:07:12,884 [INFO] audit - AuthService: Successful login for email 'viewer_test@example.com'
2026-07-29 09:07:12,884 [INFO] audit - AuthService: Successful login for email 'viewer_test@example.com'
2026-07-29 09:07:12,884 [INFO] audit - AuthService: Successful login for email 'viewer_test@example.com'
2026-07-29 09:07:12,904 [INFO] audit - AuthService: Registering new user account: 'admin_dup@example.com'
2026-07-29 09:07:12,904 [INFO] audit - AuthService: Registering new user account: 'admin_dup@example.com'
2026-07-29 09:07:12,904 [INFO] audit - AuthService: Registering new user account: 'admin_dup@example.com'
2026-07-29 09:07:12,904 [INFO] audit - AuthService: Registering new user account: 'admin_dup@example.com'
2026-07-29 09:07:12,904 [INFO] audit - AuthService: Registering new user account: 'admin_dup@example.com'
2026-07-29 09:07:12,904 [INFO] audit - AuthService: Registering new user account: 'admin_dup@example.com'
2026-07-29 09:07:12,904 [INFO] audit - AuthService: Registering new user account: 'admin_dup@example.com'
2026-07-29 09:07:12,904 [INFO] audit - AuthService: Registering new user account: 'admin_dup@example.com'
2026-07-29 09:07:12,904 [INFO] audit - AuthService: Registering new user account: 'admin_dup@example.com'
2026-07-29 09:07:12,904 [INFO] audit - AuthService: Registering new user account: 'admin_dup@example.com'
2026-07-29 09:07:12,904 [INFO] audit - AuthService: Registering new user account: 'admin_dup@example.com'
2026-07-29 09:07:12,904 [INFO] audit - AuthService: Registering new user account: 'admin_dup@example.com'
2026-07-29 09:07:13,149 [INFO] audit - AuthService: Successfully registered user ID 8
2026-07-29 09:07:13,149 [INFO] audit - AuthService: Successfully registered user ID 8
2026-07-29 09:07:13,149 [INFO] audit - AuthService: Successfully registered user ID 8
2026-07-29 09:07:13,149 [INFO] audit - AuthService: Successfully registered user ID 8
2026-07-29 09:07:13,149 [INFO] audit - AuthService: Successfully registered user ID 8
2026-07-29 09:07:13,149 [INFO] audit - AuthService: Successfully registered user ID 8
2026-07-29 09:07:13,149 [INFO] audit - AuthService: Successfully registered user ID 8
2026-07-29 09:07:13,149 [INFO] audit - AuthService: Successfully registered user ID 8
2026-07-29 09:07:13,149 [INFO] audit - AuthService: Successfully registered user ID 8
2026-07-29 09:07:13,149 [INFO] audit - AuthService: Successfully registered user ID 8
2026-07-29 09:07:13,149 [INFO] audit - AuthService: Successfully registered user ID 8
2026-07-29 09:07:13,149 [INFO] audit - AuthService: Successfully registered user ID 8
2026-07-29 09:07:13,154 [INFO] audit - AuthService: Login attempt for email 'admin_dup@example.com'
2026-07-29 09:07:13,154 [INFO] audit - AuthService: Login attempt for email 'admin_dup@example.com'
2026-07-29 09:07:13,154 [INFO] audit - AuthService: Login attempt for email 'admin_dup@example.com'
2026-07-29 09:07:13,154 [INFO] audit - AuthService: Login attempt for email 'admin_dup@example.com'
2026-07-29 09:07:13,154 [INFO] audit - AuthService: Login attempt for email 'admin_dup@example.com'
2026-07-29 09:07:13,154 [INFO] audit - AuthService: Login attempt for email 'admin_dup@example.com'
2026-07-29 09:07:13,154 [INFO] audit - AuthService: Login attempt for email 'admin_dup@example.com'
2026-07-29 09:07:13,154 [INFO] audit - AuthService: Login attempt for email 'admin_dup@example.com'
2026-07-29 09:07:13,154 [INFO] audit - AuthService: Login attempt for email 'admin_dup@example.com'
2026-07-29 09:07:13,154 [INFO] audit - AuthService: Login attempt for email 'admin_dup@example.com'
2026-07-29 09:07:13,154 [INFO] audit - AuthService: Login attempt for email 'admin_dup@example.com'
2026-07-29 09:07:13,154 [INFO] audit - AuthService: Login attempt for email 'admin_dup@example.com'
2026-07-29 09:07:13,391 [INFO] audit - AuthService: Successful login for email 'admin_dup@example.com'
2026-07-29 09:07:13,391 [INFO] audit - AuthService: Successful login for email 'admin_dup@example.com'
2026-07-29 09:07:13,391 [INFO] audit - AuthService: Successful login for email 'admin_dup@example.com'
2026-07-29 09:07:13,391 [INFO] audit - AuthService: Successful login for email 'admin_dup@example.com'
2026-07-29 09:07:13,391 [INFO] audit - AuthService: Successful login for email 'admin_dup@example.com'
2026-07-29 09:07:13,391 [INFO] audit - AuthService: Successful login for email 'admin_dup@example.com'
2026-07-29 09:07:13,391 [INFO] audit - AuthService: Successful login for email 'admin_dup@example.com'
2026-07-29 09:07:13,391 [INFO] audit - AuthService: Successful login for email 'admin_dup@example.com'
2026-07-29 09:07:13,391 [INFO] audit - AuthService: Successful login for email 'admin_dup@example.com'
2026-07-29 09:07:13,391 [INFO] audit - AuthService: Successful login for email 'admin_dup@example.com'
2026-07-29 09:07:13,391 [INFO] audit - AuthService: Successful login for email 'admin_dup@example.com'
2026-07-29 09:07:13,391 [INFO] audit - AuthService: Successful login for email 'admin_dup@example.com'
2026-07-29 09:07:13,659 [INFO] audit - AuthService: Registering new user account: 'admin_val@example.com'
2026-07-29 09:07:13,659 [INFO] audit - AuthService: Registering new user account: 'admin_val@example.com'
2026-07-29 09:07:13,659 [INFO] audit - AuthService: Registering new user account: 'admin_val@example.com'
2026-07-29 09:07:13,659 [INFO] audit - AuthService: Registering new user account: 'admin_val@example.com'
2026-07-29 09:07:13,659 [INFO] audit - AuthService: Registering new user account: 'admin_val@example.com'
2026-07-29 09:07:13,659 [INFO] audit - AuthService: Registering new user account: 'admin_val@example.com'
2026-07-29 09:07:13,659 [INFO] audit - AuthService: Registering new user account: 'admin_val@example.com'
2026-07-29 09:07:13,659 [INFO] audit - AuthService: Registering new user account: 'admin_val@example.com'
2026-07-29 09:07:13,659 [INFO] audit - AuthService: Registering new user account: 'admin_val@example.com'
2026-07-29 09:07:13,659 [INFO] audit - AuthService: Registering new user account: 'admin_val@example.com'
2026-07-29 09:07:13,659 [INFO] audit - AuthService: Registering new user account: 'admin_val@example.com'
2026-07-29 09:07:13,659 [INFO] audit - AuthService: Registering new user account: 'admin_val@example.com'
2026-07-29 09:07:13,659 [INFO] audit - AuthService: Registering new user account: 'admin_val@example.com'
2026-07-29 09:07:13,895 [INFO] audit - AuthService: Successfully registered user ID 9
2026-07-29 09:07:13,895 [INFO] audit - AuthService: Successfully registered user ID 9
2026-07-29 09:07:13,895 [INFO] audit - AuthService: Successfully registered user ID 9
2026-07-29 09:07:13,895 [INFO] audit - AuthService: Successfully registered user ID 9
2026-07-29 09:07:13,895 [INFO] audit - AuthService: Successfully registered user ID 9
2026-07-29 09:07:13,895 [INFO] audit - AuthService: Successfully registered user ID 9
2026-07-29 09:07:13,895 [INFO] audit - AuthService: Successfully registered user ID 9
2026-07-29 09:07:13,895 [INFO] audit - AuthService: Successfully registered user ID 9
2026-07-29 09:07:13,895 [INFO] audit - AuthService: Successfully registered user ID 9
2026-07-29 09:07:13,895 [INFO] audit - AuthService: Successfully registered user ID 9
2026-07-29 09:07:13,895 [INFO] audit - AuthService: Successfully registered user ID 9
2026-07-29 09:07:13,895 [INFO] audit - AuthService: Successfully registered user ID 9
2026-07-29 09:07:13,895 [INFO] audit - AuthService: Successfully registered user ID 9
2026-07-29 09:07:13,899 [INFO] audit - AuthService: Login attempt for email 'admin_val@example.com'
2026-07-29 09:07:13,899 [INFO] audit - AuthService: Login attempt for email 'admin_val@example.com'
2026-07-29 09:07:13,899 [INFO] audit - AuthService: Login attempt for email 'admin_val@example.com'
2026-07-29 09:07:13,899 [INFO] audit - AuthService: Login attempt for email 'admin_val@example.com'
2026-07-29 09:07:13,899 [INFO] audit - AuthService: Login attempt for email 'admin_val@example.com'
2026-07-29 09:07:13,899 [INFO] audit - AuthService: Login attempt for email 'admin_val@example.com'
2026-07-29 09:07:13,899 [INFO] audit - AuthService: Login attempt for email 'admin_val@example.com'
2026-07-29 09:07:13,899 [INFO] audit - AuthService: Login attempt for email 'admin_val@example.com'
2026-07-29 09:07:13,899 [INFO] audit - AuthService: Login attempt for email 'admin_val@example.com'
2026-07-29 09:07:13,899 [INFO] audit - AuthService: Login attempt for email 'admin_val@example.com'
2026-07-29 09:07:13,899 [INFO] audit - AuthService: Login attempt for email 'admin_val@example.com'
2026-07-29 09:07:13,899 [INFO] audit - AuthService: Login attempt for email 'admin_val@example.com'
2026-07-29 09:07:13,899 [INFO] audit - AuthService: Login attempt for email 'admin_val@example.com'
2026-07-29 09:07:14,164 [INFO] audit - AuthService: Successful login for email 'admin_val@example.com'
2026-07-29 09:07:14,164 [INFO] audit - AuthService: Successful login for email 'admin_val@example.com'
2026-07-29 09:07:14,164 [INFO] audit - AuthService: Successful login for email 'admin_val@example.com'
2026-07-29 09:07:14,164 [INFO] audit - AuthService: Successful login for email 'admin_val@example.com'
2026-07-29 09:07:14,164 [INFO] audit - AuthService: Successful login for email 'admin_val@example.com'
2026-07-29 09:07:14,164 [INFO] audit - AuthService: Successful login for email 'admin_val@example.com'
2026-07-29 09:07:14,164 [INFO] audit - AuthService: Successful login for email 'admin_val@example.com'
2026-07-29 09:07:14,164 [INFO] audit - AuthService: Successful login for email 'admin_val@example.com'
2026-07-29 09:07:14,164 [INFO] audit - AuthService: Successful login for email 'admin_val@example.com'
2026-07-29 09:07:14,164 [INFO] audit - AuthService: Successful login for email 'admin_val@example.com'
2026-07-29 09:07:14,164 [INFO] audit - AuthService: Successful login for email 'admin_val@example.com'
2026-07-29 09:07:14,164 [INFO] audit - AuthService: Successful login for email 'admin_val@example.com'
2026-07-29 09:07:14,164 [INFO] audit - AuthService: Successful login for email 'admin_val@example.com'
2026-07-29 09:07:41,130 [INFO] audit - AuthService: Registering new user account: 'dashboard_operator@example.com'
2026-07-29 09:07:41,130 [INFO] audit - AuthService: Registering new user account: 'dashboard_operator@example.com'
2026-07-29 09:07:41,399 [INFO] audit - AuthService: Successfully registered user ID 1
2026-07-29 09:07:41,399 [INFO] audit - AuthService: Successfully registered user ID 1
2026-07-29 09:07:41,402 [INFO] audit - AuthService: Login attempt for email 'dashboard_operator@example.com'
2026-07-29 09:07:41,402 [INFO] audit - AuthService: Login attempt for email 'dashboard_operator@example.com'
2026-07-29 09:07:41,628 [INFO] audit - AuthService: Successful login for email 'dashboard_operator@example.com'
2026-07-29 09:07:41,628 [INFO] audit - AuthService: Successful login for email 'dashboard_operator@example.com'
2026-07-29 09:07:41,775 [INFO] audit - AuthService: Registering new user account: 'metrics_admin@example.com'
2026-07-29 09:07:41,775 [INFO] audit - AuthService: Registering new user account: 'metrics_admin@example.com'
2026-07-29 09:07:41,775 [INFO] audit - AuthService: Registering new user account: 'metrics_admin@example.com'
2026-07-29 09:07:42,025 [INFO] audit - AuthService: Successfully registered user ID 2
2026-07-29 09:07:42,025 [INFO] audit - AuthService: Successfully registered user ID 2
2026-07-29 09:07:42,025 [INFO] audit - AuthService: Successfully registered user ID 2
2026-07-29 09:07:42,028 [INFO] audit - AuthService: Login attempt for email 'metrics_admin@example.com'
2026-07-29 09:07:42,028 [INFO] audit - AuthService: Login attempt for email 'metrics_admin@example.com'
2026-07-29 09:07:42,028 [INFO] audit - AuthService: Login attempt for email 'metrics_admin@example.com'
2026-07-29 09:07:42,274 [INFO] audit - AuthService: Successful login for email 'metrics_admin@example.com'
2026-07-29 09:07:42,274 [INFO] audit - AuthService: Successful login for email 'metrics_admin@example.com'
2026-07-29 09:07:42,274 [INFO] audit - AuthService: Successful login for email 'metrics_admin@example.com'
2026-07-29 09:08:04,225 [INFO] audit - AuthService: Registering new user account: 'sre@example.com'
2026-07-29 09:08:04,567 [INFO] audit - AuthService: Successfully registered user ID 1
2026-07-29 09:08:04,764 [INFO] audit - AuthService: Registering new user account: 'admin@example.com'
2026-07-29 09:08:04,764 [INFO] audit - AuthService: Registering new user account: 'admin@example.com'
2026-07-29 09:08:04,764 [INFO] audit - AuthService: Registering new user account: 'admin@example.com'
2026-07-29 09:08:04,764 [INFO] audit - AuthService: Registering new user account: 'admin@example.com'
2026-07-29 09:08:05,108 [INFO] audit - AuthService: Successfully registered user ID 1
2026-07-29 09:08:05,108 [INFO] audit - AuthService: Successfully registered user ID 1
2026-07-29 09:08:05,108 [INFO] audit - AuthService: Successfully registered user ID 1
2026-07-29 09:08:05,108 [INFO] audit - AuthService: Successfully registered user ID 1
2026-07-29 09:08:05,112 [INFO] audit - AuthService: Registering new user account: 'admin@example.com'
2026-07-29 09:08:05,112 [INFO] audit - AuthService: Registering new user account: 'admin@example.com'
2026-07-29 09:08:05,112 [INFO] audit - AuthService: Registering new user account: 'admin@example.com'
2026-07-29 09:08:05,112 [INFO] audit - AuthService: Registering new user account: 'admin@example.com'
2026-07-29 09:08:05,112 [WARNING] audit - AuthService: Registration failed. Email 'admin@example.com' is already taken.
2026-07-29 09:08:05,112 [WARNING] audit - AuthService: Registration failed. Email 'admin@example.com' is already taken.
2026-07-29 09:08:05,112 [WARNING] audit - AuthService: Registration failed. Email 'admin@example.com' is already taken.
2026-07-29 09:08:05,112 [WARNING] audit - AuthService: Registration failed. Email 'admin@example.com' is already taken.
2026-07-29 09:08:05,130 [INFO] audit - AuthService: Registering new user account: 'login@example.com'
2026-07-29 09:08:05,130 [INFO] audit - AuthService: Registering new user account: 'login@example.com'
2026-07-29 09:08:05,130 [INFO] audit - AuthService: Registering new user account: 'login@example.com'
2026-07-29 09:08:05,130 [INFO] audit - AuthService: Registering new user account: 'login@example.com'
2026-07-29 09:08:05,130 [INFO] audit - AuthService: Registering new user account: 'login@example.com'
2026-07-29 09:08:05,453 [INFO] audit - AuthService: Successfully registered user ID 1
2026-07-29 09:08:05,453 [INFO] audit - AuthService: Successfully registered user ID 1
2026-07-29 09:08:05,453 [INFO] audit - AuthService: Successfully registered user ID 1
2026-07-29 09:08:05,453 [INFO] audit - AuthService: Successfully registered user ID 1
2026-07-29 09:08:05,453 [INFO] audit - AuthService: Successfully registered user ID 1
2026-07-29 09:08:05,459 [INFO] audit - AuthService: Login attempt for email 'login@example.com'
2026-07-29 09:08:05,459 [INFO] audit - AuthService: Login attempt for email 'login@example.com'
2026-07-29 09:08:05,459 [INFO] audit - AuthService: Login attempt for email 'login@example.com'
2026-07-29 09:08:05,459 [INFO] audit - AuthService: Login attempt for email 'login@example.com'
2026-07-29 09:08:05,459 [INFO] audit - AuthService: Login attempt for email 'login@example.com'
2026-07-29 09:08:05,777 [INFO] audit - AuthService: Successful login for email 'login@example.com'
2026-07-29 09:08:05,777 [INFO] audit - AuthService: Successful login for email 'login@example.com'
2026-07-29 09:08:05,777 [INFO] audit - AuthService: Successful login for email 'login@example.com'
2026-07-29 09:08:05,777 [INFO] audit - AuthService: Successful login for email 'login@example.com'
2026-07-29 09:08:05,777 [INFO] audit - AuthService: Successful login for email 'login@example.com'
2026-07-29 09:08:05,795 [INFO] audit - AuthService: Login attempt for email 'unknown@example.com'
2026-07-29 09:08:05,795 [INFO] audit - AuthService: Login attempt for email 'unknown@example.com'
2026-07-29 09:08:05,795 [INFO] audit - AuthService: Login attempt for email 'unknown@example.com'
2026-07-29 09:08:05,795 [INFO] audit - AuthService: Login attempt for email 'unknown@example.com'
2026-07-29 09:08:05,795 [INFO] audit - AuthService: Login attempt for email 'unknown@example.com'
2026-07-29 09:08:05,795 [INFO] audit - AuthService: Login attempt for email 'unknown@example.com'
2026-07-29 09:08:05,797 [WARNING] audit - AuthService: Failed login attempt for email 'unknown@example.com'
2026-07-29 09:08:05,797 [WARNING] audit - AuthService: Failed login attempt for email 'unknown@example.com'
2026-07-29 09:08:05,797 [WARNING] audit - AuthService: Failed login attempt for email 'unknown@example.com'
2026-07-29 09:08:05,797 [WARNING] audit - AuthService: Failed login attempt for email 'unknown@example.com'
2026-07-29 09:08:05,797 [WARNING] audit - AuthService: Failed login attempt for email 'unknown@example.com'
2026-07-29 09:08:05,797 [WARNING] audit - AuthService: Failed login attempt for email 'unknown@example.com'
2026-07-29 09:08:05,832 [INFO] audit - AuthService: Registering new user account: 'dashboard_operator@example.com'
2026-07-29 09:08:05,832 [INFO] audit - AuthService: Registering new user account: 'dashboard_operator@example.com'
2026-07-29 09:08:05,832 [INFO] audit - AuthService: Registering new user account: 'dashboard_operator@example.com'
2026-07-29 09:08:05,832 [INFO] audit - AuthService: Registering new user account: 'dashboard_operator@example.com'
2026-07-29 09:08:05,832 [INFO] audit - AuthService: Registering new user account: 'dashboard_operator@example.com'
2026-07-29 09:08:05,832 [INFO] audit - AuthService: Registering new user account: 'dashboard_operator@example.com'
2026-07-29 09:08:05,832 [INFO] audit - AuthService: Registering new user account: 'dashboard_operator@example.com'
2026-07-29 09:08:05,832 [INFO] audit - AuthService: Registering new user account: 'dashboard_operator@example.com'
2026-07-29 09:08:06,186 [INFO] audit - AuthService: Successfully registered user ID 1
2026-07-29 09:08:06,186 [INFO] audit - AuthService: Successfully registered user ID 1
2026-07-29 09:08:06,186 [INFO] audit - AuthService: Successfully registered user ID 1
2026-07-29 09:08:06,186 [INFO] audit - AuthService: Successfully registered user ID 1
2026-07-29 09:08:06,186 [INFO] audit - AuthService: Successfully registered user ID 1
2026-07-29 09:08:06,186 [INFO] audit - AuthService: Successfully registered user ID 1
2026-07-29 09:08:06,186 [INFO] audit - AuthService: Successfully registered user ID 1
2026-07-29 09:08:06,186 [INFO] audit - AuthService: Successfully registered user ID 1
2026-07-29 09:08:06,191 [INFO] audit - AuthService: Login attempt for email 'dashboard_operator@example.com'
2026-07-29 09:08:06,191 [INFO] audit - AuthService: Login attempt for email 'dashboard_operator@example.com'
2026-07-29 09:08:06,191 [INFO] audit - AuthService: Login attempt for email 'dashboard_operator@example.com'
2026-07-29 09:08:06,191 [INFO] audit - AuthService: Login attempt for email 'dashboard_operator@example.com'
2026-07-29 09:08:06,191 [INFO] audit - AuthService: Login attempt for email 'dashboard_operator@example.com'
2026-07-29 09:08:06,191 [INFO] audit - AuthService: Login attempt for email 'dashboard_operator@example.com'
2026-07-29 09:08:06,191 [INFO] audit - AuthService: Login attempt for email 'dashboard_operator@example.com'
2026-07-29 09:08:06,191 [INFO] audit - AuthService: Login attempt for email 'dashboard_operator@example.com'
2026-07-29 09:08:06,502 [INFO] audit - AuthService: Successful login for email 'dashboard_operator@example.com'
2026-07-29 09:08:06,502 [INFO] audit - AuthService: Successful login for email 'dashboard_operator@example.com'
2026-07-29 09:08:06,502 [INFO] audit - AuthService: Successful login for email 'dashboard_operator@example.com'
2026-07-29 09:08:06,502 [INFO] audit - AuthService: Successful login for email 'dashboard_operator@example.com'
2026-07-29 09:08:06,502 [INFO] audit - AuthService: Successful login for email 'dashboard_operator@example.com'
2026-07-29 09:08:06,502 [INFO] audit - AuthService: Successful login for email 'dashboard_operator@example.com'
2026-07-29 09:08:06,502 [INFO] audit - AuthService: Successful login for email 'dashboard_operator@example.com'
2026-07-29 09:08:06,502 [INFO] audit - AuthService: Successful login for email 'dashboard_operator@example.com'
2026-07-29 09:08:06,549 [INFO] audit - AuthService: Registering new user account: 'metrics_admin@example.com'
2026-07-29 09:08:06,549 [INFO] audit - AuthService: Registering new user account: 'metrics_admin@example.com'
2026-07-29 09:08:06,549 [INFO] audit - AuthService: Registering new user account: 'metrics_admin@example.com'
2026-07-29 09:08:06,549 [INFO] audit - AuthService: Registering new user account: 'metrics_admin@example.com'
2026-07-29 09:08:06,549 [INFO] audit - AuthService: Registering new user account: 'metrics_admin@example.com'
2026-07-29 09:08:06,549 [INFO] audit - AuthService: Registering new user account: 'metrics_admin@example.com'
2026-07-29 09:08:06,549 [INFO] audit - AuthService: Registering new user account: 'metrics_admin@example.com'
2026-07-29 09:08:06,549 [INFO] audit - AuthService: Registering new user account: 'metrics_admin@example.com'
2026-07-29 09:08:06,549 [INFO] audit - AuthService: Registering new user account: 'metrics_admin@example.com'
2026-07-29 09:08:06,857 [INFO] audit - AuthService: Successfully registered user ID 1
2026-07-29 09:08:06,857 [INFO] audit - AuthService: Successfully registered user ID 1
2026-07-29 09:08:06,857 [INFO] audit - AuthService: Successfully registered user ID 1
2026-07-29 09:08:06,857 [INFO] audit - AuthService: Successfully registered user ID 1
2026-07-29 09:08:06,857 [INFO] audit - AuthService: Successfully registered user ID 1
2026-07-29 09:08:06,857 [INFO] audit - AuthService: Successfully registered user ID 1
2026-07-29 09:08:06,857 [INFO] audit - AuthService: Successfully registered user ID 1
2026-07-29 09:08:06,857 [INFO] audit - AuthService: Successfully registered user ID 1
2026-07-29 09:08:06,857 [INFO] audit - AuthService: Successfully registered user ID 1
2026-07-29 09:08:06,861 [INFO] audit - AuthService: Login attempt for email 'metrics_admin@example.com'
2026-07-29 09:08:06,861 [INFO] audit - AuthService: Login attempt for email 'metrics_admin@example.com'
2026-07-29 09:08:06,861 [INFO] audit - AuthService: Login attempt for email 'metrics_admin@example.com'
2026-07-29 09:08:06,861 [INFO] audit - AuthService: Login attempt for email 'metrics_admin@example.com'
2026-07-29 09:08:06,861 [INFO] audit - AuthService: Login attempt for email 'metrics_admin@example.com'
2026-07-29 09:08:06,861 [INFO] audit - AuthService: Login attempt for email 'metrics_admin@example.com'
2026-07-29 09:08:06,861 [INFO] audit - AuthService: Login attempt for email 'metrics_admin@example.com'
2026-07-29 09:08:06,861 [INFO] audit - AuthService: Login attempt for email 'metrics_admin@example.com'
2026-07-29 09:08:06,861 [INFO] audit - AuthService: Login attempt for email 'metrics_admin@example.com'
2026-07-29 09:08:07,164 [INFO] audit - AuthService: Successful login for email 'metrics_admin@example.com'
2026-07-29 09:08:07,164 [INFO] audit - AuthService: Successful login for email 'metrics_admin@example.com'
2026-07-29 09:08:07,164 [INFO] audit - AuthService: Successful login for email 'metrics_admin@example.com'
2026-07-29 09:08:07,164 [INFO] audit - AuthService: Successful login for email 'metrics_admin@example.com'
2026-07-29 09:08:07,164 [INFO] audit - AuthService: Successful login for email 'metrics_admin@example.com'
2026-07-29 09:08:07,164 [INFO] audit - AuthService: Successful login for email 'metrics_admin@example.com'
2026-07-29 09:08:07,164 [INFO] audit - AuthService: Successful login for email 'metrics_admin@example.com'
2026-07-29 09:08:07,164 [INFO] audit - AuthService: Successful login for email 'metrics_admin@example.com'
2026-07-29 09:08:07,164 [INFO] audit - AuthService: Successful login for email 'metrics_admin@example.com'
2026-07-29 09:08:07,381 [INFO] audit - AuthService: Registering new user account: 'admin_crud@example.com'
2026-07-29 09:08:07,381 [INFO] audit - AuthService: Registering new user account: 'admin_crud@example.com'
2026-07-29 09:08:07,381 [INFO] audit - AuthService: Registering new user account: 'admin_crud@example.com'
2026-07-29 09:08:07,381 [INFO] audit - AuthService: Registering new user account: 'admin_crud@example.com'
2026-07-29 09:08:07,381 [INFO] audit - AuthService: Registering new user account: 'admin_crud@example.com'
2026-07-29 09:08:07,381 [INFO] audit - AuthService: Registering new user account: 'admin_crud@example.com'
2026-07-29 09:08:07,381 [INFO] audit - AuthService: Registering new user account: 'admin_crud@example.com'
2026-07-29 09:08:07,381 [INFO] audit - AuthService: Registering new user account: 'admin_crud@example.com'
2026-07-29 09:08:07,381 [INFO] audit - AuthService: Registering new user account: 'admin_crud@example.com'
2026-07-29 09:08:07,381 [INFO] audit - AuthService: Registering new user account: 'admin_crud@example.com'
2026-07-29 09:08:07,690 [INFO] audit - AuthService: Successfully registered user ID 1
2026-07-29 09:08:07,690 [INFO] audit - AuthService: Successfully registered user ID 1
2026-07-29 09:08:07,690 [INFO] audit - AuthService: Successfully registered user ID 1
2026-07-29 09:08:07,690 [INFO] audit - AuthService: Successfully registered user ID 1
2026-07-29 09:08:07,690 [INFO] audit - AuthService: Successfully registered user ID 1
2026-07-29 09:08:07,690 [INFO] audit - AuthService: Successfully registered user ID 1
2026-07-29 09:08:07,690 [INFO] audit - AuthService: Successfully registered user ID 1
2026-07-29 09:08:07,690 [INFO] audit - AuthService: Successfully registered user ID 1
2026-07-29 09:08:07,690 [INFO] audit - AuthService: Successfully registered user ID 1
2026-07-29 09:08:07,690 [INFO] audit - AuthService: Successfully registered user ID 1
2026-07-29 09:08:07,695 [INFO] audit - AuthService: Login attempt for email 'admin_crud@example.com'
2026-07-29 09:08:07,695 [INFO] audit - AuthService: Login attempt for email 'admin_crud@example.com'
2026-07-29 09:08:07,695 [INFO] audit - AuthService: Login attempt for email 'admin_crud@example.com'
2026-07-29 09:08:07,695 [INFO] audit - AuthService: Login attempt for email 'admin_crud@example.com'
2026-07-29 09:08:07,695 [INFO] audit - AuthService: Login attempt for email 'admin_crud@example.com'
2026-07-29 09:08:07,695 [INFO] audit - AuthService: Login attempt for email 'admin_crud@example.com'
2026-07-29 09:08:07,695 [INFO] audit - AuthService: Login attempt for email 'admin_crud@example.com'
2026-07-29 09:08:07,695 [INFO] audit - AuthService: Login attempt for email 'admin_crud@example.com'
2026-07-29 09:08:07,695 [INFO] audit - AuthService: Login attempt for email 'admin_crud@example.com'
2026-07-29 09:08:07,695 [INFO] audit - AuthService: Login attempt for email 'admin_crud@example.com'
2026-07-29 09:08:07,993 [INFO] audit - AuthService: Successful login for email 'admin_crud@example.com'
2026-07-29 09:08:07,993 [INFO] audit - AuthService: Successful login for email 'admin_crud@example.com'
2026-07-29 09:08:07,993 [INFO] audit - AuthService: Successful login for email 'admin_crud@example.com'
2026-07-29 09:08:07,993 [INFO] audit - AuthService: Successful login for email 'admin_crud@example.com'
2026-07-29 09:08:07,993 [INFO] audit - AuthService: Successful login for email 'admin_crud@example.com'
2026-07-29 09:08:07,993 [INFO] audit - AuthService: Successful login for email 'admin_crud@example.com'
2026-07-29 09:08:07,993 [INFO] audit - AuthService: Successful login for email 'admin_crud@example.com'
2026-07-29 09:08:07,993 [INFO] audit - AuthService: Successful login for email 'admin_crud@example.com'
2026-07-29 09:08:07,993 [INFO] audit - AuthService: Successful login for email 'admin_crud@example.com'
2026-07-29 09:08:07,993 [INFO] audit - AuthService: Successful login for email 'admin_crud@example.com'
2026-07-29 09:08:08,364 [INFO] audit - AuthService: Registering new user account: 'viewer_test@example.com'
2026-07-29 09:08:08,364 [INFO] audit - AuthService: Registering new user account: 'viewer_test@example.com'
2026-07-29 09:08:08,364 [INFO] audit - AuthService: Registering new user account: 'viewer_test@example.com'
2026-07-29 09:08:08,364 [INFO] audit - AuthService: Registering new user account: 'viewer_test@example.com'
2026-07-29 09:08:08,364 [INFO] audit - AuthService: Registering new user account: 'viewer_test@example.com'
2026-07-29 09:08:08,364 [INFO] audit - AuthService: Registering new user account: 'viewer_test@example.com'
2026-07-29 09:08:08,364 [INFO] audit - AuthService: Registering new user account: 'viewer_test@example.com'
2026-07-29 09:08:08,364 [INFO] audit - AuthService: Registering new user account: 'viewer_test@example.com'
2026-07-29 09:08:08,364 [INFO] audit - AuthService: Registering new user account: 'viewer_test@example.com'
2026-07-29 09:08:08,364 [INFO] audit - AuthService: Registering new user account: 'viewer_test@example.com'
2026-07-29 09:08:08,364 [INFO] audit - AuthService: Registering new user account: 'viewer_test@example.com'
2026-07-29 09:08:08,691 [INFO] audit - AuthService: Successfully registered user ID 1
2026-07-29 09:08:08,691 [INFO] audit - AuthService: Successfully registered user ID 1
2026-07-29 09:08:08,691 [INFO] audit - AuthService: Successfully registered user ID 1
2026-07-29 09:08:08,691 [INFO] audit - AuthService: Successfully registered user ID 1
2026-07-29 09:08:08,691 [INFO] audit - AuthService: Successfully registered user ID 1
2026-07-29 09:08:08,691 [INFO] audit - AuthService: Successfully registered user ID 1
2026-07-29 09:08:08,691 [INFO] audit - AuthService: Successfully registered user ID 1
2026-07-29 09:08:08,691 [INFO] audit - AuthService: Successfully registered user ID 1
2026-07-29 09:08:08,691 [INFO] audit - AuthService: Successfully registered user ID 1
2026-07-29 09:08:08,691 [INFO] audit - AuthService: Successfully registered user ID 1
2026-07-29 09:08:08,691 [INFO] audit - AuthService: Successfully registered user ID 1
2026-07-29 09:08:08,695 [INFO] audit - AuthService: Login attempt for email 'viewer_test@example.com'
2026-07-29 09:08:08,695 [INFO] audit - AuthService: Login attempt for email 'viewer_test@example.com'
2026-07-29 09:08:08,695 [INFO] audit - AuthService: Login attempt for email 'viewer_test@example.com'
2026-07-29 09:08:08,695 [INFO] audit - AuthService: Login attempt for email 'viewer_test@example.com'
2026-07-29 09:08:08,695 [INFO] audit - AuthService: Login attempt for email 'viewer_test@example.com'
2026-07-29 09:08:08,695 [INFO] audit - AuthService: Login attempt for email 'viewer_test@example.com'
2026-07-29 09:08:08,695 [INFO] audit - AuthService: Login attempt for email 'viewer_test@example.com'
2026-07-29 09:08:08,695 [INFO] audit - AuthService: Login attempt for email 'viewer_test@example.com'
2026-07-29 09:08:08,695 [INFO] audit - AuthService: Login attempt for email 'viewer_test@example.com'
2026-07-29 09:08:08,695 [INFO] audit - AuthService: Login attempt for email 'viewer_test@example.com'
2026-07-29 09:08:08,695 [INFO] audit - AuthService: Login attempt for email 'viewer_test@example.com'
2026-07-29 09:08:09,019 [INFO] audit - AuthService: Successful login for email 'viewer_test@example.com'
2026-07-29 09:08:09,019 [INFO] audit - AuthService: Successful login for email 'viewer_test@example.com'
2026-07-29 09:08:09,019 [INFO] audit - AuthService: Successful login for email 'viewer_test@example.com'
2026-07-29 09:08:09,019 [INFO] audit - AuthService: Successful login for email 'viewer_test@example.com'
2026-07-29 09:08:09,019 [INFO] audit - AuthService: Successful login for email 'viewer_test@example.com'
2026-07-29 09:08:09,019 [INFO] audit - AuthService: Successful login for email 'viewer_test@example.com'
2026-07-29 09:08:09,019 [INFO] audit - AuthService: Successful login for email 'viewer_test@example.com'
2026-07-29 09:08:09,019 [INFO] audit - AuthService: Successful login for email 'viewer_test@example.com'
2026-07-29 09:08:09,019 [INFO] audit - AuthService: Successful login for email 'viewer_test@example.com'
2026-07-29 09:08:09,019 [INFO] audit - AuthService: Successful login for email 'viewer_test@example.com'
2026-07-29 09:08:09,019 [INFO] audit - AuthService: Successful login for email 'viewer_test@example.com'
2026-07-29 09:08:09,044 [INFO] audit - AuthService: Registering new user account: 'admin_dup@example.com'
2026-07-29 09:08:09,044 [INFO] audit - AuthService: Registering new user account: 'admin_dup@example.com'
2026-07-29 09:08:09,044 [INFO] audit - AuthService: Registering new user account: 'admin_dup@example.com'
2026-07-29 09:08:09,044 [INFO] audit - AuthService: Registering new user account: 'admin_dup@example.com'
2026-07-29 09:08:09,044 [INFO] audit - AuthService: Registering new user account: 'admin_dup@example.com'
2026-07-29 09:08:09,044 [INFO] audit - AuthService: Registering new user account: 'admin_dup@example.com'
2026-07-29 09:08:09,044 [INFO] audit - AuthService: Registering new user account: 'admin_dup@example.com'
2026-07-29 09:08:09,044 [INFO] audit - AuthService: Registering new user account: 'admin_dup@example.com'
2026-07-29 09:08:09,044 [INFO] audit - AuthService: Registering new user account: 'admin_dup@example.com'
2026-07-29 09:08:09,044 [INFO] audit - AuthService: Registering new user account: 'admin_dup@example.com'
2026-07-29 09:08:09,044 [INFO] audit - AuthService: Registering new user account: 'admin_dup@example.com'
2026-07-29 09:08:09,044 [INFO] audit - AuthService: Registering new user account: 'admin_dup@example.com'
2026-07-29 09:08:09,355 [INFO] audit - AuthService: Successfully registered user ID 1
2026-07-29 09:08:09,355 [INFO] audit - AuthService: Successfully registered user ID 1
2026-07-29 09:08:09,355 [INFO] audit - AuthService: Successfully registered user ID 1
2026-07-29 09:08:09,355 [INFO] audit - AuthService: Successfully registered user ID 1
2026-07-29 09:08:09,355 [INFO] audit - AuthService: Successfully registered user ID 1
2026-07-29 09:08:09,355 [INFO] audit - AuthService: Successfully registered user ID 1
2026-07-29 09:08:09,355 [INFO] audit - AuthService: Successfully registered user ID 1
2026-07-29 09:08:09,355 [INFO] audit - AuthService: Successfully registered user ID 1
2026-07-29 09:08:09,355 [INFO] audit - AuthService: Successfully registered user ID 1
2026-07-29 09:08:09,355 [INFO] audit - AuthService: Successfully registered user ID 1
2026-07-29 09:08:09,355 [INFO] audit - AuthService: Successfully registered user ID 1
2026-07-29 09:08:09,355 [INFO] audit - AuthService: Successfully registered user ID 1
2026-07-29 09:08:09,360 [INFO] audit - AuthService: Login attempt for email 'admin_dup@example.com'
2026-07-29 09:08:09,360 [INFO] audit - AuthService: Login attempt for email 'admin_dup@example.com'
2026-07-29 09:08:09,360 [INFO] audit - AuthService: Login attempt for email 'admin_dup@example.com'
2026-07-29 09:08:09,360 [INFO] audit - AuthService: Login attempt for email 'admin_dup@example.com'
2026-07-29 09:08:09,360 [INFO] audit - AuthService: Login attempt for email 'admin_dup@example.com'
2026-07-29 09:08:09,360 [INFO] audit - AuthService: Login attempt for email 'admin_dup@example.com'
2026-07-29 09:08:09,360 [INFO] audit - AuthService: Login attempt for email 'admin_dup@example.com'
2026-07-29 09:08:09,360 [INFO] audit - AuthService: Login attempt for email 'admin_dup@example.com'
2026-07-29 09:08:09,360 [INFO] audit - AuthService: Login attempt for email 'admin_dup@example.com'
2026-07-29 09:08:09,360 [INFO] audit - AuthService: Login attempt for email 'admin_dup@example.com'
2026-07-29 09:08:09,360 [INFO] audit - AuthService: Login attempt for email 'admin_dup@example.com'
2026-07-29 09:08:09,360 [INFO] audit - AuthService: Login attempt for email 'admin_dup@example.com'
2026-07-29 09:08:09,663 [INFO] audit - AuthService: Successful login for email 'admin_dup@example.com'
2026-07-29 09:08:09,663 [INFO] audit - AuthService: Successful login for email 'admin_dup@example.com'
2026-07-29 09:08:09,663 [INFO] audit - AuthService: Successful login for email 'admin_dup@example.com'
2026-07-29 09:08:09,663 [INFO] audit - AuthService: Successful login for email 'admin_dup@example.com'
2026-07-29 09:08:09,663 [INFO] audit - AuthService: Successful login for email 'admin_dup@example.com'
2026-07-29 09:08:09,663 [INFO] audit - AuthService: Successful login for email 'admin_dup@example.com'
2026-07-29 09:08:09,663 [INFO] audit - AuthService: Successful login for email 'admin_dup@example.com'
2026-07-29 09:08:09,663 [INFO] audit - AuthService: Successful login for email 'admin_dup@example.com'
2026-07-29 09:08:09,663 [INFO] audit - AuthService: Successful login for email 'admin_dup@example.com'
2026-07-29 09:08:09,663 [INFO] audit - AuthService: Successful login for email 'admin_dup@example.com'
2026-07-29 09:08:09,663 [INFO] audit - AuthService: Successful login for email 'admin_dup@example.com'
2026-07-29 09:08:09,663 [INFO] audit - AuthService: Successful login for email 'admin_dup@example.com'
2026-07-29 09:08:10,001 [INFO] audit - AuthService: Registering new user account: 'admin_val@example.com'
2026-07-29 09:08:10,001 [INFO] audit - AuthService: Registering new user account: 'admin_val@example.com'
2026-07-29 09:08:10,001 [INFO] audit - AuthService: Registering new user account: 'admin_val@example.com'
2026-07-29 09:08:10,001 [INFO] audit - AuthService: Registering new user account: 'admin_val@example.com'
2026-07-29 09:08:10,001 [INFO] audit - AuthService: Registering new user account: 'admin_val@example.com'
2026-07-29 09:08:10,001 [INFO] audit - AuthService: Registering new user account: 'admin_val@example.com'
2026-07-29 09:08:10,001 [INFO] audit - AuthService: Registering new user account: 'admin_val@example.com'
2026-07-29 09:08:10,001 [INFO] audit - AuthService: Registering new user account: 'admin_val@example.com'
2026-07-29 09:08:10,001 [INFO] audit - AuthService: Registering new user account: 'admin_val@example.com'
2026-07-29 09:08:10,001 [INFO] audit - AuthService: Registering new user account: 'admin_val@example.com'
2026-07-29 09:08:10,001 [INFO] audit - AuthService: Registering new user account: 'admin_val@example.com'
2026-07-29 09:08:10,001 [INFO] audit - AuthService: Registering new user account: 'admin_val@example.com'
2026-07-29 09:08:10,001 [INFO] audit - AuthService: Registering new user account: 'admin_val@example.com'
2026-07-29 09:08:10,323 [INFO] audit - AuthService: Successfully registered user ID 1
2026-07-29 09:08:10,323 [INFO] audit - AuthService: Successfully registered user ID 1
2026-07-29 09:08:10,323 [INFO] audit - AuthService: Successfully registered user ID 1
2026-07-29 09:08:10,323 [INFO] audit - AuthService: Successfully registered user ID 1
2026-07-29 09:08:10,323 [INFO] audit - AuthService: Successfully registered user ID 1
2026-07-29 09:08:10,323 [INFO] audit - AuthService: Successfully registered user ID 1
2026-07-29 09:08:10,323 [INFO] audit - AuthService: Successfully registered user ID 1
2026-07-29 09:08:10,323 [INFO] audit - AuthService: Successfully registered user ID 1
2026-07-29 09:08:10,323 [INFO] audit - AuthService: Successfully registered user ID 1
2026-07-29 09:08:10,323 [INFO] audit - AuthService: Successfully registered user ID 1
2026-07-29 09:08:10,323 [INFO] audit - AuthService: Successfully registered user ID 1
2026-07-29 09:08:10,323 [INFO] audit - AuthService: Successfully registered user ID 1
2026-07-29 09:08:10,323 [INFO] audit - AuthService: Successfully registered user ID 1
2026-07-29 09:08:10,328 [INFO] audit - AuthService: Login attempt for email 'admin_val@example.com'
2026-07-29 09:08:10,328 [INFO] audit - AuthService: Login attempt for email 'admin_val@example.com'
2026-07-29 09:08:10,328 [INFO] audit - AuthService: Login attempt for email 'admin_val@example.com'
2026-07-29 09:08:10,328 [INFO] audit - AuthService: Login attempt for email 'admin_val@example.com'
2026-07-29 09:08:10,328 [INFO] audit - AuthService: Login attempt for email 'admin_val@example.com'
2026-07-29 09:08:10,328 [INFO] audit - AuthService: Login attempt for email 'admin_val@example.com'
2026-07-29 09:08:10,328 [INFO] audit - AuthService: Login attempt for email 'admin_val@example.com'
2026-07-29 09:08:10,328 [INFO] audit - AuthService: Login attempt for email 'admin_val@example.com'
2026-07-29 09:08:10,328 [INFO] audit - AuthService: Login attempt for email 'admin_val@example.com'
2026-07-29 09:08:10,328 [INFO] audit - AuthService: Login attempt for email 'admin_val@example.com'
2026-07-29 09:08:10,328 [INFO] audit - AuthService: Login attempt for email 'admin_val@example.com'
2026-07-29 09:08:10,328 [INFO] audit - AuthService: Login attempt for email 'admin_val@example.com'
2026-07-29 09:08:10,328 [INFO] audit - AuthService: Login attempt for email 'admin_val@example.com'
2026-07-29 09:08:10,680 [INFO] audit - AuthService: Successful login for email 'admin_val@example.com'
2026-07-29 09:08:10,680 [INFO] audit - AuthService: Successful login for email 'admin_val@example.com'
2026-07-29 09:08:10,680 [INFO] audit - AuthService: Successful login for email 'admin_val@example.com'
2026-07-29 09:08:10,680 [INFO] audit - AuthService: Successful login for email 'admin_val@example.com'
2026-07-29 09:08:10,680 [INFO] audit - AuthService: Successful login for email 'admin_val@example.com'
2026-07-29 09:08:10,680 [INFO] audit - AuthService: Successful login for email 'admin_val@example.com'
2026-07-29 09:08:10,680 [INFO] audit - AuthService: Successful login for email 'admin_val@example.com'
2026-07-29 09:08:10,680 [INFO] audit - AuthService: Successful login for email 'admin_val@example.com'
2026-07-29 09:08:10,680 [INFO] audit - AuthService: Successful login for email 'admin_val@example.com'
2026-07-29 09:08:10,680 [INFO] audit - AuthService: Successful login for email 'admin_val@example.com'
2026-07-29 09:08:10,680 [INFO] audit - AuthService: Successful login for email 'admin_val@example.com'
2026-07-29 09:08:10,680 [INFO] audit - AuthService: Successful login for email 'admin_val@example.com'
2026-07-29 09:08:10,680 [INFO] audit - AuthService: Successful login for email 'admin_val@example.com'
2026-07-29 09:09:09,995 [INFO] audit - AuthService: Registering new user account: 'sre@example.com'
2026-07-29 09:09:10,246 [INFO] audit - AuthService: Successfully registered user ID 1
2026-07-29 09:09:10,405 [INFO] audit - AuthService: Registering new user account: 'admin@example.com'
2026-07-29 09:09:10,405 [INFO] audit - AuthService: Registering new user account: 'admin@example.com'
2026-07-29 09:09:10,405 [INFO] audit - AuthService: Registering new user account: 'admin@example.com'
2026-07-29 09:09:10,405 [INFO] audit - AuthService: Registering new user account: 'admin@example.com'
2026-07-29 09:09:10,627 [INFO] audit - AuthService: Successfully registered user ID 1
2026-07-29 09:09:10,627 [INFO] audit - AuthService: Successfully registered user ID 1
2026-07-29 09:09:10,627 [INFO] audit - AuthService: Successfully registered user ID 1
2026-07-29 09:09:10,627 [INFO] audit - AuthService: Successfully registered user ID 1
2026-07-29 09:09:10,630 [INFO] audit - AuthService: Registering new user account: 'admin@example.com'
2026-07-29 09:09:10,630 [INFO] audit - AuthService: Registering new user account: 'admin@example.com'
2026-07-29 09:09:10,630 [INFO] audit - AuthService: Registering new user account: 'admin@example.com'
2026-07-29 09:09:10,630 [INFO] audit - AuthService: Registering new user account: 'admin@example.com'
2026-07-29 09:09:10,631 [WARNING] audit - AuthService: Registration failed. Email 'admin@example.com' is already taken.
2026-07-29 09:09:10,631 [WARNING] audit - AuthService: Registration failed. Email 'admin@example.com' is already taken.
2026-07-29 09:09:10,631 [WARNING] audit - AuthService: Registration failed. Email 'admin@example.com' is already taken.
2026-07-29 09:09:10,631 [WARNING] audit - AuthService: Registration failed. Email 'admin@example.com' is already taken.
2026-07-29 09:09:10,644 [INFO] audit - AuthService: Registering new user account: 'login@example.com'
2026-07-29 09:09:10,644 [INFO] audit - AuthService: Registering new user account: 'login@example.com'
2026-07-29 09:09:10,644 [INFO] audit - AuthService: Registering new user account: 'login@example.com'
2026-07-29 09:09:10,644 [INFO] audit - AuthService: Registering new user account: 'login@example.com'
2026-07-29 09:09:10,644 [INFO] audit - AuthService: Registering new user account: 'login@example.com'
2026-07-29 09:09:10,868 [INFO] audit - AuthService: Successfully registered user ID 1
2026-07-29 09:09:10,868 [INFO] audit - AuthService: Successfully registered user ID 1
2026-07-29 09:09:10,868 [INFO] audit - AuthService: Successfully registered user ID 1
2026-07-29 09:09:10,868 [INFO] audit - AuthService: Successfully registered user ID 1
2026-07-29 09:09:10,868 [INFO] audit - AuthService: Successfully registered user ID 1
2026-07-29 09:09:10,872 [INFO] audit - AuthService: Login attempt for email 'login@example.com'
2026-07-29 09:09:10,872 [INFO] audit - AuthService: Login attempt for email 'login@example.com'
2026-07-29 09:09:10,872 [INFO] audit - AuthService: Login attempt for email 'login@example.com'
2026-07-29 09:09:10,872 [INFO] audit - AuthService: Login attempt for email 'login@example.com'
2026-07-29 09:09:10,872 [INFO] audit - AuthService: Login attempt for email 'login@example.com'
2026-07-29 09:09:11,092 [INFO] audit - AuthService: Successful login for email 'login@example.com'
2026-07-29 09:09:11,092 [INFO] audit - AuthService: Successful login for email 'login@example.com'
2026-07-29 09:09:11,092 [INFO] audit - AuthService: Successful login for email 'login@example.com'
2026-07-29 09:09:11,092 [INFO] audit - AuthService: Successful login for email 'login@example.com'
2026-07-29 09:09:11,092 [INFO] audit - AuthService: Successful login for email 'login@example.com'
2026-07-29 09:09:11,104 [INFO] audit - AuthService: Login attempt for email 'unknown@example.com'
2026-07-29 09:09:11,104 [INFO] audit - AuthService: Login attempt for email 'unknown@example.com'
2026-07-29 09:09:11,104 [INFO] audit - AuthService: Login attempt for email 'unknown@example.com'
2026-07-29 09:09:11,104 [INFO] audit - AuthService: Login attempt for email 'unknown@example.com'
2026-07-29 09:09:11,104 [INFO] audit - AuthService: Login attempt for email 'unknown@example.com'
2026-07-29 09:09:11,104 [INFO] audit - AuthService: Login attempt for email 'unknown@example.com'
2026-07-29 09:09:11,104 [WARNING] audit - AuthService: Failed login attempt for email 'unknown@example.com'
2026-07-29 09:09:11,104 [WARNING] audit - AuthService: Failed login attempt for email 'unknown@example.com'
2026-07-29 09:09:11,104 [WARNING] audit - AuthService: Failed login attempt for email 'unknown@example.com'
2026-07-29 09:09:11,104 [WARNING] audit - AuthService: Failed login attempt for email 'unknown@example.com'
2026-07-29 09:09:11,104 [WARNING] audit - AuthService: Failed login attempt for email 'unknown@example.com'
2026-07-29 09:09:11,104 [WARNING] audit - AuthService: Failed login attempt for email 'unknown@example.com'
2026-07-29 09:09:11,128 [INFO] audit - AuthService: Registering new user account: 'dashboard_operator@example.com'
2026-07-29 09:09:11,128 [INFO] audit - AuthService: Registering new user account: 'dashboard_operator@example.com'
2026-07-29 09:09:11,128 [INFO] audit - AuthService: Registering new user account: 'dashboard_operator@example.com'
2026-07-29 09:09:11,128 [INFO] audit - AuthService: Registering new user account: 'dashboard_operator@example.com'
2026-07-29 09:09:11,128 [INFO] audit - AuthService: Registering new user account: 'dashboard_operator@example.com'
2026-07-29 09:09:11,128 [INFO] audit - AuthService: Registering new user account: 'dashboard_operator@example.com'
2026-07-29 09:09:11,128 [INFO] audit - AuthService: Registering new user account: 'dashboard_operator@example.com'
2026-07-29 09:09:11,128 [INFO] audit - AuthService: Registering new user account: 'dashboard_operator@example.com'
2026-07-29 09:09:11,347 [INFO] audit - AuthService: Successfully registered user ID 1
2026-07-29 09:09:11,347 [INFO] audit - AuthService: Successfully registered user ID 1
2026-07-29 09:09:11,347 [INFO] audit - AuthService: Successfully registered user ID 1
2026-07-29 09:09:11,347 [INFO] audit - AuthService: Successfully registered user ID 1
2026-07-29 09:09:11,347 [INFO] audit - AuthService: Successfully registered user ID 1
2026-07-29 09:09:11,347 [INFO] audit - AuthService: Successfully registered user ID 1
2026-07-29 09:09:11,347 [INFO] audit - AuthService: Successfully registered user ID 1
2026-07-29 09:09:11,347 [INFO] audit - AuthService: Successfully registered user ID 1
2026-07-29 09:09:11,351 [INFO] audit - AuthService: Login attempt for email 'dashboard_operator@example.com'
2026-07-29 09:09:11,351 [INFO] audit - AuthService: Login attempt for email 'dashboard_operator@example.com'
2026-07-29 09:09:11,351 [INFO] audit - AuthService: Login attempt for email 'dashboard_operator@example.com'
2026-07-29 09:09:11,351 [INFO] audit - AuthService: Login attempt for email 'dashboard_operator@example.com'
2026-07-29 09:09:11,351 [INFO] audit - AuthService: Login attempt for email 'dashboard_operator@example.com'
2026-07-29 09:09:11,351 [INFO] audit - AuthService: Login attempt for email 'dashboard_operator@example.com'
2026-07-29 09:09:11,351 [INFO] audit - AuthService: Login attempt for email 'dashboard_operator@example.com'
2026-07-29 09:09:11,351 [INFO] audit - AuthService: Login attempt for email 'dashboard_operator@example.com'
2026-07-29 09:09:11,564 [INFO] audit - AuthService: Successful login for email 'dashboard_operator@example.com'
2026-07-29 09:09:11,564 [INFO] audit - AuthService: Successful login for email 'dashboard_operator@example.com'
2026-07-29 09:09:11,564 [INFO] audit - AuthService: Successful login for email 'dashboard_operator@example.com'
2026-07-29 09:09:11,564 [INFO] audit - AuthService: Successful login for email 'dashboard_operator@example.com'
2026-07-29 09:09:11,564 [INFO] audit - AuthService: Successful login for email 'dashboard_operator@example.com'
2026-07-29 09:09:11,564 [INFO] audit - AuthService: Successful login for email 'dashboard_operator@example.com'
2026-07-29 09:09:11,564 [INFO] audit - AuthService: Successful login for email 'dashboard_operator@example.com'
2026-07-29 09:09:11,564 [INFO] audit - AuthService: Successful login for email 'dashboard_operator@example.com'
2026-07-29 09:09:11,601 [INFO] audit - AuthService: Registering new user account: 'metrics_admin@example.com'
2026-07-29 09:09:11,601 [INFO] audit - AuthService: Registering new user account: 'metrics_admin@example.com'
2026-07-29 09:09:11,601 [INFO] audit - AuthService: Registering new user account: 'metrics_admin@example.com'
2026-07-29 09:09:11,601 [INFO] audit - AuthService: Registering new user account: 'metrics_admin@example.com'
2026-07-29 09:09:11,601 [INFO] audit - AuthService: Registering new user account: 'metrics_admin@example.com'
2026-07-29 09:09:11,601 [INFO] audit - AuthService: Registering new user account: 'metrics_admin@example.com'
2026-07-29 09:09:11,601 [INFO] audit - AuthService: Registering new user account: 'metrics_admin@example.com'
2026-07-29 09:09:11,601 [INFO] audit - AuthService: Registering new user account: 'metrics_admin@example.com'
2026-07-29 09:09:11,601 [INFO] audit - AuthService: Registering new user account: 'metrics_admin@example.com'
2026-07-29 09:09:11,813 [INFO] audit - AuthService: Successfully registered user ID 1
2026-07-29 09:09:11,813 [INFO] audit - AuthService: Successfully registered user ID 1
2026-07-29 09:09:11,813 [INFO] audit - AuthService: Successfully registered user ID 1
2026-07-29 09:09:11,813 [INFO] audit - AuthService: Successfully registered user ID 1
2026-07-29 09:09:11,813 [INFO] audit - AuthService: Successfully registered user ID 1
2026-07-29 09:09:11,813 [INFO] audit - AuthService: Successfully registered user ID 1
2026-07-29 09:09:11,813 [INFO] audit - AuthService: Successfully registered user ID 1
2026-07-29 09:09:11,813 [INFO] audit - AuthService: Successfully registered user ID 1
2026-07-29 09:09:11,813 [INFO] audit - AuthService: Successfully registered user ID 1
2026-07-29 09:09:11,815 [INFO] audit - AuthService: Login attempt for email 'metrics_admin@example.com'
2026-07-29 09:09:11,815 [INFO] audit - AuthService: Login attempt for email 'metrics_admin@example.com'
2026-07-29 09:09:11,815 [INFO] audit - AuthService: Login attempt for email 'metrics_admin@example.com'
2026-07-29 09:09:11,815 [INFO] audit - AuthService: Login attempt for email 'metrics_admin@example.com'
2026-07-29 09:09:11,815 [INFO] audit - AuthService: Login attempt for email 'metrics_admin@example.com'
2026-07-29 09:09:11,815 [INFO] audit - AuthService: Login attempt for email 'metrics_admin@example.com'
2026-07-29 09:09:11,815 [INFO] audit - AuthService: Login attempt for email 'metrics_admin@example.com'
2026-07-29 09:09:11,815 [INFO] audit - AuthService: Login attempt for email 'metrics_admin@example.com'
2026-07-29 09:09:11,815 [INFO] audit - AuthService: Login attempt for email 'metrics_admin@example.com'
2026-07-29 09:09:12,054 [INFO] audit - AuthService: Successful login for email 'metrics_admin@example.com'
2026-07-29 09:09:12,054 [INFO] audit - AuthService: Successful login for email 'metrics_admin@example.com'
2026-07-29 09:09:12,054 [INFO] audit - AuthService: Successful login for email 'metrics_admin@example.com'
2026-07-29 09:09:12,054 [INFO] audit - AuthService: Successful login for email 'metrics_admin@example.com'
2026-07-29 09:09:12,054 [INFO] audit - AuthService: Successful login for email 'metrics_admin@example.com'
2026-07-29 09:09:12,054 [INFO] audit - AuthService: Successful login for email 'metrics_admin@example.com'
2026-07-29 09:09:12,054 [INFO] audit - AuthService: Successful login for email 'metrics_admin@example.com'
2026-07-29 09:09:12,054 [INFO] audit - AuthService: Successful login for email 'metrics_admin@example.com'
2026-07-29 09:09:12,054 [INFO] audit - AuthService: Successful login for email 'metrics_admin@example.com'
2026-07-29 09:09:12,171 [INFO] audit - AuthService: Registering new user account: 'admin_crud@example.com'
2026-07-29 09:09:12,171 [INFO] audit - AuthService: Registering new user account: 'admin_crud@example.com'
2026-07-29 09:09:12,171 [INFO] audit - AuthService: Registering new user account: 'admin_crud@example.com'
2026-07-29 09:09:12,171 [INFO] audit - AuthService: Registering new user account: 'admin_crud@example.com'
2026-07-29 09:09:12,171 [INFO] audit - AuthService: Registering new user account: 'admin_crud@example.com'
2026-07-29 09:09:12,171 [INFO] audit - AuthService: Registering new user account: 'admin_crud@example.com'
2026-07-29 09:09:12,171 [INFO] audit - AuthService: Registering new user account: 'admin_crud@example.com'
2026-07-29 09:09:12,171 [INFO] audit - AuthService: Registering new user account: 'admin_crud@example.com'
2026-07-29 09:09:12,171 [INFO] audit - AuthService: Registering new user account: 'admin_crud@example.com'
2026-07-29 09:09:12,171 [INFO] audit - AuthService: Registering new user account: 'admin_crud@example.com'
2026-07-29 09:09:12,397 [INFO] audit - AuthService: Successfully registered user ID 1
2026-07-29 09:09:12,397 [INFO] audit - AuthService: Successfully registered user ID 1
2026-07-29 09:09:12,397 [INFO] audit - AuthService: Successfully registered user ID 1
2026-07-29 09:09:12,397 [INFO] audit - AuthService: Successfully registered user ID 1
2026-07-29 09:09:12,397 [INFO] audit - AuthService: Successfully registered user ID 1
2026-07-29 09:09:12,397 [INFO] audit - AuthService: Successfully registered user ID 1
2026-07-29 09:09:12,397 [INFO] audit - AuthService: Successfully registered user ID 1
2026-07-29 09:09:12,397 [INFO] audit - AuthService: Successfully registered user ID 1
2026-07-29 09:09:12,397 [INFO] audit - AuthService: Successfully registered user ID 1
2026-07-29 09:09:12,397 [INFO] audit - AuthService: Successfully registered user ID 1
2026-07-29 09:09:12,400 [INFO] audit - AuthService: Login attempt for email 'admin_crud@example.com'
2026-07-29 09:09:12,400 [INFO] audit - AuthService: Login attempt for email 'admin_crud@example.com'
2026-07-29 09:09:12,400 [INFO] audit - AuthService: Login attempt for email 'admin_crud@example.com'
2026-07-29 09:09:12,400 [INFO] audit - AuthService: Login attempt for email 'admin_crud@example.com'
2026-07-29 09:09:12,400 [INFO] audit - AuthService: Login attempt for email 'admin_crud@example.com'
2026-07-29 09:09:12,400 [INFO] audit - AuthService: Login attempt for email 'admin_crud@example.com'
2026-07-29 09:09:12,400 [INFO] audit - AuthService: Login attempt for email 'admin_crud@example.com'
2026-07-29 09:09:12,400 [INFO] audit - AuthService: Login attempt for email 'admin_crud@example.com'
2026-07-29 09:09:12,400 [INFO] audit - AuthService: Login attempt for email 'admin_crud@example.com'
2026-07-29 09:09:12,400 [INFO] audit - AuthService: Login attempt for email 'admin_crud@example.com'
2026-07-29 09:09:12,611 [INFO] audit - AuthService: Successful login for email 'admin_crud@example.com'
2026-07-29 09:09:12,611 [INFO] audit - AuthService: Successful login for email 'admin_crud@example.com'
2026-07-29 09:09:12,611 [INFO] audit - AuthService: Successful login for email 'admin_crud@example.com'
2026-07-29 09:09:12,611 [INFO] audit - AuthService: Successful login for email 'admin_crud@example.com'
2026-07-29 09:09:12,611 [INFO] audit - AuthService: Successful login for email 'admin_crud@example.com'
2026-07-29 09:09:12,611 [INFO] audit - AuthService: Successful login for email 'admin_crud@example.com'
2026-07-29 09:09:12,611 [INFO] audit - AuthService: Successful login for email 'admin_crud@example.com'
2026-07-29 09:09:12,611 [INFO] audit - AuthService: Successful login for email 'admin_crud@example.com'
2026-07-29 09:09:12,611 [INFO] audit - AuthService: Successful login for email 'admin_crud@example.com'
2026-07-29 09:09:12,611 [INFO] audit - AuthService: Successful login for email 'admin_crud@example.com'
2026-07-29 09:09:12,658 [INFO] audit - AuthService: Registering new user account: 'viewer_test@example.com'
2026-07-29 09:09:12,658 [INFO] audit - AuthService: Registering new user account: 'viewer_test@example.com'
2026-07-29 09:09:12,658 [INFO] audit - AuthService: Registering new user account: 'viewer_test@example.com'
2026-07-29 09:09:12,658 [INFO] audit - AuthService: Registering new user account: 'viewer_test@example.com'
2026-07-29 09:09:12,658 [INFO] audit - AuthService: Registering new user account: 'viewer_test@example.com'
2026-07-29 09:09:12,658 [INFO] audit - AuthService: Registering new user account: 'viewer_test@example.com'
2026-07-29 09:09:12,658 [INFO] audit - AuthService: Registering new user account: 'viewer_test@example.com'
2026-07-29 09:09:12,658 [INFO] audit - AuthService: Registering new user account: 'viewer_test@example.com'
2026-07-29 09:09:12,658 [INFO] audit - AuthService: Registering new user account: 'viewer_test@example.com'
2026-07-29 09:09:12,658 [INFO] audit - AuthService: Registering new user account: 'viewer_test@example.com'
2026-07-29 09:09:12,658 [INFO] audit - AuthService: Registering new user account: 'viewer_test@example.com'
2026-07-29 09:09:12,882 [INFO] audit - AuthService: Successfully registered user ID 1
2026-07-29 09:09:12,882 [INFO] audit - AuthService: Successfully registered user ID 1
2026-07-29 09:09:12,882 [INFO] audit - AuthService: Successfully registered user ID 1
2026-07-29 09:09:12,882 [INFO] audit - AuthService: Successfully registered user ID 1
2026-07-29 09:09:12,882 [INFO] audit - AuthService: Successfully registered user ID 1
2026-07-29 09:09:12,882 [INFO] audit - AuthService: Successfully registered user ID 1
2026-07-29 09:09:12,882 [INFO] audit - AuthService: Successfully registered user ID 1
2026-07-29 09:09:12,882 [INFO] audit - AuthService: Successfully registered user ID 1
2026-07-29 09:09:12,882 [INFO] audit - AuthService: Successfully registered user ID 1
2026-07-29 09:09:12,882 [INFO] audit - AuthService: Successfully registered user ID 1
2026-07-29 09:09:12,882 [INFO] audit - AuthService: Successfully registered user ID 1
2026-07-29 09:09:12,885 [INFO] audit - AuthService: Login attempt for email 'viewer_test@example.com'
2026-07-29 09:09:12,885 [INFO] audit - AuthService: Login attempt for email 'viewer_test@example.com'
2026-07-29 09:09:12,885 [INFO] audit - AuthService: Login attempt for email 'viewer_test@example.com'
2026-07-29 09:09:12,885 [INFO] audit - AuthService: Login attempt for email 'viewer_test@example.com'
2026-07-29 09:09:12,885 [INFO] audit - AuthService: Login attempt for email 'viewer_test@example.com'
2026-07-29 09:09:12,885 [INFO] audit - AuthService: Login attempt for email 'viewer_test@example.com'
2026-07-29 09:09:12,885 [INFO] audit - AuthService: Login attempt for email 'viewer_test@example.com'
2026-07-29 09:09:12,885 [INFO] audit - AuthService: Login attempt for email 'viewer_test@example.com'
2026-07-29 09:09:12,885 [INFO] audit - AuthService: Login attempt for email 'viewer_test@example.com'
2026-07-29 09:09:12,885 [INFO] audit - AuthService: Login attempt for email 'viewer_test@example.com'
2026-07-29 09:09:12,885 [INFO] audit - AuthService: Login attempt for email 'viewer_test@example.com'
2026-07-29 09:09:13,103 [INFO] audit - AuthService: Successful login for email 'viewer_test@example.com'
2026-07-29 09:09:13,103 [INFO] audit - AuthService: Successful login for email 'viewer_test@example.com'
2026-07-29 09:09:13,103 [INFO] audit - AuthService: Successful login for email 'viewer_test@example.com'
2026-07-29 09:09:13,103 [INFO] audit - AuthService: Successful login for email 'viewer_test@example.com'
2026-07-29 09:09:13,103 [INFO] audit - AuthService: Successful login for email 'viewer_test@example.com'
2026-07-29 09:09:13,103 [INFO] audit - AuthService: Successful login for email 'viewer_test@example.com'
2026-07-29 09:09:13,103 [INFO] audit - AuthService: Successful login for email 'viewer_test@example.com'
2026-07-29 09:09:13,103 [INFO] audit - AuthService: Successful login for email 'viewer_test@example.com'
2026-07-29 09:09:13,103 [INFO] audit - AuthService: Successful login for email 'viewer_test@example.com'
2026-07-29 09:09:13,103 [INFO] audit - AuthService: Successful login for email 'viewer_test@example.com'
2026-07-29 09:09:13,103 [INFO] audit - AuthService: Successful login for email 'viewer_test@example.com'
2026-07-29 09:09:13,121 [INFO] audit - AuthService: Registering new user account: 'admin_dup@example.com'
2026-07-29 09:09:13,121 [INFO] audit - AuthService: Registering new user account: 'admin_dup@example.com'
2026-07-29 09:09:13,121 [INFO] audit - AuthService: Registering new user account: 'admin_dup@example.com'
2026-07-29 09:09:13,121 [INFO] audit - AuthService: Registering new user account: 'admin_dup@example.com'
2026-07-29 09:09:13,121 [INFO] audit - AuthService: Registering new user account: 'admin_dup@example.com'
2026-07-29 09:09:13,121 [INFO] audit - AuthService: Registering new user account: 'admin_dup@example.com'
2026-07-29 09:09:13,121 [INFO] audit - AuthService: Registering new user account: 'admin_dup@example.com'
2026-07-29 09:09:13,121 [INFO] audit - AuthService: Registering new user account: 'admin_dup@example.com'
2026-07-29 09:09:13,121 [INFO] audit - AuthService: Registering new user account: 'admin_dup@example.com'
2026-07-29 09:09:13,121 [INFO] audit - AuthService: Registering new user account: 'admin_dup@example.com'
2026-07-29 09:09:13,121 [INFO] audit - AuthService: Registering new user account: 'admin_dup@example.com'
2026-07-29 09:09:13,121 [INFO] audit - AuthService: Registering new user account: 'admin_dup@example.com'
2026-07-29 09:09:13,340 [INFO] audit - AuthService: Successfully registered user ID 1
2026-07-29 09:09:13,340 [INFO] audit - AuthService: Successfully registered user ID 1
2026-07-29 09:09:13,340 [INFO] audit - AuthService: Successfully registered user ID 1
2026-07-29 09:09:13,340 [INFO] audit - AuthService: Successfully registered user ID 1
2026-07-29 09:09:13,340 [INFO] audit - AuthService: Successfully registered user ID 1
2026-07-29 09:09:13,340 [INFO] audit - AuthService: Successfully registered user ID 1
2026-07-29 09:09:13,340 [INFO] audit - AuthService: Successfully registered user ID 1
2026-07-29 09:09:13,340 [INFO] audit - AuthService: Successfully registered user ID 1
2026-07-29 09:09:13,340 [INFO] audit - AuthService: Successfully registered user ID 1
2026-07-29 09:09:13,340 [INFO] audit - AuthService: Successfully registered user ID 1
2026-07-29 09:09:13,340 [INFO] audit - AuthService: Successfully registered user ID 1
2026-07-29 09:09:13,340 [INFO] audit - AuthService: Successfully registered user ID 1
2026-07-29 09:09:13,343 [INFO] audit - AuthService: Login attempt for email 'admin_dup@example.com'
2026-07-29 09:09:13,343 [INFO] audit - AuthService: Login attempt for email 'admin_dup@example.com'
2026-07-29 09:09:13,343 [INFO] audit - AuthService: Login attempt for email 'admin_dup@example.com'
2026-07-29 09:09:13,343 [INFO] audit - AuthService: Login attempt for email 'admin_dup@example.com'
2026-07-29 09:09:13,343 [INFO] audit - AuthService: Login attempt for email 'admin_dup@example.com'
2026-07-29 09:09:13,343 [INFO] audit - AuthService: Login attempt for email 'admin_dup@example.com'
2026-07-29 09:09:13,343 [INFO] audit - AuthService: Login attempt for email 'admin_dup@example.com'
2026-07-29 09:09:13,343 [INFO] audit - AuthService: Login attempt for email 'admin_dup@example.com'
2026-07-29 09:09:13,343 [INFO] audit - AuthService: Login attempt for email 'admin_dup@example.com'
2026-07-29 09:09:13,343 [INFO] audit - AuthService: Login attempt for email 'admin_dup@example.com'
2026-07-29 09:09:13,343 [INFO] audit - AuthService: Login attempt for email 'admin_dup@example.com'
2026-07-29 09:09:13,343 [INFO] audit - AuthService: Login attempt for email 'admin_dup@example.com'
2026-07-29 09:09:13,559 [INFO] audit - AuthService: Successful login for email 'admin_dup@example.com'
2026-07-29 09:09:13,559 [INFO] audit - AuthService: Successful login for email 'admin_dup@example.com'
2026-07-29 09:09:13,559 [INFO] audit - AuthService: Successful login for email 'admin_dup@example.com'
2026-07-29 09:09:13,559 [INFO] audit - AuthService: Successful login for email 'admin_dup@example.com'
2026-07-29 09:09:13,559 [INFO] audit - AuthService: Successful login for email 'admin_dup@example.com'
2026-07-29 09:09:13,559 [INFO] audit - AuthService: Successful login for email 'admin_dup@example.com'
2026-07-29 09:09:13,559 [INFO] audit - AuthService: Successful login for email 'admin_dup@example.com'
2026-07-29 09:09:13,559 [INFO] audit - AuthService: Successful login for email 'admin_dup@example.com'
2026-07-29 09:09:13,559 [INFO] audit - AuthService: Successful login for email 'admin_dup@example.com'
2026-07-29 09:09:13,559 [INFO] audit - AuthService: Successful login for email 'admin_dup@example.com'
2026-07-29 09:09:13,559 [INFO] audit - AuthService: Successful login for email 'admin_dup@example.com'
2026-07-29 09:09:13,559 [INFO] audit - AuthService: Successful login for email 'admin_dup@example.com'
2026-07-29 09:09:13,584 [INFO] audit - AuthService: Registering new user account: 'admin_val@example.com'
2026-07-29 09:09:13,584 [INFO] audit - AuthService: Registering new user account: 'admin_val@example.com'
2026-07-29 09:09:13,584 [INFO] audit - AuthService: Registering new user account: 'admin_val@example.com'
2026-07-29 09:09:13,584 [INFO] audit - AuthService: Registering new user account: 'admin_val@example.com'
2026-07-29 09:09:13,584 [INFO] audit - AuthService: Registering new user account: 'admin_val@example.com'
2026-07-29 09:09:13,584 [INFO] audit - AuthService: Registering new user account: 'admin_val@example.com'
2026-07-29 09:09:13,584 [INFO] audit - AuthService: Registering new user account: 'admin_val@example.com'
2026-07-29 09:09:13,584 [INFO] audit - AuthService: Registering new user account: 'admin_val@example.com'
2026-07-29 09:09:13,584 [INFO] audit - AuthService: Registering new user account: 'admin_val@example.com'
2026-07-29 09:09:13,584 [INFO] audit - AuthService: Registering new user account: 'admin_val@example.com'
2026-07-29 09:09:13,584 [INFO] audit - AuthService: Registering new user account: 'admin_val@example.com'
2026-07-29 09:09:13,584 [INFO] audit - AuthService: Registering new user account: 'admin_val@example.com'
2026-07-29 09:09:13,584 [INFO] audit - AuthService: Registering new user account: 'admin_val@example.com'
2026-07-29 09:09:13,799 [INFO] audit - AuthService: Successfully registered user ID 1
2026-07-29 09:09:13,799 [INFO] audit - AuthService: Successfully registered user ID 1
2026-07-29 09:09:13,799 [INFO] audit - AuthService: Successfully registered user ID 1
2026-07-29 09:09:13,799 [INFO] audit - AuthService: Successfully registered user ID 1
2026-07-29 09:09:13,799 [INFO] audit - AuthService: Successfully registered user ID 1
2026-07-29 09:09:13,799 [INFO] audit - AuthService: Successfully registered user ID 1
2026-07-29 09:09:13,799 [INFO] audit - AuthService: Successfully registered user ID 1
2026-07-29 09:09:13,799 [INFO] audit - AuthService: Successfully registered user ID 1
2026-07-29 09:09:13,799 [INFO] audit - AuthService: Successfully registered user ID 1
2026-07-29 09:09:13,799 [INFO] audit - AuthService: Successfully registered user ID 1
2026-07-29 09:09:13,799 [INFO] audit - AuthService: Successfully registered user ID 1
2026-07-29 09:09:13,799 [INFO] audit - AuthService: Successfully registered user ID 1
2026-07-29 09:09:13,799 [INFO] audit - AuthService: Successfully registered user ID 1
2026-07-29 09:09:13,803 [INFO] audit - AuthService: Login attempt for email 'admin_val@example.com'
2026-07-29 09:09:13,803 [INFO] audit - AuthService: Login attempt for email 'admin_val@example.com'
2026-07-29 09:09:13,803 [INFO] audit - AuthService: Login attempt for email 'admin_val@example.com'
2026-07-29 09:09:13,803 [INFO] audit - AuthService: Login attempt for email 'admin_val@example.com'
2026-07-29 09:09:13,803 [INFO] audit - AuthService: Login attempt for email 'admin_val@example.com'
2026-07-29 09:09:13,803 [INFO] audit - AuthService: Login attempt for email 'admin_val@example.com'
2026-07-29 09:09:13,803 [INFO] audit - AuthService: Login attempt for email 'admin_val@example.com'
2026-07-29 09:09:13,803 [INFO] audit - AuthService: Login attempt for email 'admin_val@example.com'
2026-07-29 09:09:13,803 [INFO] audit - AuthService: Login attempt for email 'admin_val@example.com'
2026-07-29 09:09:13,803 [INFO] audit - AuthService: Login attempt for email 'admin_val@example.com'
2026-07-29 09:09:13,803 [INFO] audit - AuthService: Login attempt for email 'admin_val@example.com'
2026-07-29 09:09:13,803 [INFO] audit - AuthService: Login attempt for email 'admin_val@example.com'
2026-07-29 09:09:13,803 [INFO] audit - AuthService: Login attempt for email 'admin_val@example.com'
2026-07-29 09:09:14,016 [INFO] audit - AuthService: Successful login for email 'admin_val@example.com'
2026-07-29 09:09:14,016 [INFO] audit - AuthService: Successful login for email 'admin_val@example.com'
2026-07-29 09:09:14,016 [INFO] audit - AuthService: Successful login for email 'admin_val@example.com'
2026-07-29 09:09:14,016 [INFO] audit - AuthService: Successful login for email 'admin_val@example.com'
2026-07-29 09:09:14,016 [INFO] audit - AuthService: Successful login for email 'admin_val@example.com'
2026-07-29 09:09:14,016 [INFO] audit - AuthService: Successful login for email 'admin_val@example.com'
2026-07-29 09:09:14,016 [INFO] audit - AuthService: Successful login for email 'admin_val@example.com'
2026-07-29 09:09:14,016 [INFO] audit - AuthService: Successful login for email 'admin_val@example.com'
2026-07-29 09:09:14,016 [INFO] audit - AuthService: Successful login for email 'admin_val@example.com'
2026-07-29 09:09:14,016 [INFO] audit - AuthService: Successful login for email 'admin_val@example.com'
2026-07-29 09:09:14,016 [INFO] audit - AuthService: Successful login for email 'admin_val@example.com'
2026-07-29 09:09:14,016 [INFO] audit - AuthService: Successful login for email 'admin_val@example.com'
2026-07-29 09:09:14,016 [INFO] audit - AuthService: Successful login for email 'admin_val@example.com'
2026-07-29 09:09:27,678 [INFO] audit - AuthService: Registering new user account: 'sre@example.com'
2026-07-29 09:09:28,033 [INFO] audit - AuthService: Successfully registered user ID 1
2026-07-29 09:09:28,083 [INFO] audit - AuthService: Registering new user account: 'admin@example.com'
2026-07-29 09:09:28,083 [INFO] audit - AuthService: Registering new user account: 'admin@example.com'
2026-07-29 09:09:28,083 [INFO] audit - AuthService: Registering new user account: 'admin@example.com'
2026-07-29 09:09:28,083 [INFO] audit - AuthService: Registering new user account: 'admin@example.com'
2026-07-29 09:09:28,421 [INFO] audit - AuthService: Successfully registered user ID 1
2026-07-29 09:09:28,421 [INFO] audit - AuthService: Successfully registered user ID 1
2026-07-29 09:09:28,421 [INFO] audit - AuthService: Successfully registered user ID 1
2026-07-29 09:09:28,421 [INFO] audit - AuthService: Successfully registered user ID 1
2026-07-29 09:09:28,426 [INFO] audit - AuthService: Registering new user account: 'admin@example.com'
2026-07-29 09:09:28,426 [INFO] audit - AuthService: Registering new user account: 'admin@example.com'
2026-07-29 09:09:28,426 [INFO] audit - AuthService: Registering new user account: 'admin@example.com'
2026-07-29 09:09:28,426 [INFO] audit - AuthService: Registering new user account: 'admin@example.com'
2026-07-29 09:09:28,427 [WARNING] audit - AuthService: Registration failed. Email 'admin@example.com' is already taken.
2026-07-29 09:09:28,427 [WARNING] audit - AuthService: Registration failed. Email 'admin@example.com' is already taken.
2026-07-29 09:09:28,427 [WARNING] audit - AuthService: Registration failed. Email 'admin@example.com' is already taken.
2026-07-29 09:09:28,427 [WARNING] audit - AuthService: Registration failed. Email 'admin@example.com' is already taken.
2026-07-29 09:09:28,448 [INFO] audit - AuthService: Registering new user account: 'login@example.com'
2026-07-29 09:09:28,448 [INFO] audit - AuthService: Registering new user account: 'login@example.com'
2026-07-29 09:09:28,448 [INFO] audit - AuthService: Registering new user account: 'login@example.com'
2026-07-29 09:09:28,448 [INFO] audit - AuthService: Registering new user account: 'login@example.com'
2026-07-29 09:09:28,448 [INFO] audit - AuthService: Registering new user account: 'login@example.com'
2026-07-29 09:09:28,782 [INFO] audit - AuthService: Successfully registered user ID 1
2026-07-29 09:09:28,782 [INFO] audit - AuthService: Successfully registered user ID 1
2026-07-29 09:09:28,782 [INFO] audit - AuthService: Successfully registered user ID 1
2026-07-29 09:09:28,782 [INFO] audit - AuthService: Successfully registered user ID 1
2026-07-29 09:09:28,782 [INFO] audit - AuthService: Successfully registered user ID 1
2026-07-29 09:09:28,787 [INFO] audit - AuthService: Login attempt for email 'login@example.com'
2026-07-29 09:09:28,787 [INFO] audit - AuthService: Login attempt for email 'login@example.com'
2026-07-29 09:09:28,787 [INFO] audit - AuthService: Login attempt for email 'login@example.com'
2026-07-29 09:09:28,787 [INFO] audit - AuthService: Login attempt for email 'login@example.com'
2026-07-29 09:09:28,787 [INFO] audit - AuthService: Login attempt for email 'login@example.com'
2026-07-29 09:09:29,143 [INFO] audit - AuthService: Successful login for email 'login@example.com'
2026-07-29 09:09:29,143 [INFO] audit - AuthService: Successful login for email 'login@example.com'
2026-07-29 09:09:29,143 [INFO] audit - AuthService: Successful login for email 'login@example.com'
2026-07-29 09:09:29,143 [INFO] audit - AuthService: Successful login for email 'login@example.com'
2026-07-29 09:09:29,143 [INFO] audit - AuthService: Successful login for email 'login@example.com'
2026-07-29 09:09:29,158 [INFO] audit - AuthService: Login attempt for email 'unknown@example.com'
2026-07-29 09:09:29,158 [INFO] audit - AuthService: Login attempt for email 'unknown@example.com'
2026-07-29 09:09:29,158 [INFO] audit - AuthService: Login attempt for email 'unknown@example.com'
2026-07-29 09:09:29,158 [INFO] audit - AuthService: Login attempt for email 'unknown@example.com'
2026-07-29 09:09:29,158 [INFO] audit - AuthService: Login attempt for email 'unknown@example.com'
2026-07-29 09:09:29,158 [INFO] audit - AuthService: Login attempt for email 'unknown@example.com'
2026-07-29 09:09:29,159 [WARNING] audit - AuthService: Failed login attempt for email 'unknown@example.com'
2026-07-29 09:09:29,159 [WARNING] audit - AuthService: Failed login attempt for email 'unknown@example.com'
2026-07-29 09:09:29,159 [WARNING] audit - AuthService: Failed login attempt for email 'unknown@example.com'
2026-07-29 09:09:29,159 [WARNING] audit - AuthService: Failed login attempt for email 'unknown@example.com'
2026-07-29 09:09:29,159 [WARNING] audit - AuthService: Failed login attempt for email 'unknown@example.com'
2026-07-29 09:09:29,159 [WARNING] audit - AuthService: Failed login attempt for email 'unknown@example.com'
2026-07-29 09:09:29,192 [INFO] audit - AuthService: Registering new user account: 'dashboard_operator@example.com'
2026-07-29 09:09:29,192 [INFO] audit - AuthService: Registering new user account: 'dashboard_operator@example.com'
2026-07-29 09:09:29,192 [INFO] audit - AuthService: Registering new user account: 'dashboard_operator@example.com'
2026-07-29 09:09:29,192 [INFO] audit - AuthService: Registering new user account: 'dashboard_operator@example.com'
2026-07-29 09:09:29,192 [INFO] audit - AuthService: Registering new user account: 'dashboard_operator@example.com'
2026-07-29 09:09:29,192 [INFO] audit - AuthService: Registering new user account: 'dashboard_operator@example.com'
2026-07-29 09:09:29,192 [INFO] audit - AuthService: Registering new user account: 'dashboard_operator@example.com'
2026-07-29 09:09:29,192 [INFO] audit - AuthService: Registering new user account: 'dashboard_operator@example.com'
2026-07-29 09:09:29,559 [INFO] audit - AuthService: Successfully registered user ID 1
2026-07-29 09:09:29,559 [INFO] audit - AuthService: Successfully registered user ID 1
2026-07-29 09:09:29,559 [INFO] audit - AuthService: Successfully registered user ID 1
2026-07-29 09:09:29,559 [INFO] audit - AuthService: Successfully registered user ID 1
2026-07-29 09:09:29,559 [INFO] audit - AuthService: Successfully registered user ID 1
2026-07-29 09:09:29,559 [INFO] audit - AuthService: Successfully registered user ID 1
2026-07-29 09:09:29,559 [INFO] audit - AuthService: Successfully registered user ID 1
2026-07-29 09:09:29,559 [INFO] audit - AuthService: Successfully registered user ID 1
2026-07-29 09:09:29,564 [INFO] audit - AuthService: Login attempt for email 'dashboard_operator@example.com'
2026-07-29 09:09:29,564 [INFO] audit - AuthService: Login attempt for email 'dashboard_operator@example.com'
2026-07-29 09:09:29,564 [INFO] audit - AuthService: Login attempt for email 'dashboard_operator@example.com'
2026-07-29 09:09:29,564 [INFO] audit - AuthService: Login attempt for email 'dashboard_operator@example.com'
2026-07-29 09:09:29,564 [INFO] audit - AuthService: Login attempt for email 'dashboard_operator@example.com'
2026-07-29 09:09:29,564 [INFO] audit - AuthService: Login attempt for email 'dashboard_operator@example.com'
2026-07-29 09:09:29,564 [INFO] audit - AuthService: Login attempt for email 'dashboard_operator@example.com'
2026-07-29 09:09:29,564 [INFO] audit - AuthService: Login attempt for email 'dashboard_operator@example.com'
2026-07-29 09:09:29,883 [INFO] audit - AuthService: Successful login for email 'dashboard_operator@example.com'
2026-07-29 09:09:29,883 [INFO] audit - AuthService: Successful login for email 'dashboard_operator@example.com'
2026-07-29 09:09:29,883 [INFO] audit - AuthService: Successful login for email 'dashboard_operator@example.com'
2026-07-29 09:09:29,883 [INFO] audit - AuthService: Successful login for email 'dashboard_operator@example.com'
2026-07-29 09:09:29,883 [INFO] audit - AuthService: Successful login for email 'dashboard_operator@example.com'
2026-07-29 09:09:29,883 [INFO] audit - AuthService: Successful login for email 'dashboard_operator@example.com'
2026-07-29 09:09:29,883 [INFO] audit - AuthService: Successful login for email 'dashboard_operator@example.com'
2026-07-29 09:09:29,883 [INFO] audit - AuthService: Successful login for email 'dashboard_operator@example.com'
2026-07-29 09:09:29,935 [INFO] audit - AuthService: Registering new user account: 'metrics_admin@example.com'
2026-07-29 09:09:29,935 [INFO] audit - AuthService: Registering new user account: 'metrics_admin@example.com'
2026-07-29 09:09:29,935 [INFO] audit - AuthService: Registering new user account: 'metrics_admin@example.com'
2026-07-29 09:09:29,935 [INFO] audit - AuthService: Registering new user account: 'metrics_admin@example.com'
2026-07-29 09:09:29,935 [INFO] audit - AuthService: Registering new user account: 'metrics_admin@example.com'
2026-07-29 09:09:29,935 [INFO] audit - AuthService: Registering new user account: 'metrics_admin@example.com'
2026-07-29 09:09:29,935 [INFO] audit - AuthService: Registering new user account: 'metrics_admin@example.com'
2026-07-29 09:09:29,935 [INFO] audit - AuthService: Registering new user account: 'metrics_admin@example.com'
2026-07-29 09:09:29,935 [INFO] audit - AuthService: Registering new user account: 'metrics_admin@example.com'
2026-07-29 09:09:30,240 [INFO] audit - AuthService: Successfully registered user ID 1
2026-07-29 09:09:30,240 [INFO] audit - AuthService: Successfully registered user ID 1
2026-07-29 09:09:30,240 [INFO] audit - AuthService: Successfully registered user ID 1
2026-07-29 09:09:30,240 [INFO] audit - AuthService: Successfully registered user ID 1
2026-07-29 09:09:30,240 [INFO] audit - AuthService: Successfully registered user ID 1
2026-07-29 09:09:30,240 [INFO] audit - AuthService: Successfully registered user ID 1
2026-07-29 09:09:30,240 [INFO] audit - AuthService: Successfully registered user ID 1
2026-07-29 09:09:30,240 [INFO] audit - AuthService: Successfully registered user ID 1
2026-07-29 09:09:30,240 [INFO] audit - AuthService: Successfully registered user ID 1
2026-07-29 09:09:30,244 [INFO] audit - AuthService: Login attempt for email 'metrics_admin@example.com'
2026-07-29 09:09:30,244 [INFO] audit - AuthService: Login attempt for email 'metrics_admin@example.com'
2026-07-29 09:09:30,244 [INFO] audit - AuthService: Login attempt for email 'metrics_admin@example.com'
2026-07-29 09:09:30,244 [INFO] audit - AuthService: Login attempt for email 'metrics_admin@example.com'
2026-07-29 09:09:30,244 [INFO] audit - AuthService: Login attempt for email 'metrics_admin@example.com'
2026-07-29 09:09:30,244 [INFO] audit - AuthService: Login attempt for email 'metrics_admin@example.com'
2026-07-29 09:09:30,244 [INFO] audit - AuthService: Login attempt for email 'metrics_admin@example.com'
2026-07-29 09:09:30,244 [INFO] audit - AuthService: Login attempt for email 'metrics_admin@example.com'
2026-07-29 09:09:30,244 [INFO] audit - AuthService: Login attempt for email 'metrics_admin@example.com'
2026-07-29 09:09:30,538 [INFO] audit - AuthService: Successful login for email 'metrics_admin@example.com'
2026-07-29 09:09:30,538 [INFO] audit - AuthService: Successful login for email 'metrics_admin@example.com'
2026-07-29 09:09:30,538 [INFO] audit - AuthService: Successful login for email 'metrics_admin@example.com'
2026-07-29 09:09:30,538 [INFO] audit - AuthService: Successful login for email 'metrics_admin@example.com'
2026-07-29 09:09:30,538 [INFO] audit - AuthService: Successful login for email 'metrics_admin@example.com'
2026-07-29 09:09:30,538 [INFO] audit - AuthService: Successful login for email 'metrics_admin@example.com'
2026-07-29 09:09:30,538 [INFO] audit - AuthService: Successful login for email 'metrics_admin@example.com'
2026-07-29 09:09:30,538 [INFO] audit - AuthService: Successful login for email 'metrics_admin@example.com'
2026-07-29 09:09:30,538 [INFO] audit - AuthService: Successful login for email 'metrics_admin@example.com'
2026-07-29 09:09:30,674 [INFO] audit - AuthService: Registering new user account: 'admin_crud@example.com'
2026-07-29 09:09:30,674 [INFO] audit - AuthService: Registering new user account: 'admin_crud@example.com'
2026-07-29 09:09:30,674 [INFO] audit - AuthService: Registering new user account: 'admin_crud@example.com'
2026-07-29 09:09:30,674 [INFO] audit - AuthService: Registering new user account: 'admin_crud@example.com'
2026-07-29 09:09:30,674 [INFO] audit - AuthService: Registering new user account: 'admin_crud@example.com'
2026-07-29 09:09:30,674 [INFO] audit - AuthService: Registering new user account: 'admin_crud@example.com'
2026-07-29 09:09:30,674 [INFO] audit - AuthService: Registering new user account: 'admin_crud@example.com'
2026-07-29 09:09:30,674 [INFO] audit - AuthService: Registering new user account: 'admin_crud@example.com'
2026-07-29 09:09:30,674 [INFO] audit - AuthService: Registering new user account: 'admin_crud@example.com'
2026-07-29 09:09:30,674 [INFO] audit - AuthService: Registering new user account: 'admin_crud@example.com'
2026-07-29 09:09:30,995 [INFO] audit - AuthService: Successfully registered user ID 1
2026-07-29 09:09:30,995 [INFO] audit - AuthService: Successfully registered user ID 1
2026-07-29 09:09:30,995 [INFO] audit - AuthService: Successfully registered user ID 1
2026-07-29 09:09:30,995 [INFO] audit - AuthService: Successfully registered user ID 1
2026-07-29 09:09:30,995 [INFO] audit - AuthService: Successfully registered user ID 1
2026-07-29 09:09:30,995 [INFO] audit - AuthService: Successfully registered user ID 1
2026-07-29 09:09:30,995 [INFO] audit - AuthService: Successfully registered user ID 1
2026-07-29 09:09:30,995 [INFO] audit - AuthService: Successfully registered user ID 1
2026-07-29 09:09:30,995 [INFO] audit - AuthService: Successfully registered user ID 1
2026-07-29 09:09:30,995 [INFO] audit - AuthService: Successfully registered user ID 1
2026-07-29 09:09:31,000 [INFO] audit - AuthService: Login attempt for email 'admin_crud@example.com'
2026-07-29 09:09:31,000 [INFO] audit - AuthService: Login attempt for email 'admin_crud@example.com'
2026-07-29 09:09:31,000 [INFO] audit - AuthService: Login attempt for email 'admin_crud@example.com'
2026-07-29 09:09:31,000 [INFO] audit - AuthService: Login attempt for email 'admin_crud@example.com'
2026-07-29 09:09:31,000 [INFO] audit - AuthService: Login attempt for email 'admin_crud@example.com'
2026-07-29 09:09:31,000 [INFO] audit - AuthService: Login attempt for email 'admin_crud@example.com'
2026-07-29 09:09:31,000 [INFO] audit - AuthService: Login attempt for email 'admin_crud@example.com'
2026-07-29 09:09:31,000 [INFO] audit - AuthService: Login attempt for email 'admin_crud@example.com'
2026-07-29 09:09:31,000 [INFO] audit - AuthService: Login attempt for email 'admin_crud@example.com'
2026-07-29 09:09:31,000 [INFO] audit - AuthService: Login attempt for email 'admin_crud@example.com'
2026-07-29 09:09:31,320 [INFO] audit - AuthService: Successful login for email 'admin_crud@example.com'
2026-07-29 09:09:31,320 [INFO] audit - AuthService: Successful login for email 'admin_crud@example.com'
2026-07-29 09:09:31,320 [INFO] audit - AuthService: Successful login for email 'admin_crud@example.com'
2026-07-29 09:09:31,320 [INFO] audit - AuthService: Successful login for email 'admin_crud@example.com'
2026-07-29 09:09:31,320 [INFO] audit - AuthService: Successful login for email 'admin_crud@example.com'
2026-07-29 09:09:31,320 [INFO] audit - AuthService: Successful login for email 'admin_crud@example.com'
2026-07-29 09:09:31,320 [INFO] audit - AuthService: Successful login for email 'admin_crud@example.com'
2026-07-29 09:09:31,320 [INFO] audit - AuthService: Successful login for email 'admin_crud@example.com'
2026-07-29 09:09:31,320 [INFO] audit - AuthService: Successful login for email 'admin_crud@example.com'
2026-07-29 09:09:31,320 [INFO] audit - AuthService: Successful login for email 'admin_crud@example.com'
2026-07-29 09:09:31,384 [INFO] audit - AuthService: Registering new user account: 'viewer_test@example.com'
2026-07-29 09:09:31,384 [INFO] audit - AuthService: Registering new user account: 'viewer_test@example.com'
2026-07-29 09:09:31,384 [INFO] audit - AuthService: Registering new user account: 'viewer_test@example.com'
2026-07-29 09:09:31,384 [INFO] audit - AuthService: Registering new user account: 'viewer_test@example.com'
2026-07-29 09:09:31,384 [INFO] audit - AuthService: Registering new user account: 'viewer_test@example.com'
2026-07-29 09:09:31,384 [INFO] audit - AuthService: Registering new user account: 'viewer_test@example.com'
2026-07-29 09:09:31,384 [INFO] audit - AuthService: Registering new user account: 'viewer_test@example.com'
2026-07-29 09:09:31,384 [INFO] audit - AuthService: Registering new user account: 'viewer_test@example.com'
2026-07-29 09:09:31,384 [INFO] audit - AuthService: Registering new user account: 'viewer_test@example.com'
2026-07-29 09:09:31,384 [INFO] audit - AuthService: Registering new user account: 'viewer_test@example.com'
2026-07-29 09:09:31,384 [INFO] audit - AuthService: Registering new user account: 'viewer_test@example.com'
2026-07-29 09:09:31,703 [INFO] audit - AuthService: Successfully registered user ID 1
2026-07-29 09:09:31,703 [INFO] audit - AuthService: Successfully registered user ID 1
2026-07-29 09:09:31,703 [INFO] audit - AuthService: Successfully registered user ID 1
2026-07-29 09:09:31,703 [INFO] audit - AuthService: Successfully registered user ID 1
2026-07-29 09:09:31,703 [INFO] audit - AuthService: Successfully registered user ID 1
2026-07-29 09:09:31,703 [INFO] audit - AuthService: Successfully registered user ID 1
2026-07-29 09:09:31,703 [INFO] audit - AuthService: Successfully registered user ID 1
2026-07-29 09:09:31,703 [INFO] audit - AuthService: Successfully registered user ID 1
2026-07-29 09:09:31,703 [INFO] audit - AuthService: Successfully registered user ID 1
2026-07-29 09:09:31,703 [INFO] audit - AuthService: Successfully registered user ID 1
2026-07-29 09:09:31,703 [INFO] audit - AuthService: Successfully registered user ID 1
2026-07-29 09:09:31,709 [INFO] audit - AuthService: Login attempt for email 'viewer_test@example.com'
2026-07-29 09:09:31,709 [INFO] audit - AuthService: Login attempt for email 'viewer_test@example.com'
2026-07-29 09:09:31,709 [INFO] audit - AuthService: Login attempt for email 'viewer_test@example.com'
2026-07-29 09:09:31,709 [INFO] audit - AuthService: Login attempt for email 'viewer_test@example.com'
2026-07-29 09:09:31,709 [INFO] audit - AuthService: Login attempt for email 'viewer_test@example.com'
2026-07-29 09:09:31,709 [INFO] audit - AuthService: Login attempt for email 'viewer_test@example.com'
2026-07-29 09:09:31,709 [INFO] audit - AuthService: Login attempt for email 'viewer_test@example.com'
2026-07-29 09:09:31,709 [INFO] audit - AuthService: Login attempt for email 'viewer_test@example.com'
2026-07-29 09:09:31,709 [INFO] audit - AuthService: Login attempt for email 'viewer_test@example.com'
2026-07-29 09:09:31,709 [INFO] audit - AuthService: Login attempt for email 'viewer_test@example.com'
2026-07-29 09:09:31,709 [INFO] audit - AuthService: Login attempt for email 'viewer_test@example.com'
2026-07-29 09:09:32,005 [INFO] audit - AuthService: Successful login for email 'viewer_test@example.com'
2026-07-29 09:09:32,005 [INFO] audit - AuthService: Successful login for email 'viewer_test@example.com'
2026-07-29 09:09:32,005 [INFO] audit - AuthService: Successful login for email 'viewer_test@example.com'
2026-07-29 09:09:32,005 [INFO] audit - AuthService: Successful login for email 'viewer_test@example.com'
2026-07-29 09:09:32,005 [INFO] audit - AuthService: Successful login for email 'viewer_test@example.com'
2026-07-29 09:09:32,005 [INFO] audit - AuthService: Successful login for email 'viewer_test@example.com'
2026-07-29 09:09:32,005 [INFO] audit - AuthService: Successful login for email 'viewer_test@example.com'
2026-07-29 09:09:32,005 [INFO] audit - AuthService: Successful login for email 'viewer_test@example.com'
2026-07-29 09:09:32,005 [INFO] audit - AuthService: Successful login for email 'viewer_test@example.com'
2026-07-29 09:09:32,005 [INFO] audit - AuthService: Successful login for email 'viewer_test@example.com'
2026-07-29 09:09:32,005 [INFO] audit - AuthService: Successful login for email 'viewer_test@example.com'
2026-07-29 09:09:32,031 [INFO] audit - AuthService: Registering new user account: 'admin_dup@example.com'
2026-07-29 09:09:32,031 [INFO] audit - AuthService: Registering new user account: 'admin_dup@example.com'
2026-07-29 09:09:32,031 [INFO] audit - AuthService: Registering new user account: 'admin_dup@example.com'
2026-07-29 09:09:32,031 [INFO] audit - AuthService: Registering new user account: 'admin_dup@example.com'
2026-07-29 09:09:32,031 [INFO] audit - AuthService: Registering new user account: 'admin_dup@example.com'
2026-07-29 09:09:32,031 [INFO] audit - AuthService: Registering new user account: 'admin_dup@example.com'
2026-07-29 09:09:32,031 [INFO] audit - AuthService: Registering new user account: 'admin_dup@example.com'
2026-07-29 09:09:32,031 [INFO] audit - AuthService: Registering new user account: 'admin_dup@example.com'
2026-07-29 09:09:32,031 [INFO] audit - AuthService: Registering new user account: 'admin_dup@example.com'
2026-07-29 09:09:32,031 [INFO] audit - AuthService: Registering new user account: 'admin_dup@example.com'
2026-07-29 09:09:32,031 [INFO] audit - AuthService: Registering new user account: 'admin_dup@example.com'
2026-07-29 09:09:32,031 [INFO] audit - AuthService: Registering new user account: 'admin_dup@example.com'
2026-07-29 09:09:32,337 [INFO] audit - AuthService: Successfully registered user ID 1
2026-07-29 09:09:32,337 [INFO] audit - AuthService: Successfully registered user ID 1
2026-07-29 09:09:32,337 [INFO] audit - AuthService: Successfully registered user ID 1
2026-07-29 09:09:32,337 [INFO] audit - AuthService: Successfully registered user ID 1
2026-07-29 09:09:32,337 [INFO] audit - AuthService: Successfully registered user ID 1
2026-07-29 09:09:32,337 [INFO] audit - AuthService: Successfully registered user ID 1
2026-07-29 09:09:32,337 [INFO] audit - AuthService: Successfully registered user ID 1
2026-07-29 09:09:32,337 [INFO] audit - AuthService: Successfully registered user ID 1
2026-07-29 09:09:32,337 [INFO] audit - AuthService: Successfully registered user ID 1
2026-07-29 09:09:32,337 [INFO] audit - AuthService: Successfully registered user ID 1
2026-07-29 09:09:32,337 [INFO] audit - AuthService: Successfully registered user ID 1
2026-07-29 09:09:32,337 [INFO] audit - AuthService: Successfully registered user ID 1
2026-07-29 09:09:32,343 [INFO] audit - AuthService: Login attempt for email 'admin_dup@example.com'
2026-07-29 09:09:32,343 [INFO] audit - AuthService: Login attempt for email 'admin_dup@example.com'
2026-07-29 09:09:32,343 [INFO] audit - AuthService: Login attempt for email 'admin_dup@example.com'
2026-07-29 09:09:32,343 [INFO] audit - AuthService: Login attempt for email 'admin_dup@example.com'
2026-07-29 09:09:32,343 [INFO] audit - AuthService: Login attempt for email 'admin_dup@example.com'
2026-07-29 09:09:32,343 [INFO] audit - AuthService: Login attempt for email 'admin_dup@example.com'
2026-07-29 09:09:32,343 [INFO] audit - AuthService: Login attempt for email 'admin_dup@example.com'
2026-07-29 09:09:32,343 [INFO] audit - AuthService: Login attempt for email 'admin_dup@example.com'
2026-07-29 09:09:32,343 [INFO] audit - AuthService: Login attempt for email 'admin_dup@example.com'
2026-07-29 09:09:32,343 [INFO] audit - AuthService: Login attempt for email 'admin_dup@example.com'
2026-07-29 09:09:32,343 [INFO] audit - AuthService: Login attempt for email 'admin_dup@example.com'
2026-07-29 09:09:32,343 [INFO] audit - AuthService: Login attempt for email 'admin_dup@example.com'
2026-07-29 09:09:32,645 [INFO] audit - AuthService: Successful login for email 'admin_dup@example.com'
2026-07-29 09:09:32,645 [INFO] audit - AuthService: Successful login for email 'admin_dup@example.com'
2026-07-29 09:09:32,645 [INFO] audit - AuthService: Successful login for email 'admin_dup@example.com'
2026-07-29 09:09:32,645 [INFO] audit - AuthService: Successful login for email 'admin_dup@example.com'
2026-07-29 09:09:32,645 [INFO] audit - AuthService: Successful login for email 'admin_dup@example.com'
2026-07-29 09:09:32,645 [INFO] audit - AuthService: Successful login for email 'admin_dup@example.com'
2026-07-29 09:09:32,645 [INFO] audit - AuthService: Successful login for email 'admin_dup@example.com'
2026-07-29 09:09:32,645 [INFO] audit - AuthService: Successful login for email 'admin_dup@example.com'
2026-07-29 09:09:32,645 [INFO] audit - AuthService: Successful login for email 'admin_dup@example.com'
2026-07-29 09:09:32,645 [INFO] audit - AuthService: Successful login for email 'admin_dup@example.com'
2026-07-29 09:09:32,645 [INFO] audit - AuthService: Successful login for email 'admin_dup@example.com'
2026-07-29 09:09:32,645 [INFO] audit - AuthService: Successful login for email 'admin_dup@example.com'
2026-07-29 09:09:32,680 [INFO] audit - AuthService: Registering new user account: 'admin_val@example.com'
2026-07-29 09:09:32,680 [INFO] audit - AuthService: Registering new user account: 'admin_val@example.com'
2026-07-29 09:09:32,680 [INFO] audit - AuthService: Registering new user account: 'admin_val@example.com'
2026-07-29 09:09:32,680 [INFO] audit - AuthService: Registering new user account: 'admin_val@example.com'
2026-07-29 09:09:32,680 [INFO] audit - AuthService: Registering new user account: 'admin_val@example.com'
2026-07-29 09:09:32,680 [INFO] audit - AuthService: Registering new user account: 'admin_val@example.com'
2026-07-29 09:09:32,680 [INFO] audit - AuthService: Registering new user account: 'admin_val@example.com'
2026-07-29 09:09:32,680 [INFO] audit - AuthService: Registering new user account: 'admin_val@example.com'
2026-07-29 09:09:32,680 [INFO] audit - AuthService: Registering new user account: 'admin_val@example.com'
2026-07-29 09:09:32,680 [INFO] audit - AuthService: Registering new user account: 'admin_val@example.com'
2026-07-29 09:09:32,680 [INFO] audit - AuthService: Registering new user account: 'admin_val@example.com'
2026-07-29 09:09:32,680 [INFO] audit - AuthService: Registering new user account: 'admin_val@example.com'
2026-07-29 09:09:32,680 [INFO] audit - AuthService: Registering new user account: 'admin_val@example.com'
2026-07-29 09:09:32,996 [INFO] audit - AuthService: Successfully registered user ID 1
2026-07-29 09:09:32,996 [INFO] audit - AuthService: Successfully registered user ID 1
2026-07-29 09:09:32,996 [INFO] audit - AuthService: Successfully registered user ID 1
2026-07-29 09:09:32,996 [INFO] audit - AuthService: Successfully registered user ID 1
2026-07-29 09:09:32,996 [INFO] audit - AuthService: Successfully registered user ID 1
2026-07-29 09:09:32,996 [INFO] audit - AuthService: Successfully registered user ID 1
2026-07-29 09:09:32,996 [INFO] audit - AuthService: Successfully registered user ID 1
2026-07-29 09:09:32,996 [INFO] audit - AuthService: Successfully registered user ID 1
2026-07-29 09:09:32,996 [INFO] audit - AuthService: Successfully registered user ID 1
2026-07-29 09:09:32,996 [INFO] audit - AuthService: Successfully registered user ID 1
2026-07-29 09:09:32,996 [INFO] audit - AuthService: Successfully registered user ID 1
2026-07-29 09:09:32,996 [INFO] audit - AuthService: Successfully registered user ID 1
2026-07-29 09:09:32,996 [INFO] audit - AuthService: Successfully registered user ID 1
2026-07-29 09:09:33,001 [INFO] audit - AuthService: Login attempt for email 'admin_val@example.com'
2026-07-29 09:09:33,001 [INFO] audit - AuthService: Login attempt for email 'admin_val@example.com'
2026-07-29 09:09:33,001 [INFO] audit - AuthService: Login attempt for email 'admin_val@example.com'
2026-07-29 09:09:33,001 [INFO] audit - AuthService: Login attempt for email 'admin_val@example.com'
2026-07-29 09:09:33,001 [INFO] audit - AuthService: Login attempt for email 'admin_val@example.com'
2026-07-29 09:09:33,001 [INFO] audit - AuthService: Login attempt for email 'admin_val@example.com'
2026-07-29 09:09:33,001 [INFO] audit - AuthService: Login attempt for email 'admin_val@example.com'
2026-07-29 09:09:33,001 [INFO] audit - AuthService: Login attempt for email 'admin_val@example.com'
2026-07-29 09:09:33,001 [INFO] audit - AuthService: Login attempt for email 'admin_val@example.com'
2026-07-29 09:09:33,001 [INFO] audit - AuthService: Login attempt for email 'admin_val@example.com'
2026-07-29 09:09:33,001 [INFO] audit - AuthService: Login attempt for email 'admin_val@example.com'
2026-07-29 09:09:33,001 [INFO] audit - AuthService: Login attempt for email 'admin_val@example.com'
2026-07-29 09:09:33,001 [INFO] audit - AuthService: Login attempt for email 'admin_val@example.com'
2026-07-29 09:09:33,300 [INFO] audit - AuthService: Successful login for email 'admin_val@example.com'
2026-07-29 09:09:33,300 [INFO] audit - AuthService: Successful login for email 'admin_val@example.com'
2026-07-29 09:09:33,300 [INFO] audit - AuthService: Successful login for email 'admin_val@example.com'
2026-07-29 09:09:33,300 [INFO] audit - AuthService: Successful login for email 'admin_val@example.com'
2026-07-29 09:09:33,300 [INFO] audit - AuthService: Successful login for email 'admin_val@example.com'
2026-07-29 09:09:33,300 [INFO] audit - AuthService: Successful login for email 'admin_val@example.com'
2026-07-29 09:09:33,300 [INFO] audit - AuthService: Successful login for email 'admin_val@example.com'
2026-07-29 09:09:33,300 [INFO] audit - AuthService: Successful login for email 'admin_val@example.com'
2026-07-29 09:09:33,300 [INFO] audit - AuthService: Successful login for email 'admin_val@example.com'
2026-07-29 09:09:33,300 [INFO] audit - AuthService: Successful login for email 'admin_val@example.com'
2026-07-29 09:09:33,300 [INFO] audit - AuthService: Successful login for email 'admin_val@example.com'
2026-07-29 09:09:33,300 [INFO] audit - AuthService: Successful login for email 'admin_val@example.com'
2026-07-29 09:09:33,300 [INFO] audit - AuthService: Successful login for email 'admin_val@example.com'
