2026-07-29 09:06:25,612 [INFO] apscheduler.scheduler - Adding job tentatively -- it will be properly scheduled when the scheduler starts
2026-07-29 09:06:25,615 [INFO] apscheduler.scheduler - Added job "execute_health_checks" to job store "default"
2026-07-29 09:06:25,616 [INFO] apscheduler.scheduler - Scheduler started
2026-07-29 09:06:25,616 [INFO] scheduler - MonitoringService: Started SRE monitoring scheduler daemon
2026-07-29 09:06:27,013 [INFO] scheduler - MonitoringService: Stopped SRE monitoring scheduler daemon
2026-07-29 09:06:27,013 [INFO] apscheduler.scheduler - Scheduler has been shut down
2026-07-29 09:06:27,022 [INFO] apscheduler.scheduler - Adding job tentatively -- it will be properly scheduled when the scheduler starts
2026-07-29 09:06:27,022 [INFO] apscheduler.scheduler - Adding job tentatively -- it will be properly scheduled when the scheduler starts
2026-07-29 09:06:27,022 [INFO] apscheduler.scheduler - Added job "execute_health_checks" to job store "default"
2026-07-29 09:06:27,022 [INFO] apscheduler.scheduler - Added job "execute_health_checks" to job store "default"
2026-07-29 09:06:27,022 [INFO] apscheduler.scheduler - Scheduler started
2026-07-29 09:06:27,022 [INFO] apscheduler.scheduler - Scheduler started
2026-07-29 09:06:27,022 [INFO] scheduler - MonitoringService: Started SRE monitoring scheduler daemon
2026-07-29 09:06:27,022 [INFO] scheduler - MonitoringService: Started SRE monitoring scheduler daemon
2026-07-29 09:06:27,031 [INFO] scheduler - MonitoringService: Stopped SRE monitoring scheduler daemon
2026-07-29 09:06:27,031 [INFO] scheduler - MonitoringService: Stopped SRE monitoring scheduler daemon
2026-07-29 09:06:27,032 [INFO] apscheduler.scheduler - Scheduler has been shut down
2026-07-29 09:06:27,032 [INFO] apscheduler.scheduler - Scheduler has been shut down
2026-07-29 09:06:27,045 [INFO] apscheduler.scheduler - Adding job tentatively -- it will be properly scheduled when the scheduler starts
2026-07-29 09:06:27,045 [INFO] apscheduler.scheduler - Adding job tentatively -- it will be properly scheduled when the scheduler starts
2026-07-29 09:06:27,045 [INFO] apscheduler.scheduler - Adding job tentatively -- it will be properly scheduled when the scheduler starts
2026-07-29 09:06:27,046 [INFO] apscheduler.scheduler - Added job "execute_health_checks" to job store "default"
2026-07-29 09:06:27,046 [INFO] apscheduler.scheduler - Added job "execute_health_checks" to job store "default"
2026-07-29 09:06:27,046 [INFO] apscheduler.scheduler - Added job "execute_health_checks" to job store "default"
2026-07-29 09:06:27,046 [INFO] apscheduler.scheduler - Scheduler started
2026-07-29 09:06:27,046 [INFO] apscheduler.scheduler - Scheduler started
2026-07-29 09:06:27,046 [INFO] apscheduler.scheduler - Scheduler started
2026-07-29 09:06:27,046 [INFO] scheduler - MonitoringService: Started SRE monitoring scheduler daemon
2026-07-29 09:06:27,046 [INFO] scheduler - MonitoringService: Started SRE monitoring scheduler daemon
2026-07-29 09:06:27,046 [INFO] scheduler - MonitoringService: Started SRE monitoring scheduler daemon
2026-07-29 09:06:27,060 [INFO] scheduler - MonitoringService: Stopped SRE monitoring scheduler daemon
2026-07-29 09:06:27,060 [INFO] scheduler - MonitoringService: Stopped SRE monitoring scheduler daemon
2026-07-29 09:06:27,060 [INFO] scheduler - MonitoringService: Stopped SRE monitoring scheduler daemon
2026-07-29 09:06:27,060 [INFO] apscheduler.scheduler - Scheduler has been shut down
2026-07-29 09:06:27,060 [INFO] apscheduler.scheduler - Scheduler has been shut down
2026-07-29 09:06:27,060 [INFO] apscheduler.scheduler - Scheduler has been shut down
2026-07-29 09:06:27,070 [INFO] apscheduler.scheduler - Adding job tentatively -- it will be properly scheduled when the scheduler starts
2026-07-29 09:06:27,070 [INFO] apscheduler.scheduler - Adding job tentatively -- it will be properly scheduled when the scheduler starts
2026-07-29 09:06:27,070 [INFO] apscheduler.scheduler - Adding job tentatively -- it will be properly scheduled when the scheduler starts
2026-07-29 09:06:27,070 [INFO] apscheduler.scheduler - Adding job tentatively -- it will be properly scheduled when the scheduler starts
2026-07-29 09:06:27,070 [INFO] apscheduler.scheduler - Added job "execute_health_checks" to job store "default"
2026-07-29 09:06:27,070 [INFO] apscheduler.scheduler - Added job "execute_health_checks" to job store "default"
2026-07-29 09:06:27,070 [INFO] apscheduler.scheduler - Added job "execute_health_checks" to job store "default"
2026-07-29 09:06:27,070 [INFO] apscheduler.scheduler - Added job "execute_health_checks" to job store "default"
2026-07-29 09:06:27,070 [INFO] apscheduler.scheduler - Scheduler started
2026-07-29 09:06:27,070 [INFO] apscheduler.scheduler - Scheduler started
2026-07-29 09:06:27,070 [INFO] apscheduler.scheduler - Scheduler started
2026-07-29 09:06:27,070 [INFO] apscheduler.scheduler - Scheduler started
2026-07-29 09:06:27,071 [INFO] scheduler - MonitoringService: Started SRE monitoring scheduler daemon
2026-07-29 09:06:27,071 [INFO] scheduler - MonitoringService: Started SRE monitoring scheduler daemon
2026-07-29 09:06:27,071 [INFO] scheduler - MonitoringService: Started SRE monitoring scheduler daemon
2026-07-29 09:06:27,071 [INFO] scheduler - MonitoringService: Started SRE monitoring scheduler daemon
2026-07-29 09:06:28,370 [INFO] scheduler - MonitoringService: Stopped SRE monitoring scheduler daemon
2026-07-29 09:06:28,370 [INFO] scheduler - MonitoringService: Stopped SRE monitoring scheduler daemon
2026-07-29 09:06:28,370 [INFO] scheduler - MonitoringService: Stopped SRE monitoring scheduler daemon
2026-07-29 09:06:28,370 [INFO] scheduler - MonitoringService: Stopped SRE monitoring scheduler daemon
2026-07-29 09:06:28,371 [INFO] apscheduler.scheduler - Scheduler has been shut down
2026-07-29 09:06:28,371 [INFO] apscheduler.scheduler - Scheduler has been shut down
2026-07-29 09:06:28,371 [INFO] apscheduler.scheduler - Scheduler has been shut down
2026-07-29 09:06:28,371 [INFO] apscheduler.scheduler - Scheduler has been shut down
2026-07-29 09:06:28,383 [INFO] apscheduler.scheduler - Adding job tentatively -- it will be properly scheduled when the scheduler starts
2026-07-29 09:06:28,383 [INFO] apscheduler.scheduler - Adding job tentatively -- it will be properly scheduled when the scheduler starts
2026-07-29 09:06:28,383 [INFO] apscheduler.scheduler - Adding job tentatively -- it will be properly scheduled when the scheduler starts
2026-07-29 09:06:28,383 [INFO] apscheduler.scheduler - Adding job tentatively -- it will be properly scheduled when the scheduler starts
2026-07-29 09:06:28,383 [INFO] apscheduler.scheduler - Adding job tentatively -- it will be properly scheduled when the scheduler starts
2026-07-29 09:06:28,384 [INFO] apscheduler.scheduler - Added job "execute_health_checks" to job store "default"
2026-07-29 09:06:28,384 [INFO] apscheduler.scheduler - Added job "execute_health_checks" to job store "default"
2026-07-29 09:06:28,384 [INFO] apscheduler.scheduler - Added job "execute_health_checks" to job store "default"
2026-07-29 09:06:28,384 [INFO] apscheduler.scheduler - Added job "execute_health_checks" to job store "default"
2026-07-29 09:06:28,384 [INFO] apscheduler.scheduler - Added job "execute_health_checks" to job store "default"
2026-07-29 09:06:28,384 [INFO] apscheduler.scheduler - Scheduler started
2026-07-29 09:06:28,384 [INFO] apscheduler.scheduler - Scheduler started
2026-07-29 09:06:28,384 [INFO] apscheduler.scheduler - Scheduler started
2026-07-29 09:06:28,384 [INFO] apscheduler.scheduler - Scheduler started
2026-07-29 09:06:28,384 [INFO] apscheduler.scheduler - Scheduler started
2026-07-29 09:06:28,385 [INFO] scheduler - MonitoringService: Started SRE monitoring scheduler daemon
2026-07-29 09:06:28,385 [INFO] scheduler - MonitoringService: Started SRE monitoring scheduler daemon
2026-07-29 09:06:28,385 [INFO] scheduler - MonitoringService: Started SRE monitoring scheduler daemon
2026-07-29 09:06:28,385 [INFO] scheduler - MonitoringService: Started SRE monitoring scheduler daemon
2026-07-29 09:06:28,385 [INFO] scheduler - MonitoringService: Started SRE monitoring scheduler daemon
2026-07-29 09:06:29,672 [INFO] scheduler - MonitoringService: Stopped SRE monitoring scheduler daemon
2026-07-29 09:06:29,672 [INFO] scheduler - MonitoringService: Stopped SRE monitoring scheduler daemon
2026-07-29 09:06:29,672 [INFO] scheduler - MonitoringService: Stopped SRE monitoring scheduler daemon
2026-07-29 09:06:29,672 [INFO] scheduler - MonitoringService: Stopped SRE monitoring scheduler daemon
2026-07-29 09:06:29,672 [INFO] scheduler - MonitoringService: Stopped SRE monitoring scheduler daemon
2026-07-29 09:06:29,672 [INFO] apscheduler.scheduler - Scheduler has been shut down
2026-07-29 09:06:29,672 [INFO] apscheduler.scheduler - Scheduler has been shut down
2026-07-29 09:06:29,672 [INFO] apscheduler.scheduler - Scheduler has been shut down
2026-07-29 09:06:29,672 [INFO] apscheduler.scheduler - Scheduler has been shut down
2026-07-29 09:06:29,672 [INFO] apscheduler.scheduler - Scheduler has been shut down
2026-07-29 09:06:29,680 [INFO] apscheduler.scheduler - Adding job tentatively -- it will be properly scheduled when the scheduler starts
2026-07-29 09:06:29,680 [INFO] apscheduler.scheduler - Adding job tentatively -- it will be properly scheduled when the scheduler starts
2026-07-29 09:06:29,680 [INFO] apscheduler.scheduler - Adding job tentatively -- it will be properly scheduled when the scheduler starts
2026-07-29 09:06:29,680 [INFO] apscheduler.scheduler - Adding job tentatively -- it will be properly scheduled when the scheduler starts
2026-07-29 09:06:29,680 [INFO] apscheduler.scheduler - Adding job tentatively -- it will be properly scheduled when the scheduler starts
2026-07-29 09:06:29,680 [INFO] apscheduler.scheduler - Adding job tentatively -- it will be properly scheduled when the scheduler starts
2026-07-29 09:06:29,680 [INFO] apscheduler.scheduler - Added job "execute_health_checks" to job store "default"
2026-07-29 09:06:29,680 [INFO] apscheduler.scheduler - Added job "execute_health_checks" to job store "default"
2026-07-29 09:06:29,680 [INFO] apscheduler.scheduler - Added job "execute_health_checks" to job store "default"
2026-07-29 09:06:29,680 [INFO] apscheduler.scheduler - Added job "execute_health_checks" to job store "default"
2026-07-29 09:06:29,680 [INFO] apscheduler.scheduler - Added job "execute_health_checks" to job store "default"
2026-07-29 09:06:29,680 [INFO] apscheduler.scheduler - Added job "execute_health_checks" to job store "default"
2026-07-29 09:06:29,681 [INFO] apscheduler.scheduler - Scheduler started
2026-07-29 09:06:29,681 [INFO] apscheduler.scheduler - Scheduler started
2026-07-29 09:06:29,681 [INFO] apscheduler.scheduler - Scheduler started
2026-07-29 09:06:29,681 [INFO] apscheduler.scheduler - Scheduler started
2026-07-29 09:06:29,681 [INFO] apscheduler.scheduler - Scheduler started
2026-07-29 09:06:29,681 [INFO] apscheduler.scheduler - Scheduler started
2026-07-29 09:06:29,681 [INFO] scheduler - MonitoringService: Started SRE monitoring scheduler daemon
2026-07-29 09:06:29,681 [INFO] scheduler - MonitoringService: Started SRE monitoring scheduler daemon
2026-07-29 09:06:29,681 [INFO] scheduler - MonitoringService: Started SRE monitoring scheduler daemon
2026-07-29 09:06:29,681 [INFO] scheduler - MonitoringService: Started SRE monitoring scheduler daemon
2026-07-29 09:06:29,681 [INFO] scheduler - MonitoringService: Started SRE monitoring scheduler daemon
2026-07-29 09:06:29,681 [INFO] scheduler - MonitoringService: Started SRE monitoring scheduler daemon
2026-07-29 09:06:30,690 [INFO] scheduler - MonitoringService: Stopped SRE monitoring scheduler daemon
2026-07-29 09:06:30,690 [INFO] scheduler - MonitoringService: Stopped SRE monitoring scheduler daemon
2026-07-29 09:06:30,690 [INFO] scheduler - MonitoringService: Stopped SRE monitoring scheduler daemon
2026-07-29 09:06:30,690 [INFO] scheduler - MonitoringService: Stopped SRE monitoring scheduler daemon
2026-07-29 09:06:30,690 [INFO] scheduler - MonitoringService: Stopped SRE monitoring scheduler daemon
2026-07-29 09:06:30,690 [INFO] scheduler - MonitoringService: Stopped SRE monitoring scheduler daemon
2026-07-29 09:06:30,690 [INFO] apscheduler.scheduler - Scheduler has been shut down
2026-07-29 09:06:30,690 [INFO] apscheduler.scheduler - Scheduler has been shut down
2026-07-29 09:06:30,690 [INFO] apscheduler.scheduler - Scheduler has been shut down
2026-07-29 09:06:30,690 [INFO] apscheduler.scheduler - Scheduler has been shut down
2026-07-29 09:06:30,690 [INFO] apscheduler.scheduler - Scheduler has been shut down
2026-07-29 09:06:30,690 [INFO] apscheduler.scheduler - Scheduler has been shut down
2026-07-29 09:06:30,698 [INFO] apscheduler.scheduler - Adding job tentatively -- it will be properly scheduled when the scheduler starts
2026-07-29 09:06:30,698 [INFO] apscheduler.scheduler - Adding job tentatively -- it will be properly scheduled when the scheduler starts
2026-07-29 09:06:30,698 [INFO] apscheduler.scheduler - Adding job tentatively -- it will be properly scheduled when the scheduler starts
2026-07-29 09:06:30,698 [INFO] apscheduler.scheduler - Adding job tentatively -- it will be properly scheduled when the scheduler starts
2026-07-29 09:06:30,698 [INFO] apscheduler.scheduler - Adding job tentatively -- it will be properly scheduled when the scheduler starts
2026-07-29 09:06:30,698 [INFO] apscheduler.scheduler - Adding job tentatively -- it will be properly scheduled when the scheduler starts
2026-07-29 09:06:30,698 [INFO] apscheduler.scheduler - Adding job tentatively -- it will be properly scheduled when the scheduler starts
2026-07-29 09:06:30,698 [INFO] apscheduler.scheduler - Added job "execute_health_checks" to job store "default"
2026-07-29 09:06:30,698 [INFO] apscheduler.scheduler - Added job "execute_health_checks" to job store "default"
2026-07-29 09:06:30,698 [INFO] apscheduler.scheduler - Added job "execute_health_checks" to job store "default"
2026-07-29 09:06:30,698 [INFO] apscheduler.scheduler - Added job "execute_health_checks" to job store "default"
2026-07-29 09:06:30,698 [INFO] apscheduler.scheduler - Added job "execute_health_checks" to job store "default"
2026-07-29 09:06:30,698 [INFO] apscheduler.scheduler - Added job "execute_health_checks" to job store "default"
2026-07-29 09:06:30,698 [INFO] apscheduler.scheduler - Added job "execute_health_checks" to job store "default"
2026-07-29 09:06:30,699 [INFO] apscheduler.scheduler - Scheduler started
2026-07-29 09:06:30,699 [INFO] apscheduler.scheduler - Scheduler started
2026-07-29 09:06:30,699 [INFO] apscheduler.scheduler - Scheduler started
2026-07-29 09:06:30,699 [INFO] apscheduler.scheduler - Scheduler started
2026-07-29 09:06:30,699 [INFO] apscheduler.scheduler - Scheduler started
2026-07-29 09:06:30,699 [INFO] apscheduler.scheduler - Scheduler started
2026-07-29 09:06:30,699 [INFO] apscheduler.scheduler - Scheduler started
2026-07-29 09:06:30,699 [INFO] scheduler - MonitoringService: Started SRE monitoring scheduler daemon
2026-07-29 09:06:30,699 [INFO] scheduler - MonitoringService: Started SRE monitoring scheduler daemon
2026-07-29 09:06:30,699 [INFO] scheduler - MonitoringService: Started SRE monitoring scheduler daemon
2026-07-29 09:06:30,699 [INFO] scheduler - MonitoringService: Started SRE monitoring scheduler daemon
2026-07-29 09:06:30,699 [INFO] scheduler - MonitoringService: Started SRE monitoring scheduler daemon
2026-07-29 09:06:30,699 [INFO] scheduler - MonitoringService: Started SRE monitoring scheduler daemon
2026-07-29 09:06:30,699 [INFO] scheduler - MonitoringService: Started SRE monitoring scheduler daemon
2026-07-29 09:06:30,708 [INFO] scheduler - MonitoringService: Stopped SRE monitoring scheduler daemon
2026-07-29 09:06:30,708 [INFO] scheduler - MonitoringService: Stopped SRE monitoring scheduler daemon
2026-07-29 09:06:30,708 [INFO] scheduler - MonitoringService: Stopped SRE monitoring scheduler daemon
2026-07-29 09:06:30,708 [INFO] scheduler - MonitoringService: Stopped SRE monitoring scheduler daemon
2026-07-29 09:06:30,708 [INFO] scheduler - MonitoringService: Stopped SRE monitoring scheduler daemon
2026-07-29 09:06:30,708 [INFO] scheduler - MonitoringService: Stopped SRE monitoring scheduler daemon
2026-07-29 09:06:30,708 [INFO] scheduler - MonitoringService: Stopped SRE monitoring scheduler daemon
2026-07-29 09:06:30,709 [INFO] apscheduler.scheduler - Scheduler has been shut down
2026-07-29 09:06:30,709 [INFO] apscheduler.scheduler - Scheduler has been shut down
2026-07-29 09:06:30,709 [INFO] apscheduler.scheduler - Scheduler has been shut down
2026-07-29 09:06:30,709 [INFO] apscheduler.scheduler - Scheduler has been shut down
2026-07-29 09:06:30,709 [INFO] apscheduler.scheduler - Scheduler has been shut down
2026-07-29 09:06:30,709 [INFO] apscheduler.scheduler - Scheduler has been shut down
2026-07-29 09:06:30,709 [INFO] apscheduler.scheduler - Scheduler has been shut down
2026-07-29 09:06:30,714 [INFO] apscheduler.scheduler - Adding job tentatively -- it will be properly scheduled when the scheduler starts
2026-07-29 09:06:30,714 [INFO] apscheduler.scheduler - Adding job tentatively -- it will be properly scheduled when the scheduler starts
2026-07-29 09:06:30,714 [INFO] apscheduler.scheduler - Adding job tentatively -- it will be properly scheduled when the scheduler starts
2026-07-29 09:06:30,714 [INFO] apscheduler.scheduler - Adding job tentatively -- it will be properly scheduled when the scheduler starts
2026-07-29 09:06:30,714 [INFO] apscheduler.scheduler - Adding job tentatively -- it will be properly scheduled when the scheduler starts
2026-07-29 09:06:30,714 [INFO] apscheduler.scheduler - Adding job tentatively -- it will be properly scheduled when the scheduler starts
2026-07-29 09:06:30,714 [INFO] apscheduler.scheduler - Adding job tentatively -- it will be properly scheduled when the scheduler starts
2026-07-29 09:06:30,714 [INFO] apscheduler.scheduler - Adding job tentatively -- it will be properly scheduled when the scheduler starts
2026-07-29 09:06:30,715 [INFO] apscheduler.scheduler - Added job "execute_health_checks" to job store "default"
2026-07-29 09:06:30,715 [INFO] apscheduler.scheduler - Added job "execute_health_checks" to job store "default"
2026-07-29 09:06:30,715 [INFO] apscheduler.scheduler - Added job "execute_health_checks" to job store "default"
2026-07-29 09:06:30,715 [INFO] apscheduler.scheduler - Added job "execute_health_checks" to job store "default"
2026-07-29 09:06:30,715 [INFO] apscheduler.scheduler - Added job "execute_health_checks" to job store "default"
2026-07-29 09:06:30,715 [INFO] apscheduler.scheduler - Added job "execute_health_checks" to job store "default"
2026-07-29 09:06:30,715 [INFO] apscheduler.scheduler - Added job "execute_health_checks" to job store "default"
2026-07-29 09:06:30,715 [INFO] apscheduler.scheduler - Added job "execute_health_checks" to job store "default"
2026-07-29 09:06:30,715 [INFO] apscheduler.scheduler - Scheduler started
2026-07-29 09:06:30,715 [INFO] apscheduler.scheduler - Scheduler started
2026-07-29 09:06:30,715 [INFO] apscheduler.scheduler - Scheduler started
2026-07-29 09:06:30,715 [INFO] apscheduler.scheduler - Scheduler started
2026-07-29 09:06:30,715 [INFO] apscheduler.scheduler - Scheduler started
2026-07-29 09:06:30,715 [INFO] apscheduler.scheduler - Scheduler started
2026-07-29 09:06:30,715 [INFO] apscheduler.scheduler - Scheduler started
2026-07-29 09:06:30,715 [INFO] apscheduler.scheduler - Scheduler started
2026-07-29 09:06:30,716 [INFO] scheduler - MonitoringService: Started SRE monitoring scheduler daemon
2026-07-29 09:06:30,716 [INFO] scheduler - MonitoringService: Started SRE monitoring scheduler daemon
2026-07-29 09:06:30,716 [INFO] scheduler - MonitoringService: Started SRE monitoring scheduler daemon
2026-07-29 09:06:30,716 [INFO] scheduler - MonitoringService: Started SRE monitoring scheduler daemon
2026-07-29 09:06:30,716 [INFO] scheduler - MonitoringService: Started SRE monitoring scheduler daemon
2026-07-29 09:06:30,716 [INFO] scheduler - MonitoringService: Started SRE monitoring scheduler daemon
2026-07-29 09:06:30,716 [INFO] scheduler - MonitoringService: Started SRE monitoring scheduler daemon
2026-07-29 09:06:30,716 [INFO] scheduler - MonitoringService: Started SRE monitoring scheduler daemon
2026-07-29 09:06:31,702 [INFO] scheduler - MonitoringService: Stopped SRE monitoring scheduler daemon
2026-07-29 09:06:31,702 [INFO] scheduler - MonitoringService: Stopped SRE monitoring scheduler daemon
2026-07-29 09:06:31,702 [INFO] scheduler - MonitoringService: Stopped SRE monitoring scheduler daemon
2026-07-29 09:06:31,702 [INFO] scheduler - MonitoringService: Stopped SRE monitoring scheduler daemon
2026-07-29 09:06:31,702 [INFO] scheduler - MonitoringService: Stopped SRE monitoring scheduler daemon
2026-07-29 09:06:31,702 [INFO] scheduler - MonitoringService: Stopped SRE monitoring scheduler daemon
2026-07-29 09:06:31,702 [INFO] scheduler - MonitoringService: Stopped SRE monitoring scheduler daemon
2026-07-29 09:06:31,702 [INFO] scheduler - MonitoringService: Stopped SRE monitoring scheduler daemon
2026-07-29 09:06:31,703 [INFO] apscheduler.scheduler - Scheduler has been shut down
2026-07-29 09:06:31,703 [INFO] apscheduler.scheduler - Scheduler has been shut down
2026-07-29 09:06:31,703 [INFO] apscheduler.scheduler - Scheduler has been shut down
2026-07-29 09:06:31,703 [INFO] apscheduler.scheduler - Scheduler has been shut down
2026-07-29 09:06:31,703 [INFO] apscheduler.scheduler - Scheduler has been shut down
2026-07-29 09:06:31,703 [INFO] apscheduler.scheduler - Scheduler has been shut down
2026-07-29 09:06:31,703 [INFO] apscheduler.scheduler - Scheduler has been shut down
2026-07-29 09:06:31,703 [INFO] apscheduler.scheduler - Scheduler has been shut down
2026-07-29 09:06:31,714 [INFO] apscheduler.scheduler - Adding job tentatively -- it will be properly scheduled when the scheduler starts
2026-07-29 09:06:31,714 [INFO] apscheduler.scheduler - Adding job tentatively -- it will be properly scheduled when the scheduler starts
2026-07-29 09:06:31,714 [INFO] apscheduler.scheduler - Adding job tentatively -- it will be properly scheduled when the scheduler starts
2026-07-29 09:06:31,714 [INFO] apscheduler.scheduler - Adding job tentatively -- it will be properly scheduled when the scheduler starts
2026-07-29 09:06:31,714 [INFO] apscheduler.scheduler - Adding job tentatively -- it will be properly scheduled when the scheduler starts
2026-07-29 09:06:31,714 [INFO] apscheduler.scheduler - Adding job tentatively -- it will be properly scheduled when the scheduler starts
2026-07-29 09:06:31,714 [INFO] apscheduler.scheduler - Adding job tentatively -- it will be properly scheduled when the scheduler starts
2026-07-29 09:06:31,714 [INFO] apscheduler.scheduler - Adding job tentatively -- it will be properly scheduled when the scheduler starts
2026-07-29 09:06:31,714 [INFO] apscheduler.scheduler - Adding job tentatively -- it will be properly scheduled when the scheduler starts
2026-07-29 09:06:31,715 [INFO] apscheduler.scheduler - Added job "execute_health_checks" to job store "default"
2026-07-29 09:06:31,715 [INFO] apscheduler.scheduler - Added job "execute_health_checks" to job store "default"
2026-07-29 09:06:31,715 [INFO] apscheduler.scheduler - Added job "execute_health_checks" to job store "default"
2026-07-29 09:06:31,715 [INFO] apscheduler.scheduler - Added job "execute_health_checks" to job store "default"
2026-07-29 09:06:31,715 [INFO] apscheduler.scheduler - Added job "execute_health_checks" to job store "default"
2026-07-29 09:06:31,715 [INFO] apscheduler.scheduler - Added job "execute_health_checks" to job store "default"
2026-07-29 09:06:31,715 [INFO] apscheduler.scheduler - Added job "execute_health_checks" to job store "default"
2026-07-29 09:06:31,715 [INFO] apscheduler.scheduler - Added job "execute_health_checks" to job store "default"
2026-07-29 09:06:31,715 [INFO] apscheduler.scheduler - Added job "execute_health_checks" to job store "default"
2026-07-29 09:06:31,717 [INFO] apscheduler.scheduler - Scheduler started
2026-07-29 09:06:31,717 [INFO] apscheduler.scheduler - Scheduler started
2026-07-29 09:06:31,717 [INFO] apscheduler.scheduler - Scheduler started
2026-07-29 09:06:31,717 [INFO] apscheduler.scheduler - Scheduler started
2026-07-29 09:06:31,717 [INFO] apscheduler.scheduler - Scheduler started
2026-07-29 09:06:31,717 [INFO] apscheduler.scheduler - Scheduler started
2026-07-29 09:06:31,717 [INFO] apscheduler.scheduler - Scheduler started
2026-07-29 09:06:31,717 [INFO] apscheduler.scheduler - Scheduler started
2026-07-29 09:06:31,717 [INFO] apscheduler.scheduler - Scheduler started
2026-07-29 09:06:31,718 [INFO] scheduler - MonitoringService: Started SRE monitoring scheduler daemon
2026-07-29 09:06:31,718 [INFO] scheduler - MonitoringService: Started SRE monitoring scheduler daemon
2026-07-29 09:06:31,718 [INFO] scheduler - MonitoringService: Started SRE monitoring scheduler daemon
2026-07-29 09:06:31,718 [INFO] scheduler - MonitoringService: Started SRE monitoring scheduler daemon
2026-07-29 09:06:31,718 [INFO] scheduler - MonitoringService: Started SRE monitoring scheduler daemon
2026-07-29 09:06:31,718 [INFO] scheduler - MonitoringService: Started SRE monitoring scheduler daemon
2026-07-29 09:06:31,718 [INFO] scheduler - MonitoringService: Started SRE monitoring scheduler daemon
2026-07-29 09:06:31,718 [INFO] scheduler - MonitoringService: Started SRE monitoring scheduler daemon
2026-07-29 09:06:31,718 [INFO] scheduler - MonitoringService: Started SRE monitoring scheduler daemon
2026-07-29 09:06:32,771 [INFO] scheduler - MonitoringService: Stopped SRE monitoring scheduler daemon
2026-07-29 09:06:32,771 [INFO] scheduler - MonitoringService: Stopped SRE monitoring scheduler daemon
2026-07-29 09:06:32,771 [INFO] scheduler - MonitoringService: Stopped SRE monitoring scheduler daemon
2026-07-29 09:06:32,771 [INFO] scheduler - MonitoringService: Stopped SRE monitoring scheduler daemon
2026-07-29 09:06:32,771 [INFO] scheduler - MonitoringService: Stopped SRE monitoring scheduler daemon
2026-07-29 09:06:32,771 [INFO] scheduler - MonitoringService: Stopped SRE monitoring scheduler daemon
2026-07-29 09:06:32,771 [INFO] scheduler - MonitoringService: Stopped SRE monitoring scheduler daemon
2026-07-29 09:06:32,771 [INFO] scheduler - MonitoringService: Stopped SRE monitoring scheduler daemon
2026-07-29 09:06:32,771 [INFO] scheduler - MonitoringService: Stopped SRE monitoring scheduler daemon
2026-07-29 09:06:32,772 [INFO] apscheduler.scheduler - Scheduler has been shut down
2026-07-29 09:06:32,772 [INFO] apscheduler.scheduler - Scheduler has been shut down
2026-07-29 09:06:32,772 [INFO] apscheduler.scheduler - Scheduler has been shut down
2026-07-29 09:06:32,772 [INFO] apscheduler.scheduler - Scheduler has been shut down
2026-07-29 09:06:32,772 [INFO] apscheduler.scheduler - Scheduler has been shut down
2026-07-29 09:06:32,772 [INFO] apscheduler.scheduler - Scheduler has been shut down
2026-07-29 09:06:32,772 [INFO] apscheduler.scheduler - Scheduler has been shut down
2026-07-29 09:06:32,772 [INFO] apscheduler.scheduler - Scheduler has been shut down
2026-07-29 09:06:32,772 [INFO] apscheduler.scheduler - Scheduler has been shut down
2026-07-29 09:06:32,917 [INFO] apscheduler.scheduler - Adding job tentatively -- it will be properly scheduled when the scheduler starts
2026-07-29 09:06:32,917 [INFO] apscheduler.scheduler - Adding job tentatively -- it will be properly scheduled when the scheduler starts
2026-07-29 09:06:32,917 [INFO] apscheduler.scheduler - Adding job tentatively -- it will be properly scheduled when the scheduler starts
2026-07-29 09:06:32,917 [INFO] apscheduler.scheduler - Adding job tentatively -- it will be properly scheduled when the scheduler starts
2026-07-29 09:06:32,917 [INFO] apscheduler.scheduler - Adding job tentatively -- it will be properly scheduled when the scheduler starts
2026-07-29 09:06:32,917 [INFO] apscheduler.scheduler - Adding job tentatively -- it will be properly scheduled when the scheduler starts
2026-07-29 09:06:32,917 [INFO] apscheduler.scheduler - Adding job tentatively -- it will be properly scheduled when the scheduler starts
2026-07-29 09:06:32,917 [INFO] apscheduler.scheduler - Adding job tentatively -- it will be properly scheduled when the scheduler starts
2026-07-29 09:06:32,917 [INFO] apscheduler.scheduler - Adding job tentatively -- it will be properly scheduled when the scheduler starts
2026-07-29 09:06:32,917 [INFO] apscheduler.scheduler - Adding job tentatively -- it will be properly scheduled when the scheduler starts
2026-07-29 09:06:32,917 [INFO] apscheduler.scheduler - Added job "execute_health_checks" to job store "default"
2026-07-29 09:06:32,917 [INFO] apscheduler.scheduler - Added job "execute_health_checks" to job store "default"
2026-07-29 09:06:32,917 [INFO] apscheduler.scheduler - Added job "execute_health_checks" to job store "default"
2026-07-29 09:06:32,917 [INFO] apscheduler.scheduler - Added job "execute_health_checks" to job store "default"
2026-07-29 09:06:32,917 [INFO] apscheduler.scheduler - Added job "execute_health_checks" to job store "default"
2026-07-29 09:06:32,917 [INFO] apscheduler.scheduler - Added job "execute_health_checks" to job store "default"
2026-07-29 09:06:32,917 [INFO] apscheduler.scheduler - Added job "execute_health_checks" to job store "default"
2026-07-29 09:06:32,917 [INFO] apscheduler.scheduler - Added job "execute_health_checks" to job store "default"
2026-07-29 09:06:32,917 [INFO] apscheduler.scheduler - Added job "execute_health_checks" to job store "default"
2026-07-29 09:06:32,917 [INFO] apscheduler.scheduler - Added job "execute_health_checks" to job store "default"
2026-07-29 09:06:32,917 [INFO] apscheduler.scheduler - Scheduler started
2026-07-29 09:06:32,917 [INFO] apscheduler.scheduler - Scheduler started
2026-07-29 09:06:32,917 [INFO] apscheduler.scheduler - Scheduler started
2026-07-29 09:06:32,917 [INFO] apscheduler.scheduler - Scheduler started
2026-07-29 09:06:32,917 [INFO] apscheduler.scheduler - Scheduler started
2026-07-29 09:06:32,917 [INFO] apscheduler.scheduler - Scheduler started
2026-07-29 09:06:32,917 [INFO] apscheduler.scheduler - Scheduler started
2026-07-29 09:06:32,917 [INFO] apscheduler.scheduler - Scheduler started
2026-07-29 09:06:32,917 [INFO] apscheduler.scheduler - Scheduler started
2026-07-29 09:06:32,917 [INFO] apscheduler.scheduler - Scheduler started
2026-07-29 09:06:32,918 [INFO] scheduler - MonitoringService: Started SRE monitoring scheduler daemon
2026-07-29 09:06:32,918 [INFO] scheduler - MonitoringService: Started SRE monitoring scheduler daemon
2026-07-29 09:06:32,918 [INFO] scheduler - MonitoringService: Started SRE monitoring scheduler daemon
2026-07-29 09:06:32,918 [INFO] scheduler - MonitoringService: Started SRE monitoring scheduler daemon
2026-07-29 09:06:32,918 [INFO] scheduler - MonitoringService: Started SRE monitoring scheduler daemon
2026-07-29 09:06:32,918 [INFO] scheduler - MonitoringService: Started SRE monitoring scheduler daemon
2026-07-29 09:06:32,918 [INFO] scheduler - MonitoringService: Started SRE monitoring scheduler daemon
2026-07-29 09:06:32,918 [INFO] scheduler - MonitoringService: Started SRE monitoring scheduler daemon
2026-07-29 09:06:32,918 [INFO] scheduler - MonitoringService: Started SRE monitoring scheduler daemon
2026-07-29 09:06:32,918 [INFO] scheduler - MonitoringService: Started SRE monitoring scheduler daemon
2026-07-29 09:06:33,992 [INFO] scheduler - MonitoringService: Stopped SRE monitoring scheduler daemon
2026-07-29 09:06:33,992 [INFO] scheduler - MonitoringService: Stopped SRE monitoring scheduler daemon
2026-07-29 09:06:33,992 [INFO] scheduler - MonitoringService: Stopped SRE monitoring scheduler daemon
2026-07-29 09:06:33,992 [INFO] scheduler - MonitoringService: Stopped SRE monitoring scheduler daemon
2026-07-29 09:06:33,992 [INFO] scheduler - MonitoringService: Stopped SRE monitoring scheduler daemon
2026-07-29 09:06:33,992 [INFO] scheduler - MonitoringService: Stopped SRE monitoring scheduler daemon
2026-07-29 09:06:33,992 [INFO] scheduler - MonitoringService: Stopped SRE monitoring scheduler daemon
2026-07-29 09:06:33,992 [INFO] scheduler - MonitoringService: Stopped SRE monitoring scheduler daemon
2026-07-29 09:06:33,992 [INFO] scheduler - MonitoringService: Stopped SRE monitoring scheduler daemon
2026-07-29 09:06:33,992 [INFO] scheduler - MonitoringService: Stopped SRE monitoring scheduler daemon
2026-07-29 09:06:33,992 [INFO] apscheduler.scheduler - Scheduler has been shut down
2026-07-29 09:06:33,992 [INFO] apscheduler.scheduler - Scheduler has been shut down
2026-07-29 09:06:33,992 [INFO] apscheduler.scheduler - Scheduler has been shut down
2026-07-29 09:06:33,992 [INFO] apscheduler.scheduler - Scheduler has been shut down
2026-07-29 09:06:33,992 [INFO] apscheduler.scheduler - Scheduler has been shut down
2026-07-29 09:06:33,992 [INFO] apscheduler.scheduler - Scheduler has been shut down
2026-07-29 09:06:33,992 [INFO] apscheduler.scheduler - Scheduler has been shut down
2026-07-29 09:06:33,992 [INFO] apscheduler.scheduler - Scheduler has been shut down
2026-07-29 09:06:33,992 [INFO] apscheduler.scheduler - Scheduler has been shut down
2026-07-29 09:06:33,992 [INFO] apscheduler.scheduler - Scheduler has been shut down
2026-07-29 09:06:34,000 [INFO] apscheduler.scheduler - Adding job tentatively -- it will be properly scheduled when the scheduler starts
2026-07-29 09:06:34,000 [INFO] apscheduler.scheduler - Adding job tentatively -- it will be properly scheduled when the scheduler starts
2026-07-29 09:06:34,000 [INFO] apscheduler.scheduler - Adding job tentatively -- it will be properly scheduled when the scheduler starts
2026-07-29 09:06:34,000 [INFO] apscheduler.scheduler - Adding job tentatively -- it will be properly scheduled when the scheduler starts
2026-07-29 09:06:34,000 [INFO] apscheduler.scheduler - Adding job tentatively -- it will be properly scheduled when the scheduler starts
2026-07-29 09:06:34,000 [INFO] apscheduler.scheduler - Adding job tentatively -- it will be properly scheduled when the scheduler starts
2026-07-29 09:06:34,000 [INFO] apscheduler.scheduler - Adding job tentatively -- it will be properly scheduled when the scheduler starts
2026-07-29 09:06:34,000 [INFO] apscheduler.scheduler - Adding job tentatively -- it will be properly scheduled when the scheduler starts
2026-07-29 09:06:34,000 [INFO] apscheduler.scheduler - Adding job tentatively -- it will be properly scheduled when the scheduler starts
2026-07-29 09:06:34,000 [INFO] apscheduler.scheduler - Adding job tentatively -- it will be properly scheduled when the scheduler starts
2026-07-29 09:06:34,000 [INFO] apscheduler.scheduler - Adding job tentatively -- it will be properly scheduled when the scheduler starts
2026-07-29 09:06:34,000 [INFO] apscheduler.scheduler - Added job "execute_health_checks" to job store "default"
2026-07-29 09:06:34,000 [INFO] apscheduler.scheduler - Added job "execute_health_checks" to job store "default"
2026-07-29 09:06:34,000 [INFO] apscheduler.scheduler - Added job "execute_health_checks" to job store "default"
2026-07-29 09:06:34,000 [INFO] apscheduler.scheduler - Added job "execute_health_checks" to job store "default"
2026-07-29 09:06:34,000 [INFO] apscheduler.scheduler - Added job "execute_health_checks" to job store "default"
2026-07-29 09:06:34,000 [INFO] apscheduler.scheduler - Added job "execute_health_checks" to job store "default"
2026-07-29 09:06:34,000 [INFO] apscheduler.scheduler - Added job "execute_health_checks" to job store "default"
2026-07-29 09:06:34,000 [INFO] apscheduler.scheduler - Added job "execute_health_checks" to job store "default"
2026-07-29 09:06:34,000 [INFO] apscheduler.scheduler - Added job "execute_health_checks" to job store "default"
2026-07-29 09:06:34,000 [INFO] apscheduler.scheduler - Added job "execute_health_checks" to job store "default"
2026-07-29 09:06:34,000 [INFO] apscheduler.scheduler - Added job "execute_health_checks" to job store "default"
2026-07-29 09:06:34,001 [INFO] apscheduler.scheduler - Scheduler started
2026-07-29 09:06:34,001 [INFO] apscheduler.scheduler - Scheduler started
2026-07-29 09:06:34,001 [INFO] apscheduler.scheduler - Scheduler started
2026-07-29 09:06:34,001 [INFO] apscheduler.scheduler - Scheduler started
2026-07-29 09:06:34,001 [INFO] apscheduler.scheduler - Scheduler started
2026-07-29 09:06:34,001 [INFO] apscheduler.scheduler - Scheduler started
2026-07-29 09:06:34,001 [INFO] apscheduler.scheduler - Scheduler started
2026-07-29 09:06:34,001 [INFO] apscheduler.scheduler - Scheduler started
2026-07-29 09:06:34,001 [INFO] apscheduler.scheduler - Scheduler started
2026-07-29 09:06:34,001 [INFO] apscheduler.scheduler - Scheduler started
2026-07-29 09:06:34,001 [INFO] apscheduler.scheduler - Scheduler started
2026-07-29 09:06:34,001 [INFO] scheduler - MonitoringService: Started SRE monitoring scheduler daemon
2026-07-29 09:06:34,001 [INFO] scheduler - MonitoringService: Started SRE monitoring scheduler daemon
2026-07-29 09:06:34,001 [INFO] scheduler - MonitoringService: Started SRE monitoring scheduler daemon
2026-07-29 09:06:34,001 [INFO] scheduler - MonitoringService: Started SRE monitoring scheduler daemon
2026-07-29 09:06:34,001 [INFO] scheduler - MonitoringService: Started SRE monitoring scheduler daemon
2026-07-29 09:06:34,001 [INFO] scheduler - MonitoringService: Started SRE monitoring scheduler daemon
2026-07-29 09:06:34,001 [INFO] scheduler - MonitoringService: Started SRE monitoring scheduler daemon
2026-07-29 09:06:34,001 [INFO] scheduler - MonitoringService: Started SRE monitoring scheduler daemon
2026-07-29 09:06:34,001 [INFO] scheduler - MonitoringService: Started SRE monitoring scheduler daemon
2026-07-29 09:06:34,001 [INFO] scheduler - MonitoringService: Started SRE monitoring scheduler daemon
2026-07-29 09:06:34,001 [INFO] scheduler - MonitoringService: Started SRE monitoring scheduler daemon
2026-07-29 09:06:34,995 [INFO] scheduler - MonitoringService: Stopped SRE monitoring scheduler daemon
2026-07-29 09:06:34,995 [INFO] scheduler - MonitoringService: Stopped SRE monitoring scheduler daemon
2026-07-29 09:06:34,995 [INFO] scheduler - MonitoringService: Stopped SRE monitoring scheduler daemon
2026-07-29 09:06:34,995 [INFO] scheduler - MonitoringService: Stopped SRE monitoring scheduler daemon
2026-07-29 09:06:34,995 [INFO] scheduler - MonitoringService: Stopped SRE monitoring scheduler daemon
2026-07-29 09:06:34,995 [INFO] scheduler - MonitoringService: Stopped SRE monitoring scheduler daemon
2026-07-29 09:06:34,995 [INFO] scheduler - MonitoringService: Stopped SRE monitoring scheduler daemon
2026-07-29 09:06:34,995 [INFO] scheduler - MonitoringService: Stopped SRE monitoring scheduler daemon
2026-07-29 09:06:34,995 [INFO] scheduler - MonitoringService: Stopped SRE monitoring scheduler daemon
2026-07-29 09:06:34,995 [INFO] scheduler - MonitoringService: Stopped SRE monitoring scheduler daemon
2026-07-29 09:06:34,995 [INFO] scheduler - MonitoringService: Stopped SRE monitoring scheduler daemon
2026-07-29 09:06:34,996 [INFO] apscheduler.scheduler - Scheduler has been shut down
2026-07-29 09:06:34,996 [INFO] apscheduler.scheduler - Scheduler has been shut down
2026-07-29 09:06:34,996 [INFO] apscheduler.scheduler - Scheduler has been shut down
2026-07-29 09:06:34,996 [INFO] apscheduler.scheduler - Scheduler has been shut down
2026-07-29 09:06:34,996 [INFO] apscheduler.scheduler - Scheduler has been shut down
2026-07-29 09:06:34,996 [INFO] apscheduler.scheduler - Scheduler has been shut down
2026-07-29 09:06:34,996 [INFO] apscheduler.scheduler - Scheduler has been shut down
2026-07-29 09:06:34,996 [INFO] apscheduler.scheduler - Scheduler has been shut down
2026-07-29 09:06:34,996 [INFO] apscheduler.scheduler - Scheduler has been shut down
2026-07-29 09:06:34,996 [INFO] apscheduler.scheduler - Scheduler has been shut down
2026-07-29 09:06:34,996 [INFO] apscheduler.scheduler - Scheduler has been shut down
2026-07-29 09:06:35,008 [INFO] apscheduler.scheduler - Adding job tentatively -- it will be properly scheduled when the scheduler starts
2026-07-29 09:06:35,008 [INFO] apscheduler.scheduler - Adding job tentatively -- it will be properly scheduled when the scheduler starts
2026-07-29 09:06:35,008 [INFO] apscheduler.scheduler - Adding job tentatively -- it will be properly scheduled when the scheduler starts
2026-07-29 09:06:35,008 [INFO] apscheduler.scheduler - Adding job tentatively -- it will be properly scheduled when the scheduler starts
2026-07-29 09:06:35,008 [INFO] apscheduler.scheduler - Adding job tentatively -- it will be properly scheduled when the scheduler starts
2026-07-29 09:06:35,008 [INFO] apscheduler.scheduler - Adding job tentatively -- it will be properly scheduled when the scheduler starts
2026-07-29 09:06:35,008 [INFO] apscheduler.scheduler - Adding job tentatively -- it will be properly scheduled when the scheduler starts
2026-07-29 09:06:35,008 [INFO] apscheduler.scheduler - Adding job tentatively -- it will be properly scheduled when the scheduler starts
2026-07-29 09:06:35,008 [INFO] apscheduler.scheduler - Adding job tentatively -- it will be properly scheduled when the scheduler starts
2026-07-29 09:06:35,008 [INFO] apscheduler.scheduler - Adding job tentatively -- it will be properly scheduled when the scheduler starts
2026-07-29 09:06:35,008 [INFO] apscheduler.scheduler - Adding job tentatively -- it will be properly scheduled when the scheduler starts
2026-07-29 09:06:35,008 [INFO] apscheduler.scheduler - Adding job tentatively -- it will be properly scheduled when the scheduler starts
2026-07-29 09:06:35,009 [INFO] apscheduler.scheduler - Added job "execute_health_checks" to job store "default"
2026-07-29 09:06:35,009 [INFO] apscheduler.scheduler - Added job "execute_health_checks" to job store "default"
2026-07-29 09:06:35,009 [INFO] apscheduler.scheduler - Added job "execute_health_checks" to job store "default"
2026-07-29 09:06:35,009 [INFO] apscheduler.scheduler - Added job "execute_health_checks" to job store "default"
2026-07-29 09:06:35,009 [INFO] apscheduler.scheduler - Added job "execute_health_checks" to job store "default"
2026-07-29 09:06:35,009 [INFO] apscheduler.scheduler - Added job "execute_health_checks" to job store "default"
2026-07-29 09:06:35,009 [INFO] apscheduler.scheduler - Added job "execute_health_checks" to job store "default"
2026-07-29 09:06:35,009 [INFO] apscheduler.scheduler - Added job "execute_health_checks" to job store "default"
2026-07-29 09:06:35,009 [INFO] apscheduler.scheduler - Added job "execute_health_checks" to job store "default"
2026-07-29 09:06:35,009 [INFO] apscheduler.scheduler - Added job "execute_health_checks" to job store "default"
2026-07-29 09:06:35,009 [INFO] apscheduler.scheduler - Added job "execute_health_checks" to job store "default"
2026-07-29 09:06:35,009 [INFO] apscheduler.scheduler - Added job "execute_health_checks" to job store "default"
2026-07-29 09:06:35,009 [INFO] apscheduler.scheduler - Scheduler started
2026-07-29 09:06:35,009 [INFO] apscheduler.scheduler - Scheduler started
2026-07-29 09:06:35,009 [INFO] apscheduler.scheduler - Scheduler started
2026-07-29 09:06:35,009 [INFO] apscheduler.scheduler - Scheduler started
2026-07-29 09:06:35,009 [INFO] apscheduler.scheduler - Scheduler started
2026-07-29 09:06:35,009 [INFO] apscheduler.scheduler - Scheduler started
2026-07-29 09:06:35,009 [INFO] apscheduler.scheduler - Scheduler started
2026-07-29 09:06:35,009 [INFO] apscheduler.scheduler - Scheduler started
2026-07-29 09:06:35,009 [INFO] apscheduler.scheduler - Scheduler started
2026-07-29 09:06:35,009 [INFO] apscheduler.scheduler - Scheduler started
2026-07-29 09:06:35,009 [INFO] apscheduler.scheduler - Scheduler started
2026-07-29 09:06:35,009 [INFO] apscheduler.scheduler - Scheduler started
2026-07-29 09:06:35,010 [INFO] scheduler - MonitoringService: Started SRE monitoring scheduler daemon
2026-07-29 09:06:35,010 [INFO] scheduler - MonitoringService: Started SRE monitoring scheduler daemon
2026-07-29 09:06:35,010 [INFO] scheduler - MonitoringService: Started SRE monitoring scheduler daemon
2026-07-29 09:06:35,010 [INFO] scheduler - MonitoringService: Started SRE monitoring scheduler daemon
2026-07-29 09:06:35,010 [INFO] scheduler - MonitoringService: Started SRE monitoring scheduler daemon
2026-07-29 09:06:35,010 [INFO] scheduler - MonitoringService: Started SRE monitoring scheduler daemon
2026-07-29 09:06:35,010 [INFO] scheduler - MonitoringService: Started SRE monitoring scheduler daemon
2026-07-29 09:06:35,010 [INFO] scheduler - MonitoringService: Started SRE monitoring scheduler daemon
2026-07-29 09:06:35,010 [INFO] scheduler - MonitoringService: Started SRE monitoring scheduler daemon
2026-07-29 09:06:35,010 [INFO] scheduler - MonitoringService: Started SRE monitoring scheduler daemon
2026-07-29 09:06:35,010 [INFO] scheduler - MonitoringService: Started SRE monitoring scheduler daemon
2026-07-29 09:06:35,010 [INFO] scheduler - MonitoringService: Started SRE monitoring scheduler daemon
2026-07-29 09:06:35,861 [INFO] scheduler - MonitoringService: Stopped SRE monitoring scheduler daemon
2026-07-29 09:06:35,861 [INFO] scheduler - MonitoringService: Stopped SRE monitoring scheduler daemon
2026-07-29 09:06:35,861 [INFO] scheduler - MonitoringService: Stopped SRE monitoring scheduler daemon
2026-07-29 09:06:35,861 [INFO] scheduler - MonitoringService: Stopped SRE monitoring scheduler daemon
2026-07-29 09:06:35,861 [INFO] scheduler - MonitoringService: Stopped SRE monitoring scheduler daemon
2026-07-29 09:06:35,861 [INFO] scheduler - MonitoringService: Stopped SRE monitoring scheduler daemon
2026-07-29 09:06:35,861 [INFO] scheduler - MonitoringService: Stopped SRE monitoring scheduler daemon
2026-07-29 09:06:35,861 [INFO] scheduler - MonitoringService: Stopped SRE monitoring scheduler daemon
2026-07-29 09:06:35,861 [INFO] scheduler - MonitoringService: Stopped SRE monitoring scheduler daemon
2026-07-29 09:06:35,861 [INFO] scheduler - MonitoringService: Stopped SRE monitoring scheduler daemon
2026-07-29 09:06:35,861 [INFO] scheduler - MonitoringService: Stopped SRE monitoring scheduler daemon
2026-07-29 09:06:35,861 [INFO] scheduler - MonitoringService: Stopped SRE monitoring scheduler daemon
2026-07-29 09:06:35,861 [INFO] apscheduler.scheduler - Scheduler has been shut down
2026-07-29 09:06:35,861 [INFO] apscheduler.scheduler - Scheduler has been shut down
2026-07-29 09:06:35,861 [INFO] apscheduler.scheduler - Scheduler has been shut down
2026-07-29 09:06:35,861 [INFO] apscheduler.scheduler - Scheduler has been shut down
2026-07-29 09:06:35,861 [INFO] apscheduler.scheduler - Scheduler has been shut down
2026-07-29 09:06:35,861 [INFO] apscheduler.scheduler - Scheduler has been shut down
2026-07-29 09:06:35,861 [INFO] apscheduler.scheduler - Scheduler has been shut down
2026-07-29 09:06:35,861 [INFO] apscheduler.scheduler - Scheduler has been shut down
2026-07-29 09:06:35,861 [INFO] apscheduler.scheduler - Scheduler has been shut down
2026-07-29 09:06:35,861 [INFO] apscheduler.scheduler - Scheduler has been shut down
2026-07-29 09:06:35,861 [INFO] apscheduler.scheduler - Scheduler has been shut down
2026-07-29 09:06:35,861 [INFO] apscheduler.scheduler - Scheduler has been shut down
2026-07-29 09:06:35,869 [INFO] apscheduler.scheduler - Adding job tentatively -- it will be properly scheduled when the scheduler starts
2026-07-29 09:06:35,869 [INFO] apscheduler.scheduler - Adding job tentatively -- it will be properly scheduled when the scheduler starts
2026-07-29 09:06:35,869 [INFO] apscheduler.scheduler - Adding job tentatively -- it will be properly scheduled when the scheduler starts
2026-07-29 09:06:35,869 [INFO] apscheduler.scheduler - Adding job tentatively -- it will be properly scheduled when the scheduler starts
2026-07-29 09:06:35,869 [INFO] apscheduler.scheduler - Adding job tentatively -- it will be properly scheduled when the scheduler starts
2026-07-29 09:06:35,869 [INFO] apscheduler.scheduler - Adding job tentatively -- it will be properly scheduled when the scheduler starts
2026-07-29 09:06:35,869 [INFO] apscheduler.scheduler - Adding job tentatively -- it will be properly scheduled when the scheduler starts
2026-07-29 09:06:35,869 [INFO] apscheduler.scheduler - Adding job tentatively -- it will be properly scheduled when the scheduler starts
2026-07-29 09:06:35,869 [INFO] apscheduler.scheduler - Adding job tentatively -- it will be properly scheduled when the scheduler starts
2026-07-29 09:06:35,869 [INFO] apscheduler.scheduler - Adding job tentatively -- it will be properly scheduled when the scheduler starts
2026-07-29 09:06:35,869 [INFO] apscheduler.scheduler - Adding job tentatively -- it will be properly scheduled when the scheduler starts
2026-07-29 09:06:35,869 [INFO] apscheduler.scheduler - Adding job tentatively -- it will be properly scheduled when the scheduler starts
2026-07-29 09:06:35,869 [INFO] apscheduler.scheduler - Adding job tentatively -- it will be properly scheduled when the scheduler starts
2026-07-29 09:06:35,869 [INFO] apscheduler.scheduler - Added job "execute_health_checks" to job store "default"
2026-07-29 09:06:35,869 [INFO] apscheduler.scheduler - Added job "execute_health_checks" to job store "default"
2026-07-29 09:06:35,869 [INFO] apscheduler.scheduler - Added job "execute_health_checks" to job store "default"
2026-07-29 09:06:35,869 [INFO] apscheduler.scheduler - Added job "execute_health_checks" to job store "default"
2026-07-29 09:06:35,869 [INFO] apscheduler.scheduler - Added job "execute_health_checks" to job store "default"
2026-07-29 09:06:35,869 [INFO] apscheduler.scheduler - Added job "execute_health_checks" to job store "default"
2026-07-29 09:06:35,869 [INFO] apscheduler.scheduler - Added job "execute_health_checks" to job store "default"
2026-07-29 09:06:35,869 [INFO] apscheduler.scheduler - Added job "execute_health_checks" to job store "default"
2026-07-29 09:06:35,869 [INFO] apscheduler.scheduler - Added job "execute_health_checks" to job store "default"
2026-07-29 09:06:35,869 [INFO] apscheduler.scheduler - Added job "execute_health_checks" to job store "default"
2026-07-29 09:06:35,869 [INFO] apscheduler.scheduler - Added job "execute_health_checks" to job store "default"
2026-07-29 09:06:35,869 [INFO] apscheduler.scheduler - Added job "execute_health_checks" to job store "default"
2026-07-29 09:06:35,869 [INFO] apscheduler.scheduler - Added job "execute_health_checks" to job store "default"
2026-07-29 09:06:35,870 [INFO] apscheduler.scheduler - Scheduler started
2026-07-29 09:06:35,870 [INFO] apscheduler.scheduler - Scheduler started
2026-07-29 09:06:35,870 [INFO] apscheduler.scheduler - Scheduler started
2026-07-29 09:06:35,870 [INFO] apscheduler.scheduler - Scheduler started
2026-07-29 09:06:35,870 [INFO] apscheduler.scheduler - Scheduler started
2026-07-29 09:06:35,870 [INFO] apscheduler.scheduler - Scheduler started
2026-07-29 09:06:35,870 [INFO] apscheduler.scheduler - Scheduler started
2026-07-29 09:06:35,870 [INFO] apscheduler.scheduler - Scheduler started
2026-07-29 09:06:35,870 [INFO] apscheduler.scheduler - Scheduler started
2026-07-29 09:06:35,870 [INFO] apscheduler.scheduler - Scheduler started
2026-07-29 09:06:35,870 [INFO] apscheduler.scheduler - Scheduler started
2026-07-29 09:06:35,870 [INFO] apscheduler.scheduler - Scheduler started
2026-07-29 09:06:35,870 [INFO] apscheduler.scheduler - Scheduler started
2026-07-29 09:06:35,870 [INFO] scheduler - MonitoringService: Started SRE monitoring scheduler daemon
2026-07-29 09:06:35,870 [INFO] scheduler - MonitoringService: Started SRE monitoring scheduler daemon
2026-07-29 09:06:35,870 [INFO] scheduler - MonitoringService: Started SRE monitoring scheduler daemon
2026-07-29 09:06:35,870 [INFO] scheduler - MonitoringService: Started SRE monitoring scheduler daemon
2026-07-29 09:06:35,870 [INFO] scheduler - MonitoringService: Started SRE monitoring scheduler daemon
2026-07-29 09:06:35,870 [INFO] scheduler - MonitoringService: Started SRE monitoring scheduler daemon
2026-07-29 09:06:35,870 [INFO] scheduler - MonitoringService: Started SRE monitoring scheduler daemon
2026-07-29 09:06:35,870 [INFO] scheduler - MonitoringService: Started SRE monitoring scheduler daemon
2026-07-29 09:06:35,870 [INFO] scheduler - MonitoringService: Started SRE monitoring scheduler daemon
2026-07-29 09:06:35,870 [INFO] scheduler - MonitoringService: Started SRE monitoring scheduler daemon
2026-07-29 09:06:35,870 [INFO] scheduler - MonitoringService: Started SRE monitoring scheduler daemon
2026-07-29 09:06:35,870 [INFO] scheduler - MonitoringService: Started SRE monitoring scheduler daemon
2026-07-29 09:06:35,870 [INFO] scheduler - MonitoringService: Started SRE monitoring scheduler daemon
2026-07-29 09:06:36,874 [INFO] scheduler - MonitoringService: Stopped SRE monitoring scheduler daemon
2026-07-29 09:06:36,874 [INFO] scheduler - MonitoringService: Stopped SRE monitoring scheduler daemon
2026-07-29 09:06:36,874 [INFO] scheduler - MonitoringService: Stopped SRE monitoring scheduler daemon
2026-07-29 09:06:36,874 [INFO] scheduler - MonitoringService: Stopped SRE monitoring scheduler daemon
2026-07-29 09:06:36,874 [INFO] scheduler - MonitoringService: Stopped SRE monitoring scheduler daemon
2026-07-29 09:06:36,874 [INFO] scheduler - MonitoringService: Stopped SRE monitoring scheduler daemon
2026-07-29 09:06:36,874 [INFO] scheduler - MonitoringService: Stopped SRE monitoring scheduler daemon
2026-07-29 09:06:36,874 [INFO] scheduler - MonitoringService: Stopped SRE monitoring scheduler daemon
2026-07-29 09:06:36,874 [INFO] scheduler - MonitoringService: Stopped SRE monitoring scheduler daemon
2026-07-29 09:06:36,874 [INFO] scheduler - MonitoringService: Stopped SRE monitoring scheduler daemon
2026-07-29 09:06:36,874 [INFO] scheduler - MonitoringService: Stopped SRE monitoring scheduler daemon
2026-07-29 09:06:36,874 [INFO] scheduler - MonitoringService: Stopped SRE monitoring scheduler daemon
2026-07-29 09:06:36,874 [INFO] scheduler - MonitoringService: Stopped SRE monitoring scheduler daemon
2026-07-29 09:06:36,875 [INFO] apscheduler.scheduler - Scheduler has been shut down
2026-07-29 09:06:36,875 [INFO] apscheduler.scheduler - Scheduler has been shut down
2026-07-29 09:06:36,875 [INFO] apscheduler.scheduler - Scheduler has been shut down
2026-07-29 09:06:36,875 [INFO] apscheduler.scheduler - Scheduler has been shut down
2026-07-29 09:06:36,875 [INFO] apscheduler.scheduler - Scheduler has been shut down
2026-07-29 09:06:36,875 [INFO] apscheduler.scheduler - Scheduler has been shut down
2026-07-29 09:06:36,875 [INFO] apscheduler.scheduler - Scheduler has been shut down
2026-07-29 09:06:36,875 [INFO] apscheduler.scheduler - Scheduler has been shut down
2026-07-29 09:06:36,875 [INFO] apscheduler.scheduler - Scheduler has been shut down
2026-07-29 09:06:36,875 [INFO] apscheduler.scheduler - Scheduler has been shut down
2026-07-29 09:06:36,875 [INFO] apscheduler.scheduler - Scheduler has been shut down
2026-07-29 09:06:36,875 [INFO] apscheduler.scheduler - Scheduler has been shut down
2026-07-29 09:06:36,875 [INFO] apscheduler.scheduler - Scheduler has been shut down
2026-07-29 09:07:09,309 [INFO] apscheduler.scheduler - Adding job tentatively -- it will be properly scheduled when the scheduler starts
2026-07-29 09:07:09,311 [INFO] apscheduler.scheduler - Added job "execute_health_checks" to job store "default"
2026-07-29 09:07:09,311 [INFO] apscheduler.scheduler - Scheduler started
2026-07-29 09:07:09,312 [INFO] scheduler - MonitoringService: Started SRE monitoring scheduler daemon
2026-07-29 09:07:09,580 [INFO] scheduler - MonitoringService: Stopped SRE monitoring scheduler daemon
2026-07-29 09:07:09,580 [INFO] apscheduler.scheduler - Scheduler has been shut down
2026-07-29 09:07:09,585 [INFO] apscheduler.scheduler - Adding job tentatively -- it will be properly scheduled when the scheduler starts
2026-07-29 09:07:09,585 [INFO] apscheduler.scheduler - Adding job tentatively -- it will be properly scheduled when the scheduler starts
2026-07-29 09:07:09,586 [INFO] apscheduler.scheduler - Added job "execute_health_checks" to job store "default"
2026-07-29 09:07:09,586 [INFO] apscheduler.scheduler - Added job "execute_health_checks" to job store "default"
2026-07-29 09:07:09,586 [INFO] apscheduler.scheduler - Scheduler started
2026-07-29 09:07:09,586 [INFO] apscheduler.scheduler - Scheduler started
2026-07-29 09:07:09,586 [INFO] scheduler - MonitoringService: Started SRE monitoring scheduler daemon
2026-07-29 09:07:09,586 [INFO] scheduler - MonitoringService: Started SRE monitoring scheduler daemon
2026-07-29 09:07:09,592 [INFO] scheduler - MonitoringService: Stopped SRE monitoring scheduler daemon
2026-07-29 09:07:09,592 [INFO] scheduler - MonitoringService: Stopped SRE monitoring scheduler daemon
2026-07-29 09:07:09,592 [INFO] apscheduler.scheduler - Scheduler has been shut down
2026-07-29 09:07:09,592 [INFO] apscheduler.scheduler - Scheduler has been shut down
2026-07-29 09:07:09,597 [INFO] apscheduler.scheduler - Adding job tentatively -- it will be properly scheduled when the scheduler starts
2026-07-29 09:07:09,597 [INFO] apscheduler.scheduler - Adding job tentatively -- it will be properly scheduled when the scheduler starts
2026-07-29 09:07:09,597 [INFO] apscheduler.scheduler - Adding job tentatively -- it will be properly scheduled when the scheduler starts
2026-07-29 09:07:09,597 [INFO] apscheduler.scheduler - Added job "execute_health_checks" to job store "default"
2026-07-29 09:07:09,597 [INFO] apscheduler.scheduler - Added job "execute_health_checks" to job store "default"
2026-07-29 09:07:09,597 [INFO] apscheduler.scheduler - Added job "execute_health_checks" to job store "default"
2026-07-29 09:07:09,597 [INFO] apscheduler.scheduler - Scheduler started
2026-07-29 09:07:09,597 [INFO] apscheduler.scheduler - Scheduler started
2026-07-29 09:07:09,597 [INFO] apscheduler.scheduler - Scheduler started
2026-07-29 09:07:09,597 [INFO] scheduler - MonitoringService: Started SRE monitoring scheduler daemon
2026-07-29 09:07:09,597 [INFO] scheduler - MonitoringService: Started SRE monitoring scheduler daemon
2026-07-29 09:07:09,597 [INFO] scheduler - MonitoringService: Started SRE monitoring scheduler daemon
2026-07-29 09:07:09,710 [INFO] scheduler - MonitoringService: Stopped SRE monitoring scheduler daemon
2026-07-29 09:07:09,710 [INFO] scheduler - MonitoringService: Stopped SRE monitoring scheduler daemon
2026-07-29 09:07:09,710 [INFO] scheduler - MonitoringService: Stopped SRE monitoring scheduler daemon
2026-07-29 09:07:09,710 [INFO] apscheduler.scheduler - Scheduler has been shut down
2026-07-29 09:07:09,710 [INFO] apscheduler.scheduler - Scheduler has been shut down
2026-07-29 09:07:09,710 [INFO] apscheduler.scheduler - Scheduler has been shut down
2026-07-29 09:07:09,715 [INFO] apscheduler.scheduler - Adding job tentatively -- it will be properly scheduled when the scheduler starts
2026-07-29 09:07:09,715 [INFO] apscheduler.scheduler - Adding job tentatively -- it will be properly scheduled when the scheduler starts
2026-07-29 09:07:09,715 [INFO] apscheduler.scheduler - Adding job tentatively -- it will be properly scheduled when the scheduler starts
2026-07-29 09:07:09,715 [INFO] apscheduler.scheduler - Adding job tentatively -- it will be properly scheduled when the scheduler starts
2026-07-29 09:07:09,716 [INFO] apscheduler.scheduler - Added job "execute_health_checks" to job store "default"
2026-07-29 09:07:09,716 [INFO] apscheduler.scheduler - Added job "execute_health_checks" to job store "default"
2026-07-29 09:07:09,716 [INFO] apscheduler.scheduler - Added job "execute_health_checks" to job store "default"
2026-07-29 09:07:09,716 [INFO] apscheduler.scheduler - Added job "execute_health_checks" to job store "default"
2026-07-29 09:07:09,716 [INFO] apscheduler.scheduler - Scheduler started
2026-07-29 09:07:09,716 [INFO] apscheduler.scheduler - Scheduler started
2026-07-29 09:07:09,716 [INFO] apscheduler.scheduler - Scheduler started
2026-07-29 09:07:09,716 [INFO] apscheduler.scheduler - Scheduler started
2026-07-29 09:07:09,716 [INFO] scheduler - MonitoringService: Started SRE monitoring scheduler daemon
2026-07-29 09:07:09,716 [INFO] scheduler - MonitoringService: Started SRE monitoring scheduler daemon
2026-07-29 09:07:09,716 [INFO] scheduler - MonitoringService: Started SRE monitoring scheduler daemon
2026-07-29 09:07:09,716 [INFO] scheduler - MonitoringService: Started SRE monitoring scheduler daemon
2026-07-29 09:07:09,981 [INFO] scheduler - MonitoringService: Stopped SRE monitoring scheduler daemon
2026-07-29 09:07:09,981 [INFO] scheduler - MonitoringService: Stopped SRE monitoring scheduler daemon
2026-07-29 09:07:09,981 [INFO] scheduler - MonitoringService: Stopped SRE monitoring scheduler daemon
2026-07-29 09:07:09,981 [INFO] scheduler - MonitoringService: Stopped SRE monitoring scheduler daemon
2026-07-29 09:07:09,982 [INFO] apscheduler.scheduler - Scheduler has been shut down
2026-07-29 09:07:09,982 [INFO] apscheduler.scheduler - Scheduler has been shut down
2026-07-29 09:07:09,982 [INFO] apscheduler.scheduler - Scheduler has been shut down
2026-07-29 09:07:09,982 [INFO] apscheduler.scheduler - Scheduler has been shut down
2026-07-29 09:07:09,988 [INFO] apscheduler.scheduler - Adding job tentatively -- it will be properly scheduled when the scheduler starts
2026-07-29 09:07:09,988 [INFO] apscheduler.scheduler - Adding job tentatively -- it will be properly scheduled when the scheduler starts
2026-07-29 09:07:09,988 [INFO] apscheduler.scheduler - Adding job tentatively -- it will be properly scheduled when the scheduler starts
2026-07-29 09:07:09,988 [INFO] apscheduler.scheduler - Adding job tentatively -- it will be properly scheduled when the scheduler starts
2026-07-29 09:07:09,988 [INFO] apscheduler.scheduler - Adding job tentatively -- it will be properly scheduled when the scheduler starts
2026-07-29 09:07:09,989 [INFO] apscheduler.scheduler - Added job "execute_health_checks" to job store "default"
2026-07-29 09:07:09,989 [INFO] apscheduler.scheduler - Added job "execute_health_checks" to job store "default"
2026-07-29 09:07:09,989 [INFO] apscheduler.scheduler - Added job "execute_health_checks" to job store "default"
2026-07-29 09:07:09,989 [INFO] apscheduler.scheduler - Added job "execute_health_checks" to job store "default"
2026-07-29 09:07:09,989 [INFO] apscheduler.scheduler - Added job "execute_health_checks" to job store "default"
2026-07-29 09:07:09,989 [INFO] apscheduler.scheduler - Scheduler started
2026-07-29 09:07:09,989 [INFO] apscheduler.scheduler - Scheduler started
2026-07-29 09:07:09,989 [INFO] apscheduler.scheduler - Scheduler started
2026-07-29 09:07:09,989 [INFO] apscheduler.scheduler - Scheduler started
2026-07-29 09:07:09,989 [INFO] apscheduler.scheduler - Scheduler started
2026-07-29 09:07:09,990 [INFO] scheduler - MonitoringService: Started SRE monitoring scheduler daemon
2026-07-29 09:07:09,990 [INFO] scheduler - MonitoringService: Started SRE monitoring scheduler daemon
2026-07-29 09:07:09,990 [INFO] scheduler - MonitoringService: Started SRE monitoring scheduler daemon
2026-07-29 09:07:09,990 [INFO] scheduler - MonitoringService: Started SRE monitoring scheduler daemon
2026-07-29 09:07:09,990 [INFO] scheduler - MonitoringService: Started SRE monitoring scheduler daemon
2026-07-29 09:07:10,472 [INFO] scheduler - MonitoringService: Stopped SRE monitoring scheduler daemon
2026-07-29 09:07:10,472 [INFO] scheduler - MonitoringService: Stopped SRE monitoring scheduler daemon
2026-07-29 09:07:10,472 [INFO] scheduler - MonitoringService: Stopped SRE monitoring scheduler daemon
2026-07-29 09:07:10,472 [INFO] scheduler - MonitoringService: Stopped SRE monitoring scheduler daemon
2026-07-29 09:07:10,472 [INFO] scheduler - MonitoringService: Stopped SRE monitoring scheduler daemon
2026-07-29 09:07:10,472 [INFO] apscheduler.scheduler - Scheduler has been shut down
2026-07-29 09:07:10,472 [INFO] apscheduler.scheduler - Scheduler has been shut down
2026-07-29 09:07:10,472 [INFO] apscheduler.scheduler - Scheduler has been shut down
2026-07-29 09:07:10,472 [INFO] apscheduler.scheduler - Scheduler has been shut down
2026-07-29 09:07:10,472 [INFO] apscheduler.scheduler - Scheduler has been shut down
2026-07-29 09:07:10,476 [INFO] apscheduler.scheduler - Adding job tentatively -- it will be properly scheduled when the scheduler starts
2026-07-29 09:07:10,476 [INFO] apscheduler.scheduler - Adding job tentatively -- it will be properly scheduled when the scheduler starts
2026-07-29 09:07:10,476 [INFO] apscheduler.scheduler - Adding job tentatively -- it will be properly scheduled when the scheduler starts
2026-07-29 09:07:10,476 [INFO] apscheduler.scheduler - Adding job tentatively -- it will be properly scheduled when the scheduler starts
2026-07-29 09:07:10,476 [INFO] apscheduler.scheduler - Adding job tentatively -- it will be properly scheduled when the scheduler starts
2026-07-29 09:07:10,476 [INFO] apscheduler.scheduler - Adding job tentatively -- it will be properly scheduled when the scheduler starts
2026-07-29 09:07:10,476 [INFO] apscheduler.scheduler - Added job "execute_health_checks" to job store "default"
2026-07-29 09:07:10,476 [INFO] apscheduler.scheduler - Added job "execute_health_checks" to job store "default"
2026-07-29 09:07:10,476 [INFO] apscheduler.scheduler - Added job "execute_health_checks" to job store "default"
2026-07-29 09:07:10,476 [INFO] apscheduler.scheduler - Added job "execute_health_checks" to job store "default"
2026-07-29 09:07:10,476 [INFO] apscheduler.scheduler - Added job "execute_health_checks" to job store "default"
2026-07-29 09:07:10,476 [INFO] apscheduler.scheduler - Added job "execute_health_checks" to job store "default"
2026-07-29 09:07:10,477 [INFO] apscheduler.scheduler - Scheduler started
2026-07-29 09:07:10,477 [INFO] apscheduler.scheduler - Scheduler started
2026-07-29 09:07:10,477 [INFO] apscheduler.scheduler - Scheduler started
2026-07-29 09:07:10,477 [INFO] apscheduler.scheduler - Scheduler started
2026-07-29 09:07:10,477 [INFO] apscheduler.scheduler - Scheduler started
2026-07-29 09:07:10,477 [INFO] apscheduler.scheduler - Scheduler started
2026-07-29 09:07:10,477 [INFO] scheduler - MonitoringService: Started SRE monitoring scheduler daemon
2026-07-29 09:07:10,477 [INFO] scheduler - MonitoringService: Started SRE monitoring scheduler daemon
2026-07-29 09:07:10,477 [INFO] scheduler - MonitoringService: Started SRE monitoring scheduler daemon
2026-07-29 09:07:10,477 [INFO] scheduler - MonitoringService: Started SRE monitoring scheduler daemon
2026-07-29 09:07:10,477 [INFO] scheduler - MonitoringService: Started SRE monitoring scheduler daemon
2026-07-29 09:07:10,477 [INFO] scheduler - MonitoringService: Started SRE monitoring scheduler daemon
2026-07-29 09:07:10,482 [INFO] scheduler - MonitoringService: Stopped SRE monitoring scheduler daemon
2026-07-29 09:07:10,482 [INFO] scheduler - MonitoringService: Stopped SRE monitoring scheduler daemon
2026-07-29 09:07:10,482 [INFO] scheduler - MonitoringService: Stopped SRE monitoring scheduler daemon
2026-07-29 09:07:10,482 [INFO] scheduler - MonitoringService: Stopped SRE monitoring scheduler daemon
2026-07-29 09:07:10,482 [INFO] scheduler - MonitoringService: Stopped SRE monitoring scheduler daemon
2026-07-29 09:07:10,482 [INFO] scheduler - MonitoringService: Stopped SRE monitoring scheduler daemon
2026-07-29 09:07:10,482 [INFO] apscheduler.scheduler - Scheduler has been shut down
2026-07-29 09:07:10,482 [INFO] apscheduler.scheduler - Scheduler has been shut down
2026-07-29 09:07:10,482 [INFO] apscheduler.scheduler - Scheduler has been shut down
2026-07-29 09:07:10,482 [INFO] apscheduler.scheduler - Scheduler has been shut down
2026-07-29 09:07:10,482 [INFO] apscheduler.scheduler - Scheduler has been shut down
2026-07-29 09:07:10,482 [INFO] apscheduler.scheduler - Scheduler has been shut down
2026-07-29 09:07:10,489 [INFO] apscheduler.scheduler - Adding job tentatively -- it will be properly scheduled when the scheduler starts
2026-07-29 09:07:10,489 [INFO] apscheduler.scheduler - Adding job tentatively -- it will be properly scheduled when the scheduler starts
2026-07-29 09:07:10,489 [INFO] apscheduler.scheduler - Adding job tentatively -- it will be properly scheduled when the scheduler starts
2026-07-29 09:07:10,489 [INFO] apscheduler.scheduler - Adding job tentatively -- it will be properly scheduled when the scheduler starts
2026-07-29 09:07:10,489 [INFO] apscheduler.scheduler - Adding job tentatively -- it will be properly scheduled when the scheduler starts
2026-07-29 09:07:10,489 [INFO] apscheduler.scheduler - Adding job tentatively -- it will be properly scheduled when the scheduler starts
2026-07-29 09:07:10,489 [INFO] apscheduler.scheduler - Adding job tentatively -- it will be properly scheduled when the scheduler starts
2026-07-29 09:07:10,489 [INFO] apscheduler.scheduler - Added job "execute_health_checks" to job store "default"
2026-07-29 09:07:10,489 [INFO] apscheduler.scheduler - Added job "execute_health_checks" to job store "default"
2026-07-29 09:07:10,489 [INFO] apscheduler.scheduler - Added job "execute_health_checks" to job store "default"
2026-07-29 09:07:10,489 [INFO] apscheduler.scheduler - Added job "execute_health_checks" to job store "default"
2026-07-29 09:07:10,489 [INFO] apscheduler.scheduler - Added job "execute_health_checks" to job store "default"
2026-07-29 09:07:10,489 [INFO] apscheduler.scheduler - Added job "execute_health_checks" to job store "default"
2026-07-29 09:07:10,489 [INFO] apscheduler.scheduler - Added job "execute_health_checks" to job store "default"
2026-07-29 09:07:10,489 [INFO] apscheduler.scheduler - Scheduler started
2026-07-29 09:07:10,489 [INFO] apscheduler.scheduler - Scheduler started
2026-07-29 09:07:10,489 [INFO] apscheduler.scheduler - Scheduler started
2026-07-29 09:07:10,489 [INFO] apscheduler.scheduler - Scheduler started
2026-07-29 09:07:10,489 [INFO] apscheduler.scheduler - Scheduler started
2026-07-29 09:07:10,489 [INFO] apscheduler.scheduler - Scheduler started
2026-07-29 09:07:10,489 [INFO] apscheduler.scheduler - Scheduler started
2026-07-29 09:07:10,490 [INFO] scheduler - MonitoringService: Started SRE monitoring scheduler daemon
2026-07-29 09:07:10,490 [INFO] scheduler - MonitoringService: Started SRE monitoring scheduler daemon
2026-07-29 09:07:10,490 [INFO] scheduler - MonitoringService: Started SRE monitoring scheduler daemon
2026-07-29 09:07:10,490 [INFO] scheduler - MonitoringService: Started SRE monitoring scheduler daemon
2026-07-29 09:07:10,490 [INFO] scheduler - MonitoringService: Started SRE monitoring scheduler daemon
2026-07-29 09:07:10,490 [INFO] scheduler - MonitoringService: Started SRE monitoring scheduler daemon
2026-07-29 09:07:10,490 [INFO] scheduler - MonitoringService: Started SRE monitoring scheduler daemon
2026-07-29 09:07:10,496 [INFO] scheduler - MonitoringService: Stopped SRE monitoring scheduler daemon
2026-07-29 09:07:10,496 [INFO] scheduler - MonitoringService: Stopped SRE monitoring scheduler daemon
2026-07-29 09:07:10,496 [INFO] scheduler - MonitoringService: Stopped SRE monitoring scheduler daemon
2026-07-29 09:07:10,496 [INFO] scheduler - MonitoringService: Stopped SRE monitoring scheduler daemon
2026-07-29 09:07:10,496 [INFO] scheduler - MonitoringService: Stopped SRE monitoring scheduler daemon
2026-07-29 09:07:10,496 [INFO] scheduler - MonitoringService: Stopped SRE monitoring scheduler daemon
2026-07-29 09:07:10,496 [INFO] scheduler - MonitoringService: Stopped SRE monitoring scheduler daemon
2026-07-29 09:07:10,496 [INFO] apscheduler.scheduler - Scheduler has been shut down
2026-07-29 09:07:10,496 [INFO] apscheduler.scheduler - Scheduler has been shut down
2026-07-29 09:07:10,496 [INFO] apscheduler.scheduler - Scheduler has been shut down
2026-07-29 09:07:10,496 [INFO] apscheduler.scheduler - Scheduler has been shut down
2026-07-29 09:07:10,496 [INFO] apscheduler.scheduler - Scheduler has been shut down
2026-07-29 09:07:10,496 [INFO] apscheduler.scheduler - Scheduler has been shut down
2026-07-29 09:07:10,496 [INFO] apscheduler.scheduler - Scheduler has been shut down
2026-07-29 09:07:10,500 [INFO] apscheduler.scheduler - Adding job tentatively -- it will be properly scheduled when the scheduler starts
2026-07-29 09:07:10,500 [INFO] apscheduler.scheduler - Adding job tentatively -- it will be properly scheduled when the scheduler starts
2026-07-29 09:07:10,500 [INFO] apscheduler.scheduler - Adding job tentatively -- it will be properly scheduled when the scheduler starts
2026-07-29 09:07:10,500 [INFO] apscheduler.scheduler - Adding job tentatively -- it will be properly scheduled when the scheduler starts
2026-07-29 09:07:10,500 [INFO] apscheduler.scheduler - Adding job tentatively -- it will be properly scheduled when the scheduler starts
2026-07-29 09:07:10,500 [INFO] apscheduler.scheduler - Adding job tentatively -- it will be properly scheduled when the scheduler starts
2026-07-29 09:07:10,500 [INFO] apscheduler.scheduler - Adding job tentatively -- it will be properly scheduled when the scheduler starts
2026-07-29 09:07:10,500 [INFO] apscheduler.scheduler - Adding job tentatively -- it will be properly scheduled when the scheduler starts
2026-07-29 09:07:10,501 [INFO] apscheduler.scheduler - Added job "execute_health_checks" to job store "default"
2026-07-29 09:07:10,501 [INFO] apscheduler.scheduler - Added job "execute_health_checks" to job store "default"
2026-07-29 09:07:10,501 [INFO] apscheduler.scheduler - Added job "execute_health_checks" to job store "default"
2026-07-29 09:07:10,501 [INFO] apscheduler.scheduler - Added job "execute_health_checks" to job store "default"
2026-07-29 09:07:10,501 [INFO] apscheduler.scheduler - Added job "execute_health_checks" to job store "default"
2026-07-29 09:07:10,501 [INFO] apscheduler.scheduler - Added job "execute_health_checks" to job store "default"
2026-07-29 09:07:10,501 [INFO] apscheduler.scheduler - Added job "execute_health_checks" to job store "default"
2026-07-29 09:07:10,501 [INFO] apscheduler.scheduler - Added job "execute_health_checks" to job store "default"
2026-07-29 09:07:10,501 [INFO] apscheduler.scheduler - Scheduler started
2026-07-29 09:07:10,501 [INFO] apscheduler.scheduler - Scheduler started
2026-07-29 09:07:10,501 [INFO] apscheduler.scheduler - Scheduler started
2026-07-29 09:07:10,501 [INFO] apscheduler.scheduler - Scheduler started
2026-07-29 09:07:10,501 [INFO] apscheduler.scheduler - Scheduler started
2026-07-29 09:07:10,501 [INFO] apscheduler.scheduler - Scheduler started
2026-07-29 09:07:10,501 [INFO] apscheduler.scheduler - Scheduler started
2026-07-29 09:07:10,501 [INFO] apscheduler.scheduler - Scheduler started
2026-07-29 09:07:10,502 [INFO] scheduler - MonitoringService: Started SRE monitoring scheduler daemon
2026-07-29 09:07:10,502 [INFO] scheduler - MonitoringService: Started SRE monitoring scheduler daemon
2026-07-29 09:07:10,502 [INFO] scheduler - MonitoringService: Started SRE monitoring scheduler daemon
2026-07-29 09:07:10,502 [INFO] scheduler - MonitoringService: Started SRE monitoring scheduler daemon
2026-07-29 09:07:10,502 [INFO] scheduler - MonitoringService: Started SRE monitoring scheduler daemon
2026-07-29 09:07:10,502 [INFO] scheduler - MonitoringService: Started SRE monitoring scheduler daemon
2026-07-29 09:07:10,502 [INFO] scheduler - MonitoringService: Started SRE monitoring scheduler daemon
2026-07-29 09:07:10,502 [INFO] scheduler - MonitoringService: Started SRE monitoring scheduler daemon
2026-07-29 09:07:11,030 [INFO] scheduler - MonitoringService: Stopped SRE monitoring scheduler daemon
2026-07-29 09:07:11,030 [INFO] scheduler - MonitoringService: Stopped SRE monitoring scheduler daemon
2026-07-29 09:07:11,030 [INFO] scheduler - MonitoringService: Stopped SRE monitoring scheduler daemon
2026-07-29 09:07:11,030 [INFO] scheduler - MonitoringService: Stopped SRE monitoring scheduler daemon
2026-07-29 09:07:11,030 [INFO] scheduler - MonitoringService: Stopped SRE monitoring scheduler daemon
2026-07-29 09:07:11,030 [INFO] scheduler - MonitoringService: Stopped SRE monitoring scheduler daemon
2026-07-29 09:07:11,030 [INFO] scheduler - MonitoringService: Stopped SRE monitoring scheduler daemon
2026-07-29 09:07:11,030 [INFO] scheduler - MonitoringService: Stopped SRE monitoring scheduler daemon
2026-07-29 09:07:11,030 [INFO] apscheduler.scheduler - Scheduler has been shut down
2026-07-29 09:07:11,030 [INFO] apscheduler.scheduler - Scheduler has been shut down
2026-07-29 09:07:11,030 [INFO] apscheduler.scheduler - Scheduler has been shut down
2026-07-29 09:07:11,030 [INFO] apscheduler.scheduler - Scheduler has been shut down
2026-07-29 09:07:11,030 [INFO] apscheduler.scheduler - Scheduler has been shut down
2026-07-29 09:07:11,030 [INFO] apscheduler.scheduler - Scheduler has been shut down
2026-07-29 09:07:11,030 [INFO] apscheduler.scheduler - Scheduler has been shut down
2026-07-29 09:07:11,030 [INFO] apscheduler.scheduler - Scheduler has been shut down
2026-07-29 09:07:11,039 [INFO] apscheduler.scheduler - Adding job tentatively -- it will be properly scheduled when the scheduler starts
2026-07-29 09:07:11,039 [INFO] apscheduler.scheduler - Adding job tentatively -- it will be properly scheduled when the scheduler starts
2026-07-29 09:07:11,039 [INFO] apscheduler.scheduler - Adding job tentatively -- it will be properly scheduled when the scheduler starts
2026-07-29 09:07:11,039 [INFO] apscheduler.scheduler - Adding job tentatively -- it will be properly scheduled when the scheduler starts
2026-07-29 09:07:11,039 [INFO] apscheduler.scheduler - Adding job tentatively -- it will be properly scheduled when the scheduler starts
2026-07-29 09:07:11,039 [INFO] apscheduler.scheduler - Adding job tentatively -- it will be properly scheduled when the scheduler starts
2026-07-29 09:07:11,039 [INFO] apscheduler.scheduler - Adding job tentatively -- it will be properly scheduled when the scheduler starts
2026-07-29 09:07:11,039 [INFO] apscheduler.scheduler - Adding job tentatively -- it will be properly scheduled when the scheduler starts
2026-07-29 09:07:11,039 [INFO] apscheduler.scheduler - Adding job tentatively -- it will be properly scheduled when the scheduler starts
2026-07-29 09:07:11,039 [INFO] apscheduler.scheduler - Added job "execute_health_checks" to job store "default"
2026-07-29 09:07:11,039 [INFO] apscheduler.scheduler - Added job "execute_health_checks" to job store "default"
2026-07-29 09:07:11,039 [INFO] apscheduler.scheduler - Added job "execute_health_checks" to job store "default"
2026-07-29 09:07:11,039 [INFO] apscheduler.scheduler - Added job "execute_health_checks" to job store "default"
2026-07-29 09:07:11,039 [INFO] apscheduler.scheduler - Added job "execute_health_checks" to job store "default"
2026-07-29 09:07:11,039 [INFO] apscheduler.scheduler - Added job "execute_health_checks" to job store "default"
2026-07-29 09:07:11,039 [INFO] apscheduler.scheduler - Added job "execute_health_checks" to job store "default"
2026-07-29 09:07:11,039 [INFO] apscheduler.scheduler - Added job "execute_health_checks" to job store "default"
2026-07-29 09:07:11,039 [INFO] apscheduler.scheduler - Added job "execute_health_checks" to job store "default"
2026-07-29 09:07:11,039 [INFO] apscheduler.scheduler - Scheduler started
2026-07-29 09:07:11,039 [INFO] apscheduler.scheduler - Scheduler started
2026-07-29 09:07:11,039 [INFO] apscheduler.scheduler - Scheduler started
2026-07-29 09:07:11,039 [INFO] apscheduler.scheduler - Scheduler started
2026-07-29 09:07:11,039 [INFO] apscheduler.scheduler - Scheduler started
2026-07-29 09:07:11,039 [INFO] apscheduler.scheduler - Scheduler started
2026-07-29 09:07:11,039 [INFO] apscheduler.scheduler - Scheduler started
2026-07-29 09:07:11,039 [INFO] apscheduler.scheduler - Scheduler started
2026-07-29 09:07:11,039 [INFO] apscheduler.scheduler - Scheduler started
2026-07-29 09:07:11,040 [INFO] scheduler - MonitoringService: Started SRE monitoring scheduler daemon
2026-07-29 09:07:11,040 [INFO] scheduler - MonitoringService: Started SRE monitoring scheduler daemon
2026-07-29 09:07:11,040 [INFO] scheduler - MonitoringService: Started SRE monitoring scheduler daemon
2026-07-29 09:07:11,040 [INFO] scheduler - MonitoringService: Started SRE monitoring scheduler daemon
2026-07-29 09:07:11,040 [INFO] scheduler - MonitoringService: Started SRE monitoring scheduler daemon
2026-07-29 09:07:11,040 [INFO] scheduler - MonitoringService: Started SRE monitoring scheduler daemon
2026-07-29 09:07:11,040 [INFO] scheduler - MonitoringService: Started SRE monitoring scheduler daemon
2026-07-29 09:07:11,040 [INFO] scheduler - MonitoringService: Started SRE monitoring scheduler daemon
2026-07-29 09:07:11,040 [INFO] scheduler - MonitoringService: Started SRE monitoring scheduler daemon
2026-07-29 09:07:11,558 [INFO] scheduler - MonitoringService: Stopped SRE monitoring scheduler daemon
2026-07-29 09:07:11,558 [INFO] scheduler - MonitoringService: Stopped SRE monitoring scheduler daemon
2026-07-29 09:07:11,558 [INFO] scheduler - MonitoringService: Stopped SRE monitoring scheduler daemon
2026-07-29 09:07:11,558 [INFO] scheduler - MonitoringService: Stopped SRE monitoring scheduler daemon
2026-07-29 09:07:11,558 [INFO] scheduler - MonitoringService: Stopped SRE monitoring scheduler daemon
2026-07-29 09:07:11,558 [INFO] scheduler - MonitoringService: Stopped SRE monitoring scheduler daemon
2026-07-29 09:07:11,558 [INFO] scheduler - MonitoringService: Stopped SRE monitoring scheduler daemon
2026-07-29 09:07:11,558 [INFO] scheduler - MonitoringService: Stopped SRE monitoring scheduler daemon
2026-07-29 09:07:11,558 [INFO] scheduler - MonitoringService: Stopped SRE monitoring scheduler daemon
2026-07-29 09:07:11,558 [INFO] apscheduler.scheduler - Scheduler has been shut down
2026-07-29 09:07:11,558 [INFO] apscheduler.scheduler - Scheduler has been shut down
2026-07-29 09:07:11,558 [INFO] apscheduler.scheduler - Scheduler has been shut down
2026-07-29 09:07:11,558 [INFO] apscheduler.scheduler - Scheduler has been shut down
2026-07-29 09:07:11,558 [INFO] apscheduler.scheduler - Scheduler has been shut down
2026-07-29 09:07:11,558 [INFO] apscheduler.scheduler - Scheduler has been shut down
2026-07-29 09:07:11,558 [INFO] apscheduler.scheduler - Scheduler has been shut down
2026-07-29 09:07:11,558 [INFO] apscheduler.scheduler - Scheduler has been shut down
2026-07-29 09:07:11,558 [INFO] apscheduler.scheduler - Scheduler has been shut down
2026-07-29 09:07:11,627 [INFO] apscheduler.scheduler - Adding job tentatively -- it will be properly scheduled when the scheduler starts
2026-07-29 09:07:11,627 [INFO] apscheduler.scheduler - Adding job tentatively -- it will be properly scheduled when the scheduler starts
2026-07-29 09:07:11,627 [INFO] apscheduler.scheduler - Adding job tentatively -- it will be properly scheduled when the scheduler starts
2026-07-29 09:07:11,627 [INFO] apscheduler.scheduler - Adding job tentatively -- it will be properly scheduled when the scheduler starts
2026-07-29 09:07:11,627 [INFO] apscheduler.scheduler - Adding job tentatively -- it will be properly scheduled when the scheduler starts
2026-07-29 09:07:11,627 [INFO] apscheduler.scheduler - Adding job tentatively -- it will be properly scheduled when the scheduler starts
2026-07-29 09:07:11,627 [INFO] apscheduler.scheduler - Adding job tentatively -- it will be properly scheduled when the scheduler starts
2026-07-29 09:07:11,627 [INFO] apscheduler.scheduler - Adding job tentatively -- it will be properly scheduled when the scheduler starts
2026-07-29 09:07:11,627 [INFO] apscheduler.scheduler - Adding job tentatively -- it will be properly scheduled when the scheduler starts
2026-07-29 09:07:11,627 [INFO] apscheduler.scheduler - Adding job tentatively -- it will be properly scheduled when the scheduler starts
2026-07-29 09:07:11,628 [INFO] apscheduler.scheduler - Added job "execute_health_checks" to job store "default"
2026-07-29 09:07:11,628 [INFO] apscheduler.scheduler - Added job "execute_health_checks" to job store "default"
2026-07-29 09:07:11,628 [INFO] apscheduler.scheduler - Added job "execute_health_checks" to job store "default"
2026-07-29 09:07:11,628 [INFO] apscheduler.scheduler - Added job "execute_health_checks" to job store "default"
2026-07-29 09:07:11,628 [INFO] apscheduler.scheduler - Added job "execute_health_checks" to job store "default"
2026-07-29 09:07:11,628 [INFO] apscheduler.scheduler - Added job "execute_health_checks" to job store "default"
2026-07-29 09:07:11,628 [INFO] apscheduler.scheduler - Added job "execute_health_checks" to job store "default"
2026-07-29 09:07:11,628 [INFO] apscheduler.scheduler - Added job "execute_health_checks" to job store "default"
2026-07-29 09:07:11,628 [INFO] apscheduler.scheduler - Added job "execute_health_checks" to job store "default"
2026-07-29 09:07:11,628 [INFO] apscheduler.scheduler - Added job "execute_health_checks" to job store "default"
2026-07-29 09:07:11,628 [INFO] apscheduler.scheduler - Scheduler started
2026-07-29 09:07:11,628 [INFO] apscheduler.scheduler - Scheduler started
2026-07-29 09:07:11,628 [INFO] apscheduler.scheduler - Scheduler started
2026-07-29 09:07:11,628 [INFO] apscheduler.scheduler - Scheduler started
2026-07-29 09:07:11,628 [INFO] apscheduler.scheduler - Scheduler started
2026-07-29 09:07:11,628 [INFO] apscheduler.scheduler - Scheduler started
2026-07-29 09:07:11,628 [INFO] apscheduler.scheduler - Scheduler started
2026-07-29 09:07:11,628 [INFO] apscheduler.scheduler - Scheduler started
2026-07-29 09:07:11,628 [INFO] apscheduler.scheduler - Scheduler started
2026-07-29 09:07:11,628 [INFO] apscheduler.scheduler - Scheduler started
2026-07-29 09:07:11,628 [INFO] scheduler - MonitoringService: Started SRE monitoring scheduler daemon
2026-07-29 09:07:11,628 [INFO] scheduler - MonitoringService: Started SRE monitoring scheduler daemon
2026-07-29 09:07:11,628 [INFO] scheduler - MonitoringService: Started SRE monitoring scheduler daemon
2026-07-29 09:07:11,628 [INFO] scheduler - MonitoringService: Started SRE monitoring scheduler daemon
2026-07-29 09:07:11,628 [INFO] scheduler - MonitoringService: Started SRE monitoring scheduler daemon
2026-07-29 09:07:11,628 [INFO] scheduler - MonitoringService: Started SRE monitoring scheduler daemon
2026-07-29 09:07:11,628 [INFO] scheduler - MonitoringService: Started SRE monitoring scheduler daemon
2026-07-29 09:07:11,628 [INFO] scheduler - MonitoringService: Started SRE monitoring scheduler daemon
2026-07-29 09:07:11,628 [INFO] scheduler - MonitoringService: Started SRE monitoring scheduler daemon
2026-07-29 09:07:11,628 [INFO] scheduler - MonitoringService: Started SRE monitoring scheduler daemon
2026-07-29 09:07:12,383 [INFO] scheduler - MonitoringService: Stopped SRE monitoring scheduler daemon
2026-07-29 09:07:12,383 [INFO] scheduler - MonitoringService: Stopped SRE monitoring scheduler daemon
2026-07-29 09:07:12,383 [INFO] scheduler - MonitoringService: Stopped SRE monitoring scheduler daemon
2026-07-29 09:07:12,383 [INFO] scheduler - MonitoringService: Stopped SRE monitoring scheduler daemon
2026-07-29 09:07:12,383 [INFO] scheduler - MonitoringService: Stopped SRE monitoring scheduler daemon
2026-07-29 09:07:12,383 [INFO] scheduler - MonitoringService: Stopped SRE monitoring scheduler daemon
2026-07-29 09:07:12,383 [INFO] scheduler - MonitoringService: Stopped SRE monitoring scheduler daemon
2026-07-29 09:07:12,383 [INFO] scheduler - MonitoringService: Stopped SRE monitoring scheduler daemon
2026-07-29 09:07:12,383 [INFO] scheduler - MonitoringService: Stopped SRE monitoring scheduler daemon
2026-07-29 09:07:12,383 [INFO] scheduler - MonitoringService: Stopped SRE monitoring scheduler daemon
2026-07-29 09:07:12,383 [INFO] apscheduler.scheduler - Scheduler has been shut down
2026-07-29 09:07:12,383 [INFO] apscheduler.scheduler - Scheduler has been shut down
2026-07-29 09:07:12,383 [INFO] apscheduler.scheduler - Scheduler has been shut down
2026-07-29 09:07:12,383 [INFO] apscheduler.scheduler - Scheduler has been shut down
2026-07-29 09:07:12,383 [INFO] apscheduler.scheduler - Scheduler has been shut down
2026-07-29 09:07:12,383 [INFO] apscheduler.scheduler - Scheduler has been shut down
2026-07-29 09:07:12,383 [INFO] apscheduler.scheduler - Scheduler has been shut down
2026-07-29 09:07:12,383 [INFO] apscheduler.scheduler - Scheduler has been shut down
2026-07-29 09:07:12,383 [INFO] apscheduler.scheduler - Scheduler has been shut down
2026-07-29 09:07:12,383 [INFO] apscheduler.scheduler - Scheduler has been shut down
2026-07-29 09:07:12,389 [INFO] apscheduler.scheduler - Adding job tentatively -- it will be properly scheduled when the scheduler starts
2026-07-29 09:07:12,389 [INFO] apscheduler.scheduler - Adding job tentatively -- it will be properly scheduled when the scheduler starts
2026-07-29 09:07:12,389 [INFO] apscheduler.scheduler - Adding job tentatively -- it will be properly scheduled when the scheduler starts
2026-07-29 09:07:12,389 [INFO] apscheduler.scheduler - Adding job tentatively -- it will be properly scheduled when the scheduler starts
2026-07-29 09:07:12,389 [INFO] apscheduler.scheduler - Adding job tentatively -- it will be properly scheduled when the scheduler starts
2026-07-29 09:07:12,389 [INFO] apscheduler.scheduler - Adding job tentatively -- it will be properly scheduled when the scheduler starts
2026-07-29 09:07:12,389 [INFO] apscheduler.scheduler - Adding job tentatively -- it will be properly scheduled when the scheduler starts
2026-07-29 09:07:12,389 [INFO] apscheduler.scheduler - Adding job tentatively -- it will be properly scheduled when the scheduler starts
2026-07-29 09:07:12,389 [INFO] apscheduler.scheduler - Adding job tentatively -- it will be properly scheduled when the scheduler starts
2026-07-29 09:07:12,389 [INFO] apscheduler.scheduler - Adding job tentatively -- it will be properly scheduled when the scheduler starts
2026-07-29 09:07:12,389 [INFO] apscheduler.scheduler - Adding job tentatively -- it will be properly scheduled when the scheduler starts
2026-07-29 09:07:12,390 [INFO] apscheduler.scheduler - Added job "execute_health_checks" to job store "default"
2026-07-29 09:07:12,390 [INFO] apscheduler.scheduler - Added job "execute_health_checks" to job store "default"
2026-07-29 09:07:12,390 [INFO] apscheduler.scheduler - Added job "execute_health_checks" to job store "default"
2026-07-29 09:07:12,390 [INFO] apscheduler.scheduler - Added job "execute_health_checks" to job store "default"
2026-07-29 09:07:12,390 [INFO] apscheduler.scheduler - Added job "execute_health_checks" to job store "default"
2026-07-29 09:07:12,390 [INFO] apscheduler.scheduler - Added job "execute_health_checks" to job store "default"
2026-07-29 09:07:12,390 [INFO] apscheduler.scheduler - Added job "execute_health_checks" to job store "default"
2026-07-29 09:07:12,390 [INFO] apscheduler.scheduler - Added job "execute_health_checks" to job store "default"
2026-07-29 09:07:12,390 [INFO] apscheduler.scheduler - Added job "execute_health_checks" to job store "default"
2026-07-29 09:07:12,390 [INFO] apscheduler.scheduler - Added job "execute_health_checks" to job store "default"
2026-07-29 09:07:12,390 [INFO] apscheduler.scheduler - Added job "execute_health_checks" to job store "default"
2026-07-29 09:07:12,390 [INFO] apscheduler.scheduler - Scheduler started
2026-07-29 09:07:12,390 [INFO] apscheduler.scheduler - Scheduler started
2026-07-29 09:07:12,390 [INFO] apscheduler.scheduler - Scheduler started
2026-07-29 09:07:12,390 [INFO] apscheduler.scheduler - Scheduler started
2026-07-29 09:07:12,390 [INFO] apscheduler.scheduler - Scheduler started
2026-07-29 09:07:12,390 [INFO] apscheduler.scheduler - Scheduler started
2026-07-29 09:07:12,390 [INFO] apscheduler.scheduler - Scheduler started
2026-07-29 09:07:12,390 [INFO] apscheduler.scheduler - Scheduler started
2026-07-29 09:07:12,390 [INFO] apscheduler.scheduler - Scheduler started
2026-07-29 09:07:12,390 [INFO] apscheduler.scheduler - Scheduler started
2026-07-29 09:07:12,390 [INFO] apscheduler.scheduler - Scheduler started
2026-07-29 09:07:12,390 [INFO] scheduler - MonitoringService: Started SRE monitoring scheduler daemon
2026-07-29 09:07:12,390 [INFO] scheduler - MonitoringService: Started SRE monitoring scheduler daemon
2026-07-29 09:07:12,390 [INFO] scheduler - MonitoringService: Started SRE monitoring scheduler daemon
2026-07-29 09:07:12,390 [INFO] scheduler - MonitoringService: Started SRE monitoring scheduler daemon
2026-07-29 09:07:12,390 [INFO] scheduler - MonitoringService: Started SRE monitoring scheduler daemon
2026-07-29 09:07:12,390 [INFO] scheduler - MonitoringService: Started SRE monitoring scheduler daemon
2026-07-29 09:07:12,390 [INFO] scheduler - MonitoringService: Started SRE monitoring scheduler daemon
2026-07-29 09:07:12,390 [INFO] scheduler - MonitoringService: Started SRE monitoring scheduler daemon
2026-07-29 09:07:12,390 [INFO] scheduler - MonitoringService: Started SRE monitoring scheduler daemon
2026-07-29 09:07:12,390 [INFO] scheduler - MonitoringService: Started SRE monitoring scheduler daemon
2026-07-29 09:07:12,390 [INFO] scheduler - MonitoringService: Started SRE monitoring scheduler daemon
2026-07-29 09:07:12,892 [INFO] scheduler - MonitoringService: Stopped SRE monitoring scheduler daemon
2026-07-29 09:07:12,892 [INFO] scheduler - MonitoringService: Stopped SRE monitoring scheduler daemon
2026-07-29 09:07:12,892 [INFO] scheduler - MonitoringService: Stopped SRE monitoring scheduler daemon
2026-07-29 09:07:12,892 [INFO] scheduler - MonitoringService: Stopped SRE monitoring scheduler daemon
2026-07-29 09:07:12,892 [INFO] scheduler - MonitoringService: Stopped SRE monitoring scheduler daemon
2026-07-29 09:07:12,892 [INFO] scheduler - MonitoringService: Stopped SRE monitoring scheduler daemon
2026-07-29 09:07:12,892 [INFO] scheduler - MonitoringService: Stopped SRE monitoring scheduler daemon
2026-07-29 09:07:12,892 [INFO] scheduler - MonitoringService: Stopped SRE monitoring scheduler daemon
2026-07-29 09:07:12,892 [INFO] scheduler - MonitoringService: Stopped SRE monitoring scheduler daemon
2026-07-29 09:07:12,892 [INFO] scheduler - MonitoringService: Stopped SRE monitoring scheduler daemon
2026-07-29 09:07:12,892 [INFO] scheduler - MonitoringService: Stopped SRE monitoring scheduler daemon
2026-07-29 09:07:12,892 [INFO] apscheduler.scheduler - Scheduler has been shut down
2026-07-29 09:07:12,892 [INFO] apscheduler.scheduler - Scheduler has been shut down
2026-07-29 09:07:12,892 [INFO] apscheduler.scheduler - Scheduler has been shut down
2026-07-29 09:07:12,892 [INFO] apscheduler.scheduler - Scheduler has been shut down
2026-07-29 09:07:12,892 [INFO] apscheduler.scheduler - Scheduler has been shut down
2026-07-29 09:07:12,892 [INFO] apscheduler.scheduler - Scheduler has been shut down
2026-07-29 09:07:12,892 [INFO] apscheduler.scheduler - Scheduler has been shut down
2026-07-29 09:07:12,892 [INFO] apscheduler.scheduler - Scheduler has been shut down
2026-07-29 09:07:12,892 [INFO] apscheduler.scheduler - Scheduler has been shut down
2026-07-29 09:07:12,892 [INFO] apscheduler.scheduler - Scheduler has been shut down
2026-07-29 09:07:12,892 [INFO] apscheduler.scheduler - Scheduler has been shut down
2026-07-29 09:07:12,897 [INFO] apscheduler.scheduler - Adding job tentatively -- it will be properly scheduled when the scheduler starts
2026-07-29 09:07:12,897 [INFO] apscheduler.scheduler - Adding job tentatively -- it will be properly scheduled when the scheduler starts
2026-07-29 09:07:12,897 [INFO] apscheduler.scheduler - Adding job tentatively -- it will be properly scheduled when the scheduler starts
2026-07-29 09:07:12,897 [INFO] apscheduler.scheduler - Adding job tentatively -- it will be properly scheduled when the scheduler starts
2026-07-29 09:07:12,897 [INFO] apscheduler.scheduler - Adding job tentatively -- it will be properly scheduled when the scheduler starts
2026-07-29 09:07:12,897 [INFO] apscheduler.scheduler - Adding job tentatively -- it will be properly scheduled when the scheduler starts
2026-07-29 09:07:12,897 [INFO] apscheduler.scheduler - Adding job tentatively -- it will be properly scheduled when the scheduler starts
2026-07-29 09:07:12,897 [INFO] apscheduler.scheduler - Adding job tentatively -- it will be properly scheduled when the scheduler starts
2026-07-29 09:07:12,897 [INFO] apscheduler.scheduler - Adding job tentatively -- it will be properly scheduled when the scheduler starts
2026-07-29 09:07:12,897 [INFO] apscheduler.scheduler - Adding job tentatively -- it will be properly scheduled when the scheduler starts
2026-07-29 09:07:12,897 [INFO] apscheduler.scheduler - Adding job tentatively -- it will be properly scheduled when the scheduler starts
2026-07-29 09:07:12,897 [INFO] apscheduler.scheduler - Adding job tentatively -- it will be properly scheduled when the scheduler starts
2026-07-29 09:07:12,898 [INFO] apscheduler.scheduler - Added job "execute_health_checks" to job store "default"
2026-07-29 09:07:12,898 [INFO] apscheduler.scheduler - Added job "execute_health_checks" to job store "default"
2026-07-29 09:07:12,898 [INFO] apscheduler.scheduler - Added job "execute_health_checks" to job store "default"
2026-07-29 09:07:12,898 [INFO] apscheduler.scheduler - Added job "execute_health_checks" to job store "default"
2026-07-29 09:07:12,898 [INFO] apscheduler.scheduler - Added job "execute_health_checks" to job store "default"
2026-07-29 09:07:12,898 [INFO] apscheduler.scheduler - Added job "execute_health_checks" to job store "default"
2026-07-29 09:07:12,898 [INFO] apscheduler.scheduler - Added job "execute_health_checks" to job store "default"
2026-07-29 09:07:12,898 [INFO] apscheduler.scheduler - Added job "execute_health_checks" to job store "default"
2026-07-29 09:07:12,898 [INFO] apscheduler.scheduler - Added job "execute_health_checks" to job store "default"
2026-07-29 09:07:12,898 [INFO] apscheduler.scheduler - Added job "execute_health_checks" to job store "default"
2026-07-29 09:07:12,898 [INFO] apscheduler.scheduler - Added job "execute_health_checks" to job store "default"
2026-07-29 09:07:12,898 [INFO] apscheduler.scheduler - Added job "execute_health_checks" to job store "default"
2026-07-29 09:07:12,899 [INFO] apscheduler.scheduler - Scheduler started
2026-07-29 09:07:12,899 [INFO] apscheduler.scheduler - Scheduler started
2026-07-29 09:07:12,899 [INFO] apscheduler.scheduler - Scheduler started
2026-07-29 09:07:12,899 [INFO] apscheduler.scheduler - Scheduler started
2026-07-29 09:07:12,899 [INFO] apscheduler.scheduler - Scheduler started
2026-07-29 09:07:12,899 [INFO] apscheduler.scheduler - Scheduler started
2026-07-29 09:07:12,899 [INFO] apscheduler.scheduler - Scheduler started
2026-07-29 09:07:12,899 [INFO] apscheduler.scheduler - Scheduler started
2026-07-29 09:07:12,899 [INFO] apscheduler.scheduler - Scheduler started
2026-07-29 09:07:12,899 [INFO] apscheduler.scheduler - Scheduler started
2026-07-29 09:07:12,899 [INFO] apscheduler.scheduler - Scheduler started
2026-07-29 09:07:12,899 [INFO] apscheduler.scheduler - Scheduler started
2026-07-29 09:07:12,899 [INFO] scheduler - MonitoringService: Started SRE monitoring scheduler daemon
2026-07-29 09:07:12,899 [INFO] scheduler - MonitoringService: Started SRE monitoring scheduler daemon
2026-07-29 09:07:12,899 [INFO] scheduler - MonitoringService: Started SRE monitoring scheduler daemon
2026-07-29 09:07:12,899 [INFO] scheduler - MonitoringService: Started SRE monitoring scheduler daemon
2026-07-29 09:07:12,899 [INFO] scheduler - MonitoringService: Started SRE monitoring scheduler daemon
2026-07-29 09:07:12,899 [INFO] scheduler - MonitoringService: Started SRE monitoring scheduler daemon
2026-07-29 09:07:12,899 [INFO] scheduler - MonitoringService: Started SRE monitoring scheduler daemon
2026-07-29 09:07:12,899 [INFO] scheduler - MonitoringService: Started SRE monitoring scheduler daemon
2026-07-29 09:07:12,899 [INFO] scheduler - MonitoringService: Started SRE monitoring scheduler daemon
2026-07-29 09:07:12,899 [INFO] scheduler - MonitoringService: Started SRE monitoring scheduler daemon
2026-07-29 09:07:12,899 [INFO] scheduler - MonitoringService: Started SRE monitoring scheduler daemon
2026-07-29 09:07:12,899 [INFO] scheduler - MonitoringService: Started SRE monitoring scheduler daemon
2026-07-29 09:07:13,648 [INFO] scheduler - MonitoringService: Stopped SRE monitoring scheduler daemon
2026-07-29 09:07:13,648 [INFO] scheduler - MonitoringService: Stopped SRE monitoring scheduler daemon
2026-07-29 09:07:13,648 [INFO] scheduler - MonitoringService: Stopped SRE monitoring scheduler daemon
2026-07-29 09:07:13,648 [INFO] scheduler - MonitoringService: Stopped SRE monitoring scheduler daemon
2026-07-29 09:07:13,648 [INFO] scheduler - MonitoringService: Stopped SRE monitoring scheduler daemon
2026-07-29 09:07:13,648 [INFO] scheduler - MonitoringService: Stopped SRE monitoring scheduler daemon
2026-07-29 09:07:13,648 [INFO] scheduler - MonitoringService: Stopped SRE monitoring scheduler daemon
2026-07-29 09:07:13,648 [INFO] scheduler - MonitoringService: Stopped SRE monitoring scheduler daemon
2026-07-29 09:07:13,648 [INFO] scheduler - MonitoringService: Stopped SRE monitoring scheduler daemon
2026-07-29 09:07:13,648 [INFO] scheduler - MonitoringService: Stopped SRE monitoring scheduler daemon
2026-07-29 09:07:13,648 [INFO] scheduler - MonitoringService: Stopped SRE monitoring scheduler daemon
2026-07-29 09:07:13,648 [INFO] scheduler - MonitoringService: Stopped SRE monitoring scheduler daemon
2026-07-29 09:07:13,648 [INFO] apscheduler.scheduler - Scheduler has been shut down
2026-07-29 09:07:13,648 [INFO] apscheduler.scheduler - Scheduler has been shut down
2026-07-29 09:07:13,648 [INFO] apscheduler.scheduler - Scheduler has been shut down
2026-07-29 09:07:13,648 [INFO] apscheduler.scheduler - Scheduler has been shut down
2026-07-29 09:07:13,648 [INFO] apscheduler.scheduler - Scheduler has been shut down
2026-07-29 09:07:13,648 [INFO] apscheduler.scheduler - Scheduler has been shut down
2026-07-29 09:07:13,648 [INFO] apscheduler.scheduler - Scheduler has been shut down
2026-07-29 09:07:13,648 [INFO] apscheduler.scheduler - Scheduler has been shut down
2026-07-29 09:07:13,648 [INFO] apscheduler.scheduler - Scheduler has been shut down
2026-07-29 09:07:13,648 [INFO] apscheduler.scheduler - Scheduler has been shut down
2026-07-29 09:07:13,648 [INFO] apscheduler.scheduler - Scheduler has been shut down
2026-07-29 09:07:13,648 [INFO] apscheduler.scheduler - Scheduler has been shut down
2026-07-29 09:07:13,655 [INFO] apscheduler.scheduler - Adding job tentatively -- it will be properly scheduled when the scheduler starts
2026-07-29 09:07:13,655 [INFO] apscheduler.scheduler - Adding job tentatively -- it will be properly scheduled when the scheduler starts
2026-07-29 09:07:13,655 [INFO] apscheduler.scheduler - Adding job tentatively -- it will be properly scheduled when the scheduler starts
2026-07-29 09:07:13,655 [INFO] apscheduler.scheduler - Adding job tentatively -- it will be properly scheduled when the scheduler starts
2026-07-29 09:07:13,655 [INFO] apscheduler.scheduler - Adding job tentatively -- it will be properly scheduled when the scheduler starts
2026-07-29 09:07:13,655 [INFO] apscheduler.scheduler - Adding job tentatively -- it will be properly scheduled when the scheduler starts
2026-07-29 09:07:13,655 [INFO] apscheduler.scheduler - Adding job tentatively -- it will be properly scheduled when the scheduler starts
2026-07-29 09:07:13,655 [INFO] apscheduler.scheduler - Adding job tentatively -- it will be properly scheduled when the scheduler starts
2026-07-29 09:07:13,655 [INFO] apscheduler.scheduler - Adding job tentatively -- it will be properly scheduled when the scheduler starts
2026-07-29 09:07:13,655 [INFO] apscheduler.scheduler - Adding job tentatively -- it will be properly scheduled when the scheduler starts
2026-07-29 09:07:13,655 [INFO] apscheduler.scheduler - Adding job tentatively -- it will be properly scheduled when the scheduler starts
2026-07-29 09:07:13,655 [INFO] apscheduler.scheduler - Adding job tentatively -- it will be properly scheduled when the scheduler starts
2026-07-29 09:07:13,655 [INFO] apscheduler.scheduler - Adding job tentatively -- it will be properly scheduled when the scheduler starts
2026-07-29 09:07:13,655 [INFO] apscheduler.scheduler - Added job "execute_health_checks" to job store "default"
2026-07-29 09:07:13,655 [INFO] apscheduler.scheduler - Added job "execute_health_checks" to job store "default"
2026-07-29 09:07:13,655 [INFO] apscheduler.scheduler - Added job "execute_health_checks" to job store "default"
2026-07-29 09:07:13,655 [INFO] apscheduler.scheduler - Added job "execute_health_checks" to job store "default"
2026-07-29 09:07:13,655 [INFO] apscheduler.scheduler - Added job "execute_health_checks" to job store "default"
2026-07-29 09:07:13,655 [INFO] apscheduler.scheduler - Added job "execute_health_checks" to job store "default"
2026-07-29 09:07:13,655 [INFO] apscheduler.scheduler - Added job "execute_health_checks" to job store "default"
2026-07-29 09:07:13,655 [INFO] apscheduler.scheduler - Added job "execute_health_checks" to job store "default"
2026-07-29 09:07:13,655 [INFO] apscheduler.scheduler - Added job "execute_health_checks" to job store "default"
2026-07-29 09:07:13,655 [INFO] apscheduler.scheduler - Added job "execute_health_checks" to job store "default"
2026-07-29 09:07:13,655 [INFO] apscheduler.scheduler - Added job "execute_health_checks" to job store "default"
2026-07-29 09:07:13,655 [INFO] apscheduler.scheduler - Added job "execute_health_checks" to job store "default"
2026-07-29 09:07:13,655 [INFO] apscheduler.scheduler - Added job "execute_health_checks" to job store "default"
2026-07-29 09:07:13,655 [INFO] apscheduler.scheduler - Scheduler started
2026-07-29 09:07:13,655 [INFO] apscheduler.scheduler - Scheduler started
2026-07-29 09:07:13,655 [INFO] apscheduler.scheduler - Scheduler started
2026-07-29 09:07:13,655 [INFO] apscheduler.scheduler - Scheduler started
2026-07-29 09:07:13,655 [INFO] apscheduler.scheduler - Scheduler started
2026-07-29 09:07:13,655 [INFO] apscheduler.scheduler - Scheduler started
2026-07-29 09:07:13,655 [INFO] apscheduler.scheduler - Scheduler started
2026-07-29 09:07:13,655 [INFO] apscheduler.scheduler - Scheduler started
2026-07-29 09:07:13,655 [INFO] apscheduler.scheduler - Scheduler started
2026-07-29 09:07:13,655 [INFO] apscheduler.scheduler - Scheduler started
2026-07-29 09:07:13,655 [INFO] apscheduler.scheduler - Scheduler started
2026-07-29 09:07:13,655 [INFO] apscheduler.scheduler - Scheduler started
2026-07-29 09:07:13,655 [INFO] apscheduler.scheduler - Scheduler started
2026-07-29 09:07:13,655 [INFO] scheduler - MonitoringService: Started SRE monitoring scheduler daemon
2026-07-29 09:07:13,655 [INFO] scheduler - MonitoringService: Started SRE monitoring scheduler daemon
2026-07-29 09:07:13,655 [INFO] scheduler - MonitoringService: Started SRE monitoring scheduler daemon
2026-07-29 09:07:13,655 [INFO] scheduler - MonitoringService: Started SRE monitoring scheduler daemon
2026-07-29 09:07:13,655 [INFO] scheduler - MonitoringService: Started SRE monitoring scheduler daemon
2026-07-29 09:07:13,655 [INFO] scheduler - MonitoringService: Started SRE monitoring scheduler daemon
2026-07-29 09:07:13,655 [INFO] scheduler - MonitoringService: Started SRE monitoring scheduler daemon
2026-07-29 09:07:13,655 [INFO] scheduler - MonitoringService: Started SRE monitoring scheduler daemon
2026-07-29 09:07:13,655 [INFO] scheduler - MonitoringService: Started SRE monitoring scheduler daemon
2026-07-29 09:07:13,655 [INFO] scheduler - MonitoringService: Started SRE monitoring scheduler daemon
2026-07-29 09:07:13,655 [INFO] scheduler - MonitoringService: Started SRE monitoring scheduler daemon
2026-07-29 09:07:13,655 [INFO] scheduler - MonitoringService: Started SRE monitoring scheduler daemon
2026-07-29 09:07:13,655 [INFO] scheduler - MonitoringService: Started SRE monitoring scheduler daemon
2026-07-29 09:07:14,174 [INFO] scheduler - MonitoringService: Stopped SRE monitoring scheduler daemon
2026-07-29 09:07:14,174 [INFO] scheduler - MonitoringService: Stopped SRE monitoring scheduler daemon
2026-07-29 09:07:14,174 [INFO] scheduler - MonitoringService: Stopped SRE monitoring scheduler daemon
2026-07-29 09:07:14,174 [INFO] scheduler - MonitoringService: Stopped SRE monitoring scheduler daemon
2026-07-29 09:07:14,174 [INFO] scheduler - MonitoringService: Stopped SRE monitoring scheduler daemon
2026-07-29 09:07:14,174 [INFO] scheduler - MonitoringService: Stopped SRE monitoring scheduler daemon
2026-07-29 09:07:14,174 [INFO] scheduler - MonitoringService: Stopped SRE monitoring scheduler daemon
2026-07-29 09:07:14,174 [INFO] scheduler - MonitoringService: Stopped SRE monitoring scheduler daemon
2026-07-29 09:07:14,174 [INFO] scheduler - MonitoringService: Stopped SRE monitoring scheduler daemon
2026-07-29 09:07:14,174 [INFO] scheduler - MonitoringService: Stopped SRE monitoring scheduler daemon
2026-07-29 09:07:14,174 [INFO] scheduler - MonitoringService: Stopped SRE monitoring scheduler daemon
2026-07-29 09:07:14,174 [INFO] scheduler - MonitoringService: Stopped SRE monitoring scheduler daemon
2026-07-29 09:07:14,174 [INFO] scheduler - MonitoringService: Stopped SRE monitoring scheduler daemon
2026-07-29 09:07:14,174 [INFO] apscheduler.scheduler - Scheduler has been shut down
2026-07-29 09:07:14,174 [INFO] apscheduler.scheduler - Scheduler has been shut down
2026-07-29 09:07:14,174 [INFO] apscheduler.scheduler - Scheduler has been shut down
2026-07-29 09:07:14,174 [INFO] apscheduler.scheduler - Scheduler has been shut down
2026-07-29 09:07:14,174 [INFO] apscheduler.scheduler - Scheduler has been shut down
2026-07-29 09:07:14,174 [INFO] apscheduler.scheduler - Scheduler has been shut down
2026-07-29 09:07:14,174 [INFO] apscheduler.scheduler - Scheduler has been shut down
2026-07-29 09:07:14,174 [INFO] apscheduler.scheduler - Scheduler has been shut down
2026-07-29 09:07:14,174 [INFO] apscheduler.scheduler - Scheduler has been shut down
2026-07-29 09:07:14,174 [INFO] apscheduler.scheduler - Scheduler has been shut down
2026-07-29 09:07:14,174 [INFO] apscheduler.scheduler - Scheduler has been shut down
2026-07-29 09:07:14,174 [INFO] apscheduler.scheduler - Scheduler has been shut down
2026-07-29 09:07:14,174 [INFO] apscheduler.scheduler - Scheduler has been shut down
2026-07-29 09:07:41,109 [INFO] apscheduler.scheduler - Adding job tentatively -- it will be properly scheduled when the scheduler starts
2026-07-29 09:07:41,109 [INFO] apscheduler.scheduler - Added job "execute_health_checks" to job store "default"
2026-07-29 09:07:41,109 [INFO] apscheduler.scheduler - Scheduler started
2026-07-29 09:07:41,109 [INFO] scheduler - MonitoringService: Started SRE monitoring scheduler daemon
2026-07-29 09:07:41,117 [INFO] scheduler - MonitoringService: Stopped SRE monitoring scheduler daemon
2026-07-29 09:07:41,117 [INFO] apscheduler.scheduler - Scheduler has been shut down
2026-07-29 09:07:41,123 [INFO] apscheduler.scheduler - Adding job tentatively -- it will be properly scheduled when the scheduler starts
2026-07-29 09:07:41,123 [INFO] apscheduler.scheduler - Adding job tentatively -- it will be properly scheduled when the scheduler starts
2026-07-29 09:07:41,123 [INFO] apscheduler.scheduler - Added job "execute_health_checks" to job store "default"
2026-07-29 09:07:41,123 [INFO] apscheduler.scheduler - Added job "execute_health_checks" to job store "default"
2026-07-29 09:07:41,124 [INFO] apscheduler.scheduler - Scheduler started
2026-07-29 09:07:41,124 [INFO] apscheduler.scheduler - Scheduler started
2026-07-29 09:07:41,124 [INFO] scheduler - MonitoringService: Started SRE monitoring scheduler daemon
2026-07-29 09:07:41,124 [INFO] scheduler - MonitoringService: Started SRE monitoring scheduler daemon
2026-07-29 09:07:41,766 [INFO] scheduler - MonitoringService: Stopped SRE monitoring scheduler daemon
2026-07-29 09:07:41,766 [INFO] scheduler - MonitoringService: Stopped SRE monitoring scheduler daemon
2026-07-29 09:07:41,766 [INFO] apscheduler.scheduler - Scheduler has been shut down
2026-07-29 09:07:41,766 [INFO] apscheduler.scheduler - Scheduler has been shut down
2026-07-29 09:07:41,772 [INFO] apscheduler.scheduler - Adding job tentatively -- it will be properly scheduled when the scheduler starts
2026-07-29 09:07:41,772 [INFO] apscheduler.scheduler - Adding job tentatively -- it will be properly scheduled when the scheduler starts
2026-07-29 09:07:41,772 [INFO] apscheduler.scheduler - Adding job tentatively -- it will be properly scheduled when the scheduler starts
2026-07-29 09:07:41,772 [INFO] apscheduler.scheduler - Added job "execute_health_checks" to job store "default"
2026-07-29 09:07:41,772 [INFO] apscheduler.scheduler - Added job "execute_health_checks" to job store "default"
2026-07-29 09:07:41,772 [INFO] apscheduler.scheduler - Added job "execute_health_checks" to job store "default"
2026-07-29 09:07:41,772 [INFO] apscheduler.scheduler - Scheduler started
2026-07-29 09:07:41,772 [INFO] apscheduler.scheduler - Scheduler started
2026-07-29 09:07:41,772 [INFO] apscheduler.scheduler - Scheduler started
2026-07-29 09:07:41,772 [INFO] scheduler - MonitoringService: Started SRE monitoring scheduler daemon
2026-07-29 09:07:41,772 [INFO] scheduler - MonitoringService: Started SRE monitoring scheduler daemon
2026-07-29 09:07:41,772 [INFO] scheduler - MonitoringService: Started SRE monitoring scheduler daemon
2026-07-29 09:07:42,299 [INFO] scheduler - MonitoringService: Stopped SRE monitoring scheduler daemon
2026-07-29 09:07:42,299 [INFO] scheduler - MonitoringService: Stopped SRE monitoring scheduler daemon
2026-07-29 09:07:42,299 [INFO] scheduler - MonitoringService: Stopped SRE monitoring scheduler daemon
2026-07-29 09:07:42,300 [INFO] apscheduler.scheduler - Scheduler has been shut down
2026-07-29 09:07:42,300 [INFO] apscheduler.scheduler - Scheduler has been shut down
2026-07-29 09:07:42,300 [INFO] apscheduler.scheduler - Scheduler has been shut down
2026-07-29 09:08:04,209 [INFO] apscheduler.scheduler - Adding job tentatively -- it will be properly scheduled when the scheduler starts
2026-07-29 09:08:04,210 [INFO] apscheduler.scheduler - Added job "execute_health_checks" to job store "default"
2026-07-29 09:08:04,210 [INFO] apscheduler.scheduler - Scheduler started
2026-07-29 09:08:04,210 [INFO] scheduler - MonitoringService: Started SRE monitoring scheduler daemon
2026-07-29 09:08:04,572 [INFO] scheduler - MonitoringService: Stopped SRE monitoring scheduler daemon
2026-07-29 09:08:04,573 [INFO] apscheduler.scheduler - Scheduler has been shut down
2026-07-29 09:08:04,580 [INFO] apscheduler.scheduler - Adding job tentatively -- it will be properly scheduled when the scheduler starts
2026-07-29 09:08:04,580 [INFO] apscheduler.scheduler - Adding job tentatively -- it will be properly scheduled when the scheduler starts
2026-07-29 09:08:04,580 [INFO] apscheduler.scheduler - Added job "execute_health_checks" to job store "default"
2026-07-29 09:08:04,580 [INFO] apscheduler.scheduler - Added job "execute_health_checks" to job store "default"
2026-07-29 09:08:04,581 [INFO] apscheduler.scheduler - Scheduler started
2026-07-29 09:08:04,581 [INFO] apscheduler.scheduler - Scheduler started
2026-07-29 09:08:04,581 [INFO] scheduler - MonitoringService: Started SRE monitoring scheduler daemon
2026-07-29 09:08:04,581 [INFO] scheduler - MonitoringService: Started SRE monitoring scheduler daemon
2026-07-29 09:08:04,589 [INFO] scheduler - MonitoringService: Stopped SRE monitoring scheduler daemon
2026-07-29 09:08:04,589 [INFO] scheduler - MonitoringService: Stopped SRE monitoring scheduler daemon
2026-07-29 09:08:04,589 [INFO] apscheduler.scheduler - Scheduler has been shut down
2026-07-29 09:08:04,589 [INFO] apscheduler.scheduler - Scheduler has been shut down
2026-07-29 09:08:04,596 [INFO] apscheduler.scheduler - Adding job tentatively -- it will be properly scheduled when the scheduler starts
2026-07-29 09:08:04,596 [INFO] apscheduler.scheduler - Adding job tentatively -- it will be properly scheduled when the scheduler starts
2026-07-29 09:08:04,596 [INFO] apscheduler.scheduler - Adding job tentatively -- it will be properly scheduled when the scheduler starts
2026-07-29 09:08:04,596 [INFO] apscheduler.scheduler - Added job "execute_health_checks" to job store "default"
2026-07-29 09:08:04,596 [INFO] apscheduler.scheduler - Added job "execute_health_checks" to job store "default"
2026-07-29 09:08:04,596 [INFO] apscheduler.scheduler - Added job "execute_health_checks" to job store "default"
2026-07-29 09:08:04,597 [INFO] apscheduler.scheduler - Scheduler started
2026-07-29 09:08:04,597 [INFO] apscheduler.scheduler - Scheduler started
2026-07-29 09:08:04,597 [INFO] apscheduler.scheduler - Scheduler started
2026-07-29 09:08:04,597 [INFO] scheduler - MonitoringService: Started SRE monitoring scheduler daemon
2026-07-29 09:08:04,597 [INFO] scheduler - MonitoringService: Started SRE monitoring scheduler daemon
2026-07-29 09:08:04,597 [INFO] scheduler - MonitoringService: Started SRE monitoring scheduler daemon
2026-07-29 09:08:04,752 [INFO] scheduler - MonitoringService: Stopped SRE monitoring scheduler daemon
2026-07-29 09:08:04,752 [INFO] scheduler - MonitoringService: Stopped SRE monitoring scheduler daemon
2026-07-29 09:08:04,752 [INFO] scheduler - MonitoringService: Stopped SRE monitoring scheduler daemon
2026-07-29 09:08:04,752 [INFO] apscheduler.scheduler - Scheduler has been shut down
2026-07-29 09:08:04,752 [INFO] apscheduler.scheduler - Scheduler has been shut down
2026-07-29 09:08:04,752 [INFO] apscheduler.scheduler - Scheduler has been shut down
2026-07-29 09:08:04,760 [INFO] apscheduler.scheduler - Adding job tentatively -- it will be properly scheduled when the scheduler starts
2026-07-29 09:08:04,760 [INFO] apscheduler.scheduler - Adding job tentatively -- it will be properly scheduled when the scheduler starts
2026-07-29 09:08:04,760 [INFO] apscheduler.scheduler - Adding job tentatively -- it will be properly scheduled when the scheduler starts
2026-07-29 09:08:04,760 [INFO] apscheduler.scheduler - Adding job tentatively -- it will be properly scheduled when the scheduler starts
2026-07-29 09:08:04,760 [INFO] apscheduler.scheduler - Added job "execute_health_checks" to job store "default"
2026-07-29 09:08:04,760 [INFO] apscheduler.scheduler - Added job "execute_health_checks" to job store "default"
2026-07-29 09:08:04,760 [INFO] apscheduler.scheduler - Added job "execute_health_checks" to job store "default"
2026-07-29 09:08:04,760 [INFO] apscheduler.scheduler - Added job "execute_health_checks" to job store "default"
2026-07-29 09:08:04,760 [INFO] apscheduler.scheduler - Scheduler started
2026-07-29 09:08:04,760 [INFO] apscheduler.scheduler - Scheduler started
2026-07-29 09:08:04,760 [INFO] apscheduler.scheduler - Scheduler started
2026-07-29 09:08:04,760 [INFO] apscheduler.scheduler - Scheduler started
2026-07-29 09:08:04,761 [INFO] scheduler - MonitoringService: Started SRE monitoring scheduler daemon
2026-07-29 09:08:04,761 [INFO] scheduler - MonitoringService: Started SRE monitoring scheduler daemon
2026-07-29 09:08:04,761 [INFO] scheduler - MonitoringService: Started SRE monitoring scheduler daemon
2026-07-29 09:08:04,761 [INFO] scheduler - MonitoringService: Started SRE monitoring scheduler daemon
2026-07-29 09:08:05,115 [INFO] scheduler - MonitoringService: Stopped SRE monitoring scheduler daemon
2026-07-29 09:08:05,115 [INFO] scheduler - MonitoringService: Stopped SRE monitoring scheduler daemon
2026-07-29 09:08:05,115 [INFO] scheduler - MonitoringService: Stopped SRE monitoring scheduler daemon
2026-07-29 09:08:05,115 [INFO] scheduler - MonitoringService: Stopped SRE monitoring scheduler daemon
2026-07-29 09:08:05,115 [INFO] apscheduler.scheduler - Scheduler has been shut down
2026-07-29 09:08:05,115 [INFO] apscheduler.scheduler - Scheduler has been shut down
2026-07-29 09:08:05,115 [INFO] apscheduler.scheduler - Scheduler has been shut down
2026-07-29 09:08:05,115 [INFO] apscheduler.scheduler - Scheduler has been shut down
2026-07-29 09:08:05,124 [INFO] apscheduler.scheduler - Adding job tentatively -- it will be properly scheduled when the scheduler starts
2026-07-29 09:08:05,124 [INFO] apscheduler.scheduler - Adding job tentatively -- it will be properly scheduled when the scheduler starts
2026-07-29 09:08:05,124 [INFO] apscheduler.scheduler - Adding job tentatively -- it will be properly scheduled when the scheduler starts
2026-07-29 09:08:05,124 [INFO] apscheduler.scheduler - Adding job tentatively -- it will be properly scheduled when the scheduler starts
2026-07-29 09:08:05,124 [INFO] apscheduler.scheduler - Adding job tentatively -- it will be properly scheduled when the scheduler starts
2026-07-29 09:08:05,124 [INFO] apscheduler.scheduler - Added job "execute_health_checks" to job store "default"
2026-07-29 09:08:05,124 [INFO] apscheduler.scheduler - Added job "execute_health_checks" to job store "default"
2026-07-29 09:08:05,124 [INFO] apscheduler.scheduler - Added job "execute_health_checks" to job store "default"
2026-07-29 09:08:05,124 [INFO] apscheduler.scheduler - Added job "execute_health_checks" to job store "default"
2026-07-29 09:08:05,124 [INFO] apscheduler.scheduler - Added job "execute_health_checks" to job store "default"
2026-07-29 09:08:05,125 [INFO] apscheduler.scheduler - Scheduler started
2026-07-29 09:08:05,125 [INFO] apscheduler.scheduler - Scheduler started
2026-07-29 09:08:05,125 [INFO] apscheduler.scheduler - Scheduler started
2026-07-29 09:08:05,125 [INFO] apscheduler.scheduler - Scheduler started
2026-07-29 09:08:05,125 [INFO] apscheduler.scheduler - Scheduler started
2026-07-29 09:08:05,125 [INFO] scheduler - MonitoringService: Started SRE monitoring scheduler daemon
2026-07-29 09:08:05,125 [INFO] scheduler - MonitoringService: Started SRE monitoring scheduler daemon
2026-07-29 09:08:05,125 [INFO] scheduler - MonitoringService: Started SRE monitoring scheduler daemon
2026-07-29 09:08:05,125 [INFO] scheduler - MonitoringService: Started SRE monitoring scheduler daemon
2026-07-29 09:08:05,125 [INFO] scheduler - MonitoringService: Started SRE monitoring scheduler daemon
2026-07-29 09:08:05,782 [INFO] scheduler - MonitoringService: Stopped SRE monitoring scheduler daemon
2026-07-29 09:08:05,782 [INFO] scheduler - MonitoringService: Stopped SRE monitoring scheduler daemon
2026-07-29 09:08:05,782 [INFO] scheduler - MonitoringService: Stopped SRE monitoring scheduler daemon
2026-07-29 09:08:05,782 [INFO] scheduler - MonitoringService: Stopped SRE monitoring scheduler daemon
2026-07-29 09:08:05,782 [INFO] scheduler - MonitoringService: Stopped SRE monitoring scheduler daemon
2026-07-29 09:08:05,782 [INFO] apscheduler.scheduler - Scheduler has been shut down
2026-07-29 09:08:05,782 [INFO] apscheduler.scheduler - Scheduler has been shut down
2026-07-29 09:08:05,782 [INFO] apscheduler.scheduler - Scheduler has been shut down
2026-07-29 09:08:05,782 [INFO] apscheduler.scheduler - Scheduler has been shut down
2026-07-29 09:08:05,782 [INFO] apscheduler.scheduler - Scheduler has been shut down
2026-07-29 09:08:05,789 [INFO] apscheduler.scheduler - Adding job tentatively -- it will be properly scheduled when the scheduler starts
2026-07-29 09:08:05,789 [INFO] apscheduler.scheduler - Adding job tentatively -- it will be properly scheduled when the scheduler starts
2026-07-29 09:08:05,789 [INFO] apscheduler.scheduler - Adding job tentatively -- it will be properly scheduled when the scheduler starts
2026-07-29 09:08:05,789 [INFO] apscheduler.scheduler - Adding job tentatively -- it will be properly scheduled when the scheduler starts
2026-07-29 09:08:05,789 [INFO] apscheduler.scheduler - Adding job tentatively -- it will be properly scheduled when the scheduler starts
2026-07-29 09:08:05,789 [INFO] apscheduler.scheduler - Adding job tentatively -- it will be properly scheduled when the scheduler starts
2026-07-29 09:08:05,790 [INFO] apscheduler.scheduler - Added job "execute_health_checks" to job store "default"
2026-07-29 09:08:05,790 [INFO] apscheduler.scheduler - Added job "execute_health_checks" to job store "default"
2026-07-29 09:08:05,790 [INFO] apscheduler.scheduler - Added job "execute_health_checks" to job store "default"
2026-07-29 09:08:05,790 [INFO] apscheduler.scheduler - Added job "execute_health_checks" to job store "default"
2026-07-29 09:08:05,790 [INFO] apscheduler.scheduler - Added job "execute_health_checks" to job store "default"
2026-07-29 09:08:05,790 [INFO] apscheduler.scheduler - Added job "execute_health_checks" to job store "default"
2026-07-29 09:08:05,790 [INFO] apscheduler.scheduler - Scheduler started
2026-07-29 09:08:05,790 [INFO] apscheduler.scheduler - Scheduler started
2026-07-29 09:08:05,790 [INFO] apscheduler.scheduler - Scheduler started
2026-07-29 09:08:05,790 [INFO] apscheduler.scheduler - Scheduler started
2026-07-29 09:08:05,790 [INFO] apscheduler.scheduler - Scheduler started
2026-07-29 09:08:05,790 [INFO] apscheduler.scheduler - Scheduler started
2026-07-29 09:08:05,790 [INFO] scheduler - MonitoringService: Started SRE monitoring scheduler daemon
2026-07-29 09:08:05,790 [INFO] scheduler - MonitoringService: Started SRE monitoring scheduler daemon
2026-07-29 09:08:05,790 [INFO] scheduler - MonitoringService: Started SRE monitoring scheduler daemon
2026-07-29 09:08:05,790 [INFO] scheduler - MonitoringService: Started SRE monitoring scheduler daemon
2026-07-29 09:08:05,790 [INFO] scheduler - MonitoringService: Started SRE monitoring scheduler daemon
2026-07-29 09:08:05,790 [INFO] scheduler - MonitoringService: Started SRE monitoring scheduler daemon
2026-07-29 09:08:05,801 [INFO] scheduler - MonitoringService: Stopped SRE monitoring scheduler daemon
2026-07-29 09:08:05,801 [INFO] scheduler - MonitoringService: Stopped SRE monitoring scheduler daemon
2026-07-29 09:08:05,801 [INFO] scheduler - MonitoringService: Stopped SRE monitoring scheduler daemon
2026-07-29 09:08:05,801 [INFO] scheduler - MonitoringService: Stopped SRE monitoring scheduler daemon
2026-07-29 09:08:05,801 [INFO] scheduler - MonitoringService: Stopped SRE monitoring scheduler daemon
2026-07-29 09:08:05,801 [INFO] scheduler - MonitoringService: Stopped SRE monitoring scheduler daemon
2026-07-29 09:08:05,801 [INFO] apscheduler.scheduler - Scheduler has been shut down
2026-07-29 09:08:05,801 [INFO] apscheduler.scheduler - Scheduler has been shut down
2026-07-29 09:08:05,801 [INFO] apscheduler.scheduler - Scheduler has been shut down
2026-07-29 09:08:05,801 [INFO] apscheduler.scheduler - Scheduler has been shut down
2026-07-29 09:08:05,801 [INFO] apscheduler.scheduler - Scheduler has been shut down
2026-07-29 09:08:05,801 [INFO] apscheduler.scheduler - Scheduler has been shut down
2026-07-29 09:08:05,811 [INFO] apscheduler.scheduler - Adding job tentatively -- it will be properly scheduled when the scheduler starts
2026-07-29 09:08:05,811 [INFO] apscheduler.scheduler - Adding job tentatively -- it will be properly scheduled when the scheduler starts
2026-07-29 09:08:05,811 [INFO] apscheduler.scheduler - Adding job tentatively -- it will be properly scheduled when the scheduler starts
2026-07-29 09:08:05,811 [INFO] apscheduler.scheduler - Adding job tentatively -- it will be properly scheduled when the scheduler starts
2026-07-29 09:08:05,811 [INFO] apscheduler.scheduler - Adding job tentatively -- it will be properly scheduled when the scheduler starts
2026-07-29 09:08:05,811 [INFO] apscheduler.scheduler - Adding job tentatively -- it will be properly scheduled when the scheduler starts
2026-07-29 09:08:05,811 [INFO] apscheduler.scheduler - Adding job tentatively -- it will be properly scheduled when the scheduler starts
2026-07-29 09:08:05,811 [INFO] apscheduler.scheduler - Added job "execute_health_checks" to job store "default"
2026-07-29 09:08:05,811 [INFO] apscheduler.scheduler - Added job "execute_health_checks" to job store "default"
2026-07-29 09:08:05,811 [INFO] apscheduler.scheduler - Added job "execute_health_checks" to job store "default"
2026-07-29 09:08:05,811 [INFO] apscheduler.scheduler - Added job "execute_health_checks" to job store "default"
2026-07-29 09:08:05,811 [INFO] apscheduler.scheduler - Added job "execute_health_checks" to job store "default"
2026-07-29 09:08:05,811 [INFO] apscheduler.scheduler - Added job "execute_health_checks" to job store "default"
2026-07-29 09:08:05,811 [INFO] apscheduler.scheduler - Added job "execute_health_checks" to job store "default"
2026-07-29 09:08:05,812 [INFO] apscheduler.scheduler - Scheduler started
2026-07-29 09:08:05,812 [INFO] apscheduler.scheduler - Scheduler started
2026-07-29 09:08:05,812 [INFO] apscheduler.scheduler - Scheduler started
2026-07-29 09:08:05,812 [INFO] apscheduler.scheduler - Scheduler started
2026-07-29 09:08:05,812 [INFO] apscheduler.scheduler - Scheduler started
2026-07-29 09:08:05,812 [INFO] apscheduler.scheduler - Scheduler started
2026-07-29 09:08:05,812 [INFO] apscheduler.scheduler - Scheduler started
2026-07-29 09:08:05,812 [INFO] scheduler - MonitoringService: Started SRE monitoring scheduler daemon
2026-07-29 09:08:05,812 [INFO] scheduler - MonitoringService: Started SRE monitoring scheduler daemon
2026-07-29 09:08:05,812 [INFO] scheduler - MonitoringService: Started SRE monitoring scheduler daemon
2026-07-29 09:08:05,812 [INFO] scheduler - MonitoringService: Started SRE monitoring scheduler daemon
2026-07-29 09:08:05,812 [INFO] scheduler - MonitoringService: Started SRE monitoring scheduler daemon
2026-07-29 09:08:05,812 [INFO] scheduler - MonitoringService: Started SRE monitoring scheduler daemon
2026-07-29 09:08:05,812 [INFO] scheduler - MonitoringService: Started SRE monitoring scheduler daemon
2026-07-29 09:08:05,818 [INFO] scheduler - MonitoringService: Stopped SRE monitoring scheduler daemon
2026-07-29 09:08:05,818 [INFO] scheduler - MonitoringService: Stopped SRE monitoring scheduler daemon
2026-07-29 09:08:05,818 [INFO] scheduler - MonitoringService: Stopped SRE monitoring scheduler daemon
2026-07-29 09:08:05,818 [INFO] scheduler - MonitoringService: Stopped SRE monitoring scheduler daemon
2026-07-29 09:08:05,818 [INFO] scheduler - MonitoringService: Stopped SRE monitoring scheduler daemon
2026-07-29 09:08:05,818 [INFO] scheduler - MonitoringService: Stopped SRE monitoring scheduler daemon
2026-07-29 09:08:05,818 [INFO] scheduler - MonitoringService: Stopped SRE monitoring scheduler daemon
2026-07-29 09:08:05,819 [INFO] apscheduler.scheduler - Scheduler has been shut down
2026-07-29 09:08:05,819 [INFO] apscheduler.scheduler - Scheduler has been shut down
2026-07-29 09:08:05,819 [INFO] apscheduler.scheduler - Scheduler has been shut down
2026-07-29 09:08:05,819 [INFO] apscheduler.scheduler - Scheduler has been shut down
2026-07-29 09:08:05,819 [INFO] apscheduler.scheduler - Scheduler has been shut down
2026-07-29 09:08:05,819 [INFO] apscheduler.scheduler - Scheduler has been shut down
2026-07-29 09:08:05,819 [INFO] apscheduler.scheduler - Scheduler has been shut down
2026-07-29 09:08:05,827 [INFO] apscheduler.scheduler - Adding job tentatively -- it will be properly scheduled when the scheduler starts
2026-07-29 09:08:05,827 [INFO] apscheduler.scheduler - Adding job tentatively -- it will be properly scheduled when the scheduler starts
2026-07-29 09:08:05,827 [INFO] apscheduler.scheduler - Adding job tentatively -- it will be properly scheduled when the scheduler starts
2026-07-29 09:08:05,827 [INFO] apscheduler.scheduler - Adding job tentatively -- it will be properly scheduled when the scheduler starts
2026-07-29 09:08:05,827 [INFO] apscheduler.scheduler - Adding job tentatively -- it will be properly scheduled when the scheduler starts
2026-07-29 09:08:05,827 [INFO] apscheduler.scheduler - Adding job tentatively -- it will be properly scheduled when the scheduler starts
2026-07-29 09:08:05,827 [INFO] apscheduler.scheduler - Adding job tentatively -- it will be properly scheduled when the scheduler starts
2026-07-29 09:08:05,827 [INFO] apscheduler.scheduler - Adding job tentatively -- it will be properly scheduled when the scheduler starts
2026-07-29 09:08:05,828 [INFO] apscheduler.scheduler - Added job "execute_health_checks" to job store "default"
2026-07-29 09:08:05,828 [INFO] apscheduler.scheduler - Added job "execute_health_checks" to job store "default"
2026-07-29 09:08:05,828 [INFO] apscheduler.scheduler - Added job "execute_health_checks" to job store "default"
2026-07-29 09:08:05,828 [INFO] apscheduler.scheduler - Added job "execute_health_checks" to job store "default"
2026-07-29 09:08:05,828 [INFO] apscheduler.scheduler - Added job "execute_health_checks" to job store "default"
2026-07-29 09:08:05,828 [INFO] apscheduler.scheduler - Added job "execute_health_checks" to job store "default"
2026-07-29 09:08:05,828 [INFO] apscheduler.scheduler - Added job "execute_health_checks" to job store "default"
2026-07-29 09:08:05,828 [INFO] apscheduler.scheduler - Added job "execute_health_checks" to job store "default"
2026-07-29 09:08:05,828 [INFO] apscheduler.scheduler - Scheduler started
2026-07-29 09:08:05,828 [INFO] apscheduler.scheduler - Scheduler started
2026-07-29 09:08:05,828 [INFO] apscheduler.scheduler - Scheduler started
2026-07-29 09:08:05,828 [INFO] apscheduler.scheduler - Scheduler started
2026-07-29 09:08:05,828 [INFO] apscheduler.scheduler - Scheduler started
2026-07-29 09:08:05,828 [INFO] apscheduler.scheduler - Scheduler started
2026-07-29 09:08:05,828 [INFO] apscheduler.scheduler - Scheduler started
2026-07-29 09:08:05,828 [INFO] apscheduler.scheduler - Scheduler started
2026-07-29 09:08:05,828 [INFO] scheduler - MonitoringService: Started SRE monitoring scheduler daemon
2026-07-29 09:08:05,828 [INFO] scheduler - MonitoringService: Started SRE monitoring scheduler daemon
2026-07-29 09:08:05,828 [INFO] scheduler - MonitoringService: Started SRE monitoring scheduler daemon
2026-07-29 09:08:05,828 [INFO] scheduler - MonitoringService: Started SRE monitoring scheduler daemon
2026-07-29 09:08:05,828 [INFO] scheduler - MonitoringService: Started SRE monitoring scheduler daemon
2026-07-29 09:08:05,828 [INFO] scheduler - MonitoringService: Started SRE monitoring scheduler daemon
2026-07-29 09:08:05,828 [INFO] scheduler - MonitoringService: Started SRE monitoring scheduler daemon
2026-07-29 09:08:05,828 [INFO] scheduler - MonitoringService: Started SRE monitoring scheduler daemon
2026-07-29 09:08:06,537 [INFO] scheduler - MonitoringService: Stopped SRE monitoring scheduler daemon
2026-07-29 09:08:06,537 [INFO] scheduler - MonitoringService: Stopped SRE monitoring scheduler daemon
2026-07-29 09:08:06,537 [INFO] scheduler - MonitoringService: Stopped SRE monitoring scheduler daemon
2026-07-29 09:08:06,537 [INFO] scheduler - MonitoringService: Stopped SRE monitoring scheduler daemon
2026-07-29 09:08:06,537 [INFO] scheduler - MonitoringService: Stopped SRE monitoring scheduler daemon
2026-07-29 09:08:06,537 [INFO] scheduler - MonitoringService: Stopped SRE monitoring scheduler daemon
2026-07-29 09:08:06,537 [INFO] scheduler - MonitoringService: Stopped SRE monitoring scheduler daemon
2026-07-29 09:08:06,537 [INFO] scheduler - MonitoringService: Stopped SRE monitoring scheduler daemon
2026-07-29 09:08:06,537 [INFO] apscheduler.scheduler - Scheduler has been shut down
2026-07-29 09:08:06,537 [INFO] apscheduler.scheduler - Scheduler has been shut down
2026-07-29 09:08:06,537 [INFO] apscheduler.scheduler - Scheduler has been shut down
2026-07-29 09:08:06,537 [INFO] apscheduler.scheduler - Scheduler has been shut down
2026-07-29 09:08:06,537 [INFO] apscheduler.scheduler - Scheduler has been shut down
2026-07-29 09:08:06,537 [INFO] apscheduler.scheduler - Scheduler has been shut down
2026-07-29 09:08:06,537 [INFO] apscheduler.scheduler - Scheduler has been shut down
2026-07-29 09:08:06,537 [INFO] apscheduler.scheduler - Scheduler has been shut down
2026-07-29 09:08:06,545 [INFO] apscheduler.scheduler - Adding job tentatively -- it will be properly scheduled when the scheduler starts
2026-07-29 09:08:06,545 [INFO] apscheduler.scheduler - Adding job tentatively -- it will be properly scheduled when the scheduler starts
2026-07-29 09:08:06,545 [INFO] apscheduler.scheduler - Adding job tentatively -- it will be properly scheduled when the scheduler starts
2026-07-29 09:08:06,545 [INFO] apscheduler.scheduler - Adding job tentatively -- it will be properly scheduled when the scheduler starts
2026-07-29 09:08:06,545 [INFO] apscheduler.scheduler - Adding job tentatively -- it will be properly scheduled when the scheduler starts
2026-07-29 09:08:06,545 [INFO] apscheduler.scheduler - Adding job tentatively -- it will be properly scheduled when the scheduler starts
2026-07-29 09:08:06,545 [INFO] apscheduler.scheduler - Adding job tentatively -- it will be properly scheduled when the scheduler starts
2026-07-29 09:08:06,545 [INFO] apscheduler.scheduler - Adding job tentatively -- it will be properly scheduled when the scheduler starts
2026-07-29 09:08:06,545 [INFO] apscheduler.scheduler - Adding job tentatively -- it will be properly scheduled when the scheduler starts
2026-07-29 09:08:06,546 [INFO] apscheduler.scheduler - Added job "execute_health_checks" to job store "default"
2026-07-29 09:08:06,546 [INFO] apscheduler.scheduler - Added job "execute_health_checks" to job store "default"
2026-07-29 09:08:06,546 [INFO] apscheduler.scheduler - Added job "execute_health_checks" to job store "default"
2026-07-29 09:08:06,546 [INFO] apscheduler.scheduler - Added job "execute_health_checks" to job store "default"
2026-07-29 09:08:06,546 [INFO] apscheduler.scheduler - Added job "execute_health_checks" to job store "default"
2026-07-29 09:08:06,546 [INFO] apscheduler.scheduler - Added job "execute_health_checks" to job store "default"
2026-07-29 09:08:06,546 [INFO] apscheduler.scheduler - Added job "execute_health_checks" to job store "default"
2026-07-29 09:08:06,546 [INFO] apscheduler.scheduler - Added job "execute_health_checks" to job store "default"
2026-07-29 09:08:06,546 [INFO] apscheduler.scheduler - Added job "execute_health_checks" to job store "default"
2026-07-29 09:08:06,546 [INFO] apscheduler.scheduler - Scheduler started
2026-07-29 09:08:06,546 [INFO] apscheduler.scheduler - Scheduler started
2026-07-29 09:08:06,546 [INFO] apscheduler.scheduler - Scheduler started
2026-07-29 09:08:06,546 [INFO] apscheduler.scheduler - Scheduler started
2026-07-29 09:08:06,546 [INFO] apscheduler.scheduler - Scheduler started
2026-07-29 09:08:06,546 [INFO] apscheduler.scheduler - Scheduler started
2026-07-29 09:08:06,546 [INFO] apscheduler.scheduler - Scheduler started
2026-07-29 09:08:06,546 [INFO] apscheduler.scheduler - Scheduler started
2026-07-29 09:08:06,546 [INFO] apscheduler.scheduler - Scheduler started
2026-07-29 09:08:06,546 [INFO] scheduler - MonitoringService: Started SRE monitoring scheduler daemon
2026-07-29 09:08:06,546 [INFO] scheduler - MonitoringService: Started SRE monitoring scheduler daemon
2026-07-29 09:08:06,546 [INFO] scheduler - MonitoringService: Started SRE monitoring scheduler daemon
2026-07-29 09:08:06,546 [INFO] scheduler - MonitoringService: Started SRE monitoring scheduler daemon
2026-07-29 09:08:06,546 [INFO] scheduler - MonitoringService: Started SRE monitoring scheduler daemon
2026-07-29 09:08:06,546 [INFO] scheduler - MonitoringService: Started SRE monitoring scheduler daemon
2026-07-29 09:08:06,546 [INFO] scheduler - MonitoringService: Started SRE monitoring scheduler daemon
2026-07-29 09:08:06,546 [INFO] scheduler - MonitoringService: Started SRE monitoring scheduler daemon
2026-07-29 09:08:06,546 [INFO] scheduler - MonitoringService: Started SRE monitoring scheduler daemon
2026-07-29 09:08:07,193 [INFO] scheduler - MonitoringService: Stopped SRE monitoring scheduler daemon
2026-07-29 09:08:07,193 [INFO] scheduler - MonitoringService: Stopped SRE monitoring scheduler daemon
2026-07-29 09:08:07,193 [INFO] scheduler - MonitoringService: Stopped SRE monitoring scheduler daemon
2026-07-29 09:08:07,193 [INFO] scheduler - MonitoringService: Stopped SRE monitoring scheduler daemon
2026-07-29 09:08:07,193 [INFO] scheduler - MonitoringService: Stopped SRE monitoring scheduler daemon
2026-07-29 09:08:07,193 [INFO] scheduler - MonitoringService: Stopped SRE monitoring scheduler daemon
2026-07-29 09:08:07,193 [INFO] scheduler - MonitoringService: Stopped SRE monitoring scheduler daemon
2026-07-29 09:08:07,193 [INFO] scheduler - MonitoringService: Stopped SRE monitoring scheduler daemon
2026-07-29 09:08:07,193 [INFO] scheduler - MonitoringService: Stopped SRE monitoring scheduler daemon
2026-07-29 09:08:07,194 [INFO] apscheduler.scheduler - Scheduler has been shut down
2026-07-29 09:08:07,194 [INFO] apscheduler.scheduler - Scheduler has been shut down
2026-07-29 09:08:07,194 [INFO] apscheduler.scheduler - Scheduler has been shut down
2026-07-29 09:08:07,194 [INFO] apscheduler.scheduler - Scheduler has been shut down
2026-07-29 09:08:07,194 [INFO] apscheduler.scheduler - Scheduler has been shut down
2026-07-29 09:08:07,194 [INFO] apscheduler.scheduler - Scheduler has been shut down
2026-07-29 09:08:07,194 [INFO] apscheduler.scheduler - Scheduler has been shut down
2026-07-29 09:08:07,194 [INFO] apscheduler.scheduler - Scheduler has been shut down
2026-07-29 09:08:07,194 [INFO] apscheduler.scheduler - Scheduler has been shut down
2026-07-29 09:08:07,374 [INFO] apscheduler.scheduler - Adding job tentatively -- it will be properly scheduled when the scheduler starts
2026-07-29 09:08:07,374 [INFO] apscheduler.scheduler - Adding job tentatively -- it will be properly scheduled when the scheduler starts
2026-07-29 09:08:07,374 [INFO] apscheduler.scheduler - Adding job tentatively -- it will be properly scheduled when the scheduler starts
2026-07-29 09:08:07,374 [INFO] apscheduler.scheduler - Adding job tentatively -- it will be properly scheduled when the scheduler starts
2026-07-29 09:08:07,374 [INFO] apscheduler.scheduler - Adding job tentatively -- it will be properly scheduled when the scheduler starts
2026-07-29 09:08:07,374 [INFO] apscheduler.scheduler - Adding job tentatively -- it will be properly scheduled when the scheduler starts
2026-07-29 09:08:07,374 [INFO] apscheduler.scheduler - Adding job tentatively -- it will be properly scheduled when the scheduler starts
2026-07-29 09:08:07,374 [INFO] apscheduler.scheduler - Adding job tentatively -- it will be properly scheduled when the scheduler starts
2026-07-29 09:08:07,374 [INFO] apscheduler.scheduler - Adding job tentatively -- it will be properly scheduled when the scheduler starts
2026-07-29 09:08:07,374 [INFO] apscheduler.scheduler - Adding job tentatively -- it will be properly scheduled when the scheduler starts
2026-07-29 09:08:07,374 [INFO] apscheduler.scheduler - Added job "execute_health_checks" to job store "default"
2026-07-29 09:08:07,374 [INFO] apscheduler.scheduler - Added job "execute_health_checks" to job store "default"
2026-07-29 09:08:07,374 [INFO] apscheduler.scheduler - Added job "execute_health_checks" to job store "default"
2026-07-29 09:08:07,374 [INFO] apscheduler.scheduler - Added job "execute_health_checks" to job store "default"
2026-07-29 09:08:07,374 [INFO] apscheduler.scheduler - Added job "execute_health_checks" to job store "default"
2026-07-29 09:08:07,374 [INFO] apscheduler.scheduler - Added job "execute_health_checks" to job store "default"
2026-07-29 09:08:07,374 [INFO] apscheduler.scheduler - Added job "execute_health_checks" to job store "default"
2026-07-29 09:08:07,374 [INFO] apscheduler.scheduler - Added job "execute_health_checks" to job store "default"
2026-07-29 09:08:07,374 [INFO] apscheduler.scheduler - Added job "execute_health_checks" to job store "default"
2026-07-29 09:08:07,374 [INFO] apscheduler.scheduler - Added job "execute_health_checks" to job store "default"
2026-07-29 09:08:07,375 [INFO] apscheduler.scheduler - Scheduler started
2026-07-29 09:08:07,375 [INFO] apscheduler.scheduler - Scheduler started
2026-07-29 09:08:07,375 [INFO] apscheduler.scheduler - Scheduler started
2026-07-29 09:08:07,375 [INFO] apscheduler.scheduler - Scheduler started
2026-07-29 09:08:07,375 [INFO] apscheduler.scheduler - Scheduler started
2026-07-29 09:08:07,375 [INFO] apscheduler.scheduler - Scheduler started
2026-07-29 09:08:07,375 [INFO] apscheduler.scheduler - Scheduler started
2026-07-29 09:08:07,375 [INFO] apscheduler.scheduler - Scheduler started
2026-07-29 09:08:07,375 [INFO] apscheduler.scheduler - Scheduler started
2026-07-29 09:08:07,375 [INFO] apscheduler.scheduler - Scheduler started
2026-07-29 09:08:07,375 [INFO] scheduler - MonitoringService: Started SRE monitoring scheduler daemon
2026-07-29 09:08:07,375 [INFO] scheduler - MonitoringService: Started SRE monitoring scheduler daemon
2026-07-29 09:08:07,375 [INFO] scheduler - MonitoringService: Started SRE monitoring scheduler daemon
2026-07-29 09:08:07,375 [INFO] scheduler - MonitoringService: Started SRE monitoring scheduler daemon
2026-07-29 09:08:07,375 [INFO] scheduler - MonitoringService: Started SRE monitoring scheduler daemon
2026-07-29 09:08:07,375 [INFO] scheduler - MonitoringService: Started SRE monitoring scheduler daemon
2026-07-29 09:08:07,375 [INFO] scheduler - MonitoringService: Started SRE monitoring scheduler daemon
2026-07-29 09:08:07,375 [INFO] scheduler - MonitoringService: Started SRE monitoring scheduler daemon
2026-07-29 09:08:07,375 [INFO] scheduler - MonitoringService: Started SRE monitoring scheduler daemon
2026-07-29 09:08:07,375 [INFO] scheduler - MonitoringService: Started SRE monitoring scheduler daemon
2026-07-29 09:08:08,348 [INFO] scheduler - MonitoringService: Stopped SRE monitoring scheduler daemon
2026-07-29 09:08:08,348 [INFO] scheduler - MonitoringService: Stopped SRE monitoring scheduler daemon
2026-07-29 09:08:08,348 [INFO] scheduler - MonitoringService: Stopped SRE monitoring scheduler daemon
2026-07-29 09:08:08,348 [INFO] scheduler - MonitoringService: Stopped SRE monitoring scheduler daemon
2026-07-29 09:08:08,348 [INFO] scheduler - MonitoringService: Stopped SRE monitoring scheduler daemon
2026-07-29 09:08:08,348 [INFO] scheduler - MonitoringService: Stopped SRE monitoring scheduler daemon
2026-07-29 09:08:08,348 [INFO] scheduler - MonitoringService: Stopped SRE monitoring scheduler daemon
2026-07-29 09:08:08,348 [INFO] scheduler - MonitoringService: Stopped SRE monitoring scheduler daemon
2026-07-29 09:08:08,348 [INFO] scheduler - MonitoringService: Stopped SRE monitoring scheduler daemon
2026-07-29 09:08:08,348 [INFO] scheduler - MonitoringService: Stopped SRE monitoring scheduler daemon
2026-07-29 09:08:08,349 [INFO] apscheduler.scheduler - Scheduler has been shut down
2026-07-29 09:08:08,349 [INFO] apscheduler.scheduler - Scheduler has been shut down
2026-07-29 09:08:08,349 [INFO] apscheduler.scheduler - Scheduler has been shut down
2026-07-29 09:08:08,349 [INFO] apscheduler.scheduler - Scheduler has been shut down
2026-07-29 09:08:08,349 [INFO] apscheduler.scheduler - Scheduler has been shut down
2026-07-29 09:08:08,349 [INFO] apscheduler.scheduler - Scheduler has been shut down
2026-07-29 09:08:08,349 [INFO] apscheduler.scheduler - Scheduler has been shut down
2026-07-29 09:08:08,349 [INFO] apscheduler.scheduler - Scheduler has been shut down
2026-07-29 09:08:08,349 [INFO] apscheduler.scheduler - Scheduler has been shut down
2026-07-29 09:08:08,349 [INFO] apscheduler.scheduler - Scheduler has been shut down
2026-07-29 09:08:08,357 [INFO] apscheduler.scheduler - Adding job tentatively -- it will be properly scheduled when the scheduler starts
2026-07-29 09:08:08,357 [INFO] apscheduler.scheduler - Adding job tentatively -- it will be properly scheduled when the scheduler starts
2026-07-29 09:08:08,357 [INFO] apscheduler.scheduler - Adding job tentatively -- it will be properly scheduled when the scheduler starts
2026-07-29 09:08:08,357 [INFO] apscheduler.scheduler - Adding job tentatively -- it will be properly scheduled when the scheduler starts
2026-07-29 09:08:08,357 [INFO] apscheduler.scheduler - Adding job tentatively -- it will be properly scheduled when the scheduler starts
2026-07-29 09:08:08,357 [INFO] apscheduler.scheduler - Adding job tentatively -- it will be properly scheduled when the scheduler starts
2026-07-29 09:08:08,357 [INFO] apscheduler.scheduler - Adding job tentatively -- it will be properly scheduled when the scheduler starts
2026-07-29 09:08:08,357 [INFO] apscheduler.scheduler - Adding job tentatively -- it will be properly scheduled when the scheduler starts
2026-07-29 09:08:08,357 [INFO] apscheduler.scheduler - Adding job tentatively -- it will be properly scheduled when the scheduler starts
2026-07-29 09:08:08,357 [INFO] apscheduler.scheduler - Adding job tentatively -- it will be properly scheduled when the scheduler starts
2026-07-29 09:08:08,357 [INFO] apscheduler.scheduler - Adding job tentatively -- it will be properly scheduled when the scheduler starts
2026-07-29 09:08:08,358 [INFO] apscheduler.scheduler - Added job "execute_health_checks" to job store "default"
2026-07-29 09:08:08,358 [INFO] apscheduler.scheduler - Added job "execute_health_checks" to job store "default"
2026-07-29 09:08:08,358 [INFO] apscheduler.scheduler - Added job "execute_health_checks" to job store "default"
2026-07-29 09:08:08,358 [INFO] apscheduler.scheduler - Added job "execute_health_checks" to job store "default"
2026-07-29 09:08:08,358 [INFO] apscheduler.scheduler - Added job "execute_health_checks" to job store "default"
2026-07-29 09:08:08,358 [INFO] apscheduler.scheduler - Added job "execute_health_checks" to job store "default"
2026-07-29 09:08:08,358 [INFO] apscheduler.scheduler - Added job "execute_health_checks" to job store "default"
2026-07-29 09:08:08,358 [INFO] apscheduler.scheduler - Added job "execute_health_checks" to job store "default"
2026-07-29 09:08:08,358 [INFO] apscheduler.scheduler - Added job "execute_health_checks" to job store "default"
2026-07-29 09:08:08,358 [INFO] apscheduler.scheduler - Added job "execute_health_checks" to job store "default"
2026-07-29 09:08:08,358 [INFO] apscheduler.scheduler - Added job "execute_health_checks" to job store "default"
2026-07-29 09:08:08,358 [INFO] apscheduler.scheduler - Scheduler started
2026-07-29 09:08:08,358 [INFO] apscheduler.scheduler - Scheduler started
2026-07-29 09:08:08,358 [INFO] apscheduler.scheduler - Scheduler started
2026-07-29 09:08:08,358 [INFO] apscheduler.scheduler - Scheduler started
2026-07-29 09:08:08,358 [INFO] apscheduler.scheduler - Scheduler started
2026-07-29 09:08:08,358 [INFO] apscheduler.scheduler - Scheduler started
2026-07-29 09:08:08,358 [INFO] apscheduler.scheduler - Scheduler started
2026-07-29 09:08:08,358 [INFO] apscheduler.scheduler - Scheduler started
2026-07-29 09:08:08,358 [INFO] apscheduler.scheduler - Scheduler started
2026-07-29 09:08:08,358 [INFO] apscheduler.scheduler - Scheduler started
2026-07-29 09:08:08,358 [INFO] apscheduler.scheduler - Scheduler started
2026-07-29 09:08:08,359 [INFO] scheduler - MonitoringService: Started SRE monitoring scheduler daemon
2026-07-29 09:08:08,359 [INFO] scheduler - MonitoringService: Started SRE monitoring scheduler daemon
2026-07-29 09:08:08,359 [INFO] scheduler - MonitoringService: Started SRE monitoring scheduler daemon
2026-07-29 09:08:08,359 [INFO] scheduler - MonitoringService: Started SRE monitoring scheduler daemon
2026-07-29 09:08:08,359 [INFO] scheduler - MonitoringService: Started SRE monitoring scheduler daemon
2026-07-29 09:08:08,359 [INFO] scheduler - MonitoringService: Started SRE monitoring scheduler daemon
2026-07-29 09:08:08,359 [INFO] scheduler - MonitoringService: Started SRE monitoring scheduler daemon
2026-07-29 09:08:08,359 [INFO] scheduler - MonitoringService: Started SRE monitoring scheduler daemon
2026-07-29 09:08:08,359 [INFO] scheduler - MonitoringService: Started SRE monitoring scheduler daemon
2026-07-29 09:08:08,359 [INFO] scheduler - MonitoringService: Started SRE monitoring scheduler daemon
2026-07-29 09:08:08,359 [INFO] scheduler - MonitoringService: Started SRE monitoring scheduler daemon
2026-07-29 09:08:09,029 [INFO] scheduler - MonitoringService: Stopped SRE monitoring scheduler daemon
2026-07-29 09:08:09,029 [INFO] scheduler - MonitoringService: Stopped SRE monitoring scheduler daemon
2026-07-29 09:08:09,029 [INFO] scheduler - MonitoringService: Stopped SRE monitoring scheduler daemon
2026-07-29 09:08:09,029 [INFO] scheduler - MonitoringService: Stopped SRE monitoring scheduler daemon
2026-07-29 09:08:09,029 [INFO] scheduler - MonitoringService: Stopped SRE monitoring scheduler daemon
2026-07-29 09:08:09,029 [INFO] scheduler - MonitoringService: Stopped SRE monitoring scheduler daemon
2026-07-29 09:08:09,029 [INFO] scheduler - MonitoringService: Stopped SRE monitoring scheduler daemon
2026-07-29 09:08:09,029 [INFO] scheduler - MonitoringService: Stopped SRE monitoring scheduler daemon
2026-07-29 09:08:09,029 [INFO] scheduler - MonitoringService: Stopped SRE monitoring scheduler daemon
2026-07-29 09:08:09,029 [INFO] scheduler - MonitoringService: Stopped SRE monitoring scheduler daemon
2026-07-29 09:08:09,029 [INFO] scheduler - MonitoringService: Stopped SRE monitoring scheduler daemon
2026-07-29 09:08:09,029 [INFO] apscheduler.scheduler - Scheduler has been shut down
2026-07-29 09:08:09,029 [INFO] apscheduler.scheduler - Scheduler has been shut down
2026-07-29 09:08:09,029 [INFO] apscheduler.scheduler - Scheduler has been shut down
2026-07-29 09:08:09,029 [INFO] apscheduler.scheduler - Scheduler has been shut down
2026-07-29 09:08:09,029 [INFO] apscheduler.scheduler - Scheduler has been shut down
2026-07-29 09:08:09,029 [INFO] apscheduler.scheduler - Scheduler has been shut down
2026-07-29 09:08:09,029 [INFO] apscheduler.scheduler - Scheduler has been shut down
2026-07-29 09:08:09,029 [INFO] apscheduler.scheduler - Scheduler has been shut down
2026-07-29 09:08:09,029 [INFO] apscheduler.scheduler - Scheduler has been shut down
2026-07-29 09:08:09,029 [INFO] apscheduler.scheduler - Scheduler has been shut down
2026-07-29 09:08:09,029 [INFO] apscheduler.scheduler - Scheduler has been shut down
2026-07-29 09:08:09,037 [INFO] apscheduler.scheduler - Adding job tentatively -- it will be properly scheduled when the scheduler starts
2026-07-29 09:08:09,037 [INFO] apscheduler.scheduler - Adding job tentatively -- it will be properly scheduled when the scheduler starts
2026-07-29 09:08:09,037 [INFO] apscheduler.scheduler - Adding job tentatively -- it will be properly scheduled when the scheduler starts
2026-07-29 09:08:09,037 [INFO] apscheduler.scheduler - Adding job tentatively -- it will be properly scheduled when the scheduler starts
2026-07-29 09:08:09,037 [INFO] apscheduler.scheduler - Adding job tentatively -- it will be properly scheduled when the scheduler starts
2026-07-29 09:08:09,037 [INFO] apscheduler.scheduler - Adding job tentatively -- it will be properly scheduled when the scheduler starts
2026-07-29 09:08:09,037 [INFO] apscheduler.scheduler - Adding job tentatively -- it will be properly scheduled when the scheduler starts
2026-07-29 09:08:09,037 [INFO] apscheduler.scheduler - Adding job tentatively -- it will be properly scheduled when the scheduler starts
2026-07-29 09:08:09,037 [INFO] apscheduler.scheduler - Adding job tentatively -- it will be properly scheduled when the scheduler starts
2026-07-29 09:08:09,037 [INFO] apscheduler.scheduler - Adding job tentatively -- it will be properly scheduled when the scheduler starts
2026-07-29 09:08:09,037 [INFO] apscheduler.scheduler - Adding job tentatively -- it will be properly scheduled when the scheduler starts
2026-07-29 09:08:09,037 [INFO] apscheduler.scheduler - Adding job tentatively -- it will be properly scheduled when the scheduler starts
2026-07-29 09:08:09,039 [INFO] apscheduler.scheduler - Added job "execute_health_checks" to job store "default"
2026-07-29 09:08:09,039 [INFO] apscheduler.scheduler - Added job "execute_health_checks" to job store "default"
2026-07-29 09:08:09,039 [INFO] apscheduler.scheduler - Added job "execute_health_checks" to job store "default"
2026-07-29 09:08:09,039 [INFO] apscheduler.scheduler - Added job "execute_health_checks" to job store "default"
2026-07-29 09:08:09,039 [INFO] apscheduler.scheduler - Added job "execute_health_checks" to job store "default"
2026-07-29 09:08:09,039 [INFO] apscheduler.scheduler - Added job "execute_health_checks" to job store "default"
2026-07-29 09:08:09,039 [INFO] apscheduler.scheduler - Added job "execute_health_checks" to job store "default"
2026-07-29 09:08:09,039 [INFO] apscheduler.scheduler - Added job "execute_health_checks" to job store "default"
2026-07-29 09:08:09,039 [INFO] apscheduler.scheduler - Added job "execute_health_checks" to job store "default"
2026-07-29 09:08:09,039 [INFO] apscheduler.scheduler - Added job "execute_health_checks" to job store "default"
2026-07-29 09:08:09,039 [INFO] apscheduler.scheduler - Added job "execute_health_checks" to job store "default"
2026-07-29 09:08:09,039 [INFO] apscheduler.scheduler - Added job "execute_health_checks" to job store "default"
2026-07-29 09:08:09,039 [INFO] apscheduler.scheduler - Scheduler started
2026-07-29 09:08:09,039 [INFO] apscheduler.scheduler - Scheduler started
2026-07-29 09:08:09,039 [INFO] apscheduler.scheduler - Scheduler started
2026-07-29 09:08:09,039 [INFO] apscheduler.scheduler - Scheduler started
2026-07-29 09:08:09,039 [INFO] apscheduler.scheduler - Scheduler started
2026-07-29 09:08:09,039 [INFO] apscheduler.scheduler - Scheduler started
2026-07-29 09:08:09,039 [INFO] apscheduler.scheduler - Scheduler started
2026-07-29 09:08:09,039 [INFO] apscheduler.scheduler - Scheduler started
2026-07-29 09:08:09,039 [INFO] apscheduler.scheduler - Scheduler started
2026-07-29 09:08:09,039 [INFO] apscheduler.scheduler - Scheduler started
2026-07-29 09:08:09,039 [INFO] apscheduler.scheduler - Scheduler started
2026-07-29 09:08:09,039 [INFO] apscheduler.scheduler - Scheduler started
2026-07-29 09:08:09,040 [INFO] scheduler - MonitoringService: Started SRE monitoring scheduler daemon
2026-07-29 09:08:09,040 [INFO] scheduler - MonitoringService: Started SRE monitoring scheduler daemon
2026-07-29 09:08:09,040 [INFO] scheduler - MonitoringService: Started SRE monitoring scheduler daemon
2026-07-29 09:08:09,040 [INFO] scheduler - MonitoringService: Started SRE monitoring scheduler daemon
2026-07-29 09:08:09,040 [INFO] scheduler - MonitoringService: Started SRE monitoring scheduler daemon
2026-07-29 09:08:09,040 [INFO] scheduler - MonitoringService: Started SRE monitoring scheduler daemon
2026-07-29 09:08:09,040 [INFO] scheduler - MonitoringService: Started SRE monitoring scheduler daemon
2026-07-29 09:08:09,040 [INFO] scheduler - MonitoringService: Started SRE monitoring scheduler daemon
2026-07-29 09:08:09,040 [INFO] scheduler - MonitoringService: Started SRE monitoring scheduler daemon
2026-07-29 09:08:09,040 [INFO] scheduler - MonitoringService: Started SRE monitoring scheduler daemon
2026-07-29 09:08:09,040 [INFO] scheduler - MonitoringService: Started SRE monitoring scheduler daemon
2026-07-29 09:08:09,040 [INFO] scheduler - MonitoringService: Started SRE monitoring scheduler daemon
2026-07-29 09:08:09,985 [INFO] scheduler - MonitoringService: Stopped SRE monitoring scheduler daemon
2026-07-29 09:08:09,985 [INFO] scheduler - MonitoringService: Stopped SRE monitoring scheduler daemon
2026-07-29 09:08:09,985 [INFO] scheduler - MonitoringService: Stopped SRE monitoring scheduler daemon
2026-07-29 09:08:09,985 [INFO] scheduler - MonitoringService: Stopped SRE monitoring scheduler daemon
2026-07-29 09:08:09,985 [INFO] scheduler - MonitoringService: Stopped SRE monitoring scheduler daemon
2026-07-29 09:08:09,985 [INFO] scheduler - MonitoringService: Stopped SRE monitoring scheduler daemon
2026-07-29 09:08:09,985 [INFO] scheduler - MonitoringService: Stopped SRE monitoring scheduler daemon
2026-07-29 09:08:09,985 [INFO] scheduler - MonitoringService: Stopped SRE monitoring scheduler daemon
2026-07-29 09:08:09,985 [INFO] scheduler - MonitoringService: Stopped SRE monitoring scheduler daemon
2026-07-29 09:08:09,985 [INFO] scheduler - MonitoringService: Stopped SRE monitoring scheduler daemon
2026-07-29 09:08:09,985 [INFO] scheduler - MonitoringService: Stopped SRE monitoring scheduler daemon
2026-07-29 09:08:09,985 [INFO] scheduler - MonitoringService: Stopped SRE monitoring scheduler daemon
2026-07-29 09:08:09,985 [INFO] apscheduler.scheduler - Scheduler has been shut down
2026-07-29 09:08:09,985 [INFO] apscheduler.scheduler - Scheduler has been shut down
2026-07-29 09:08:09,985 [INFO] apscheduler.scheduler - Scheduler has been shut down
2026-07-29 09:08:09,985 [INFO] apscheduler.scheduler - Scheduler has been shut down
2026-07-29 09:08:09,985 [INFO] apscheduler.scheduler - Scheduler has been shut down
2026-07-29 09:08:09,985 [INFO] apscheduler.scheduler - Scheduler has been shut down
2026-07-29 09:08:09,985 [INFO] apscheduler.scheduler - Scheduler has been shut down
2026-07-29 09:08:09,985 [INFO] apscheduler.scheduler - Scheduler has been shut down
2026-07-29 09:08:09,985 [INFO] apscheduler.scheduler - Scheduler has been shut down
2026-07-29 09:08:09,985 [INFO] apscheduler.scheduler - Scheduler has been shut down
2026-07-29 09:08:09,985 [INFO] apscheduler.scheduler - Scheduler has been shut down
2026-07-29 09:08:09,985 [INFO] apscheduler.scheduler - Scheduler has been shut down
2026-07-29 09:08:09,996 [INFO] apscheduler.scheduler - Adding job tentatively -- it will be properly scheduled when the scheduler starts
2026-07-29 09:08:09,996 [INFO] apscheduler.scheduler - Adding job tentatively -- it will be properly scheduled when the scheduler starts
2026-07-29 09:08:09,996 [INFO] apscheduler.scheduler - Adding job tentatively -- it will be properly scheduled when the scheduler starts
2026-07-29 09:08:09,996 [INFO] apscheduler.scheduler - Adding job tentatively -- it will be properly scheduled when the scheduler starts
2026-07-29 09:08:09,996 [INFO] apscheduler.scheduler - Adding job tentatively -- it will be properly scheduled when the scheduler starts
2026-07-29 09:08:09,996 [INFO] apscheduler.scheduler - Adding job tentatively -- it will be properly scheduled when the scheduler starts
2026-07-29 09:08:09,996 [INFO] apscheduler.scheduler - Adding job tentatively -- it will be properly scheduled when the scheduler starts
2026-07-29 09:08:09,996 [INFO] apscheduler.scheduler - Adding job tentatively -- it will be properly scheduled when the scheduler starts
2026-07-29 09:08:09,996 [INFO] apscheduler.scheduler - Adding job tentatively -- it will be properly scheduled when the scheduler starts
2026-07-29 09:08:09,996 [INFO] apscheduler.scheduler - Adding job tentatively -- it will be properly scheduled when the scheduler starts
2026-07-29 09:08:09,996 [INFO] apscheduler.scheduler - Adding job tentatively -- it will be properly scheduled when the scheduler starts
2026-07-29 09:08:09,996 [INFO] apscheduler.scheduler - Adding job tentatively -- it will be properly scheduled when the scheduler starts
2026-07-29 09:08:09,996 [INFO] apscheduler.scheduler - Adding job tentatively -- it will be properly scheduled when the scheduler starts
2026-07-29 09:08:09,997 [INFO] apscheduler.scheduler - Added job "execute_health_checks" to job store "default"
2026-07-29 09:08:09,997 [INFO] apscheduler.scheduler - Added job "execute_health_checks" to job store "default"
2026-07-29 09:08:09,997 [INFO] apscheduler.scheduler - Added job "execute_health_checks" to job store "default"
2026-07-29 09:08:09,997 [INFO] apscheduler.scheduler - Added job "execute_health_checks" to job store "default"
2026-07-29 09:08:09,997 [INFO] apscheduler.scheduler - Added job "execute_health_checks" to job store "default"
2026-07-29 09:08:09,997 [INFO] apscheduler.scheduler - Added job "execute_health_checks" to job store "default"
2026-07-29 09:08:09,997 [INFO] apscheduler.scheduler - Added job "execute_health_checks" to job store "default"
2026-07-29 09:08:09,997 [INFO] apscheduler.scheduler - Added job "execute_health_checks" to job store "default"
2026-07-29 09:08:09,997 [INFO] apscheduler.scheduler - Added job "execute_health_checks" to job store "default"
2026-07-29 09:08:09,997 [INFO] apscheduler.scheduler - Added job "execute_health_checks" to job store "default"
2026-07-29 09:08:09,997 [INFO] apscheduler.scheduler - Added job "execute_health_checks" to job store "default"
2026-07-29 09:08:09,997 [INFO] apscheduler.scheduler - Added job "execute_health_checks" to job store "default"
2026-07-29 09:08:09,997 [INFO] apscheduler.scheduler - Added job "execute_health_checks" to job store "default"
2026-07-29 09:08:09,997 [INFO] apscheduler.scheduler - Scheduler started
2026-07-29 09:08:09,997 [INFO] apscheduler.scheduler - Scheduler started
2026-07-29 09:08:09,997 [INFO] apscheduler.scheduler - Scheduler started
2026-07-29 09:08:09,997 [INFO] apscheduler.scheduler - Scheduler started
2026-07-29 09:08:09,997 [INFO] apscheduler.scheduler - Scheduler started
2026-07-29 09:08:09,997 [INFO] apscheduler.scheduler - Scheduler started
2026-07-29 09:08:09,997 [INFO] apscheduler.scheduler - Scheduler started
2026-07-29 09:08:09,997 [INFO] apscheduler.scheduler - Scheduler started
2026-07-29 09:08:09,997 [INFO] apscheduler.scheduler - Scheduler started
2026-07-29 09:08:09,997 [INFO] apscheduler.scheduler - Scheduler started
2026-07-29 09:08:09,997 [INFO] apscheduler.scheduler - Scheduler started
2026-07-29 09:08:09,997 [INFO] apscheduler.scheduler - Scheduler started
2026-07-29 09:08:09,997 [INFO] apscheduler.scheduler - Scheduler started
2026-07-29 09:08:09,998 [INFO] scheduler - MonitoringService: Started SRE monitoring scheduler daemon
2026-07-29 09:08:09,998 [INFO] scheduler - MonitoringService: Started SRE monitoring scheduler daemon
2026-07-29 09:08:09,998 [INFO] scheduler - MonitoringService: Started SRE monitoring scheduler daemon
2026-07-29 09:08:09,998 [INFO] scheduler - MonitoringService: Started SRE monitoring scheduler daemon
2026-07-29 09:08:09,998 [INFO] scheduler - MonitoringService: Started SRE monitoring scheduler daemon
2026-07-29 09:08:09,998 [INFO] scheduler - MonitoringService: Started SRE monitoring scheduler daemon
2026-07-29 09:08:09,998 [INFO] scheduler - MonitoringService: Started SRE monitoring scheduler daemon
2026-07-29 09:08:09,998 [INFO] scheduler - MonitoringService: Started SRE monitoring scheduler daemon
2026-07-29 09:08:09,998 [INFO] scheduler - MonitoringService: Started SRE monitoring scheduler daemon
2026-07-29 09:08:09,998 [INFO] scheduler - MonitoringService: Started SRE monitoring scheduler daemon
2026-07-29 09:08:09,998 [INFO] scheduler - MonitoringService: Started SRE monitoring scheduler daemon
2026-07-29 09:08:09,998 [INFO] scheduler - MonitoringService: Started SRE monitoring scheduler daemon
2026-07-29 09:08:09,998 [INFO] scheduler - MonitoringService: Started SRE monitoring scheduler daemon
2026-07-29 09:08:10,692 [INFO] scheduler - MonitoringService: Stopped SRE monitoring scheduler daemon
2026-07-29 09:08:10,692 [INFO] scheduler - MonitoringService: Stopped SRE monitoring scheduler daemon
2026-07-29 09:08:10,692 [INFO] scheduler - MonitoringService: Stopped SRE monitoring scheduler daemon
2026-07-29 09:08:10,692 [INFO] scheduler - MonitoringService: Stopped SRE monitoring scheduler daemon
2026-07-29 09:08:10,692 [INFO] scheduler - MonitoringService: Stopped SRE monitoring scheduler daemon
2026-07-29 09:08:10,692 [INFO] scheduler - MonitoringService: Stopped SRE monitoring scheduler daemon
2026-07-29 09:08:10,692 [INFO] scheduler - MonitoringService: Stopped SRE monitoring scheduler daemon
2026-07-29 09:08:10,692 [INFO] scheduler - MonitoringService: Stopped SRE monitoring scheduler daemon
2026-07-29 09:08:10,692 [INFO] scheduler - MonitoringService: Stopped SRE monitoring scheduler daemon
2026-07-29 09:08:10,692 [INFO] scheduler - MonitoringService: Stopped SRE monitoring scheduler daemon
2026-07-29 09:08:10,692 [INFO] scheduler - MonitoringService: Stopped SRE monitoring scheduler daemon
2026-07-29 09:08:10,692 [INFO] scheduler - MonitoringService: Stopped SRE monitoring scheduler daemon
2026-07-29 09:08:10,692 [INFO] scheduler - MonitoringService: Stopped SRE monitoring scheduler daemon
2026-07-29 09:08:10,692 [INFO] apscheduler.scheduler - Scheduler has been shut down
2026-07-29 09:08:10,692 [INFO] apscheduler.scheduler - Scheduler has been shut down
2026-07-29 09:08:10,692 [INFO] apscheduler.scheduler - Scheduler has been shut down
2026-07-29 09:08:10,692 [INFO] apscheduler.scheduler - Scheduler has been shut down
2026-07-29 09:08:10,692 [INFO] apscheduler.scheduler - Scheduler has been shut down
2026-07-29 09:08:10,692 [INFO] apscheduler.scheduler - Scheduler has been shut down
2026-07-29 09:08:10,692 [INFO] apscheduler.scheduler - Scheduler has been shut down
2026-07-29 09:08:10,692 [INFO] apscheduler.scheduler - Scheduler has been shut down
2026-07-29 09:08:10,692 [INFO] apscheduler.scheduler - Scheduler has been shut down
2026-07-29 09:08:10,692 [INFO] apscheduler.scheduler - Scheduler has been shut down
2026-07-29 09:08:10,692 [INFO] apscheduler.scheduler - Scheduler has been shut down
2026-07-29 09:08:10,692 [INFO] apscheduler.scheduler - Scheduler has been shut down
2026-07-29 09:08:10,692 [INFO] apscheduler.scheduler - Scheduler has been shut down
2026-07-29 09:09:09,986 [INFO] apscheduler.scheduler - Adding job tentatively -- it will be properly scheduled when the scheduler starts
2026-07-29 09:09:09,987 [INFO] apscheduler.scheduler - Added job "execute_health_checks" to job store "default"
2026-07-29 09:09:09,987 [INFO] apscheduler.scheduler - Scheduler started
2026-07-29 09:09:09,987 [INFO] scheduler - MonitoringService: Started SRE monitoring scheduler daemon
2026-07-29 09:09:10,249 [INFO] scheduler - MonitoringService: Stopped SRE monitoring scheduler daemon
2026-07-29 09:09:10,249 [INFO] apscheduler.scheduler - Scheduler has been shut down
2026-07-29 09:09:10,255 [INFO] apscheduler.scheduler - Adding job tentatively -- it will be properly scheduled when the scheduler starts
2026-07-29 09:09:10,255 [INFO] apscheduler.scheduler - Adding job tentatively -- it will be properly scheduled when the scheduler starts
2026-07-29 09:09:10,255 [INFO] apscheduler.scheduler - Added job "execute_health_checks" to job store "default"
2026-07-29 09:09:10,255 [INFO] apscheduler.scheduler - Added job "execute_health_checks" to job store "default"
2026-07-29 09:09:10,256 [INFO] apscheduler.scheduler - Scheduler started
2026-07-29 09:09:10,256 [INFO] apscheduler.scheduler - Scheduler started
2026-07-29 09:09:10,256 [INFO] scheduler - MonitoringService: Started SRE monitoring scheduler daemon
2026-07-29 09:09:10,256 [INFO] scheduler - MonitoringService: Started SRE monitoring scheduler daemon
2026-07-29 09:09:10,261 [INFO] scheduler - MonitoringService: Stopped SRE monitoring scheduler daemon
2026-07-29 09:09:10,261 [INFO] scheduler - MonitoringService: Stopped SRE monitoring scheduler daemon
2026-07-29 09:09:10,262 [INFO] apscheduler.scheduler - Scheduler has been shut down
2026-07-29 09:09:10,262 [INFO] apscheduler.scheduler - Scheduler has been shut down
2026-07-29 09:09:10,267 [INFO] apscheduler.scheduler - Adding job tentatively -- it will be properly scheduled when the scheduler starts
2026-07-29 09:09:10,267 [INFO] apscheduler.scheduler - Adding job tentatively -- it will be properly scheduled when the scheduler starts
2026-07-29 09:09:10,267 [INFO] apscheduler.scheduler - Adding job tentatively -- it will be properly scheduled when the scheduler starts
2026-07-29 09:09:10,267 [INFO] apscheduler.scheduler - Added job "execute_health_checks" to job store "default"
2026-07-29 09:09:10,267 [INFO] apscheduler.scheduler - Added job "execute_health_checks" to job store "default"
2026-07-29 09:09:10,267 [INFO] apscheduler.scheduler - Added job "execute_health_checks" to job store "default"
2026-07-29 09:09:10,267 [INFO] apscheduler.scheduler - Scheduler started
2026-07-29 09:09:10,267 [INFO] apscheduler.scheduler - Scheduler started
2026-07-29 09:09:10,267 [INFO] apscheduler.scheduler - Scheduler started
2026-07-29 09:09:10,267 [INFO] scheduler - MonitoringService: Started SRE monitoring scheduler daemon
2026-07-29 09:09:10,267 [INFO] scheduler - MonitoringService: Started SRE monitoring scheduler daemon
2026-07-29 09:09:10,267 [INFO] scheduler - MonitoringService: Started SRE monitoring scheduler daemon
2026-07-29 09:09:10,396 [INFO] scheduler - MonitoringService: Stopped SRE monitoring scheduler daemon
2026-07-29 09:09:10,396 [INFO] scheduler - MonitoringService: Stopped SRE monitoring scheduler daemon
2026-07-29 09:09:10,396 [INFO] scheduler - MonitoringService: Stopped SRE monitoring scheduler daemon
2026-07-29 09:09:10,396 [INFO] apscheduler.scheduler - Scheduler has been shut down
2026-07-29 09:09:10,396 [INFO] apscheduler.scheduler - Scheduler has been shut down
2026-07-29 09:09:10,396 [INFO] apscheduler.scheduler - Scheduler has been shut down
2026-07-29 09:09:10,402 [INFO] apscheduler.scheduler - Adding job tentatively -- it will be properly scheduled when the scheduler starts
2026-07-29 09:09:10,402 [INFO] apscheduler.scheduler - Adding job tentatively -- it will be properly scheduled when the scheduler starts
2026-07-29 09:09:10,402 [INFO] apscheduler.scheduler - Adding job tentatively -- it will be properly scheduled when the scheduler starts
2026-07-29 09:09:10,402 [INFO] apscheduler.scheduler - Adding job tentatively -- it will be properly scheduled when the scheduler starts
2026-07-29 09:09:10,402 [INFO] apscheduler.scheduler - Added job "execute_health_checks" to job store "default"
2026-07-29 09:09:10,402 [INFO] apscheduler.scheduler - Added job "execute_health_checks" to job store "default"
2026-07-29 09:09:10,402 [INFO] apscheduler.scheduler - Added job "execute_health_checks" to job store "default"
2026-07-29 09:09:10,402 [INFO] apscheduler.scheduler - Added job "execute_health_checks" to job store "default"
2026-07-29 09:09:10,402 [INFO] apscheduler.scheduler - Scheduler started
2026-07-29 09:09:10,402 [INFO] apscheduler.scheduler - Scheduler started
2026-07-29 09:09:10,402 [INFO] apscheduler.scheduler - Scheduler started
2026-07-29 09:09:10,402 [INFO] apscheduler.scheduler - Scheduler started
2026-07-29 09:09:10,402 [INFO] scheduler - MonitoringService: Started SRE monitoring scheduler daemon
2026-07-29 09:09:10,402 [INFO] scheduler - MonitoringService: Started SRE monitoring scheduler daemon
2026-07-29 09:09:10,402 [INFO] scheduler - MonitoringService: Started SRE monitoring scheduler daemon
2026-07-29 09:09:10,402 [INFO] scheduler - MonitoringService: Started SRE monitoring scheduler daemon
2026-07-29 09:09:10,633 [INFO] scheduler - MonitoringService: Stopped SRE monitoring scheduler daemon
2026-07-29 09:09:10,633 [INFO] scheduler - MonitoringService: Stopped SRE monitoring scheduler daemon
2026-07-29 09:09:10,633 [INFO] scheduler - MonitoringService: Stopped SRE monitoring scheduler daemon
2026-07-29 09:09:10,633 [INFO] scheduler - MonitoringService: Stopped SRE monitoring scheduler daemon
2026-07-29 09:09:10,633 [INFO] apscheduler.scheduler - Scheduler has been shut down
2026-07-29 09:09:10,633 [INFO] apscheduler.scheduler - Scheduler has been shut down
2026-07-29 09:09:10,633 [INFO] apscheduler.scheduler - Scheduler has been shut down
2026-07-29 09:09:10,633 [INFO] apscheduler.scheduler - Scheduler has been shut down
2026-07-29 09:09:10,639 [INFO] apscheduler.scheduler - Adding job tentatively -- it will be properly scheduled when the scheduler starts
2026-07-29 09:09:10,639 [INFO] apscheduler.scheduler - Adding job tentatively -- it will be properly scheduled when the scheduler starts
2026-07-29 09:09:10,639 [INFO] apscheduler.scheduler - Adding job tentatively -- it will be properly scheduled when the scheduler starts
2026-07-29 09:09:10,639 [INFO] apscheduler.scheduler - Adding job tentatively -- it will be properly scheduled when the scheduler starts
2026-07-29 09:09:10,639 [INFO] apscheduler.scheduler - Adding job tentatively -- it will be properly scheduled when the scheduler starts
2026-07-29 09:09:10,639 [INFO] apscheduler.scheduler - Added job "execute_health_checks" to job store "default"
2026-07-29 09:09:10,639 [INFO] apscheduler.scheduler - Added job "execute_health_checks" to job store "default"
2026-07-29 09:09:10,639 [INFO] apscheduler.scheduler - Added job "execute_health_checks" to job store "default"
2026-07-29 09:09:10,639 [INFO] apscheduler.scheduler - Added job "execute_health_checks" to job store "default"
2026-07-29 09:09:10,639 [INFO] apscheduler.scheduler - Added job "execute_health_checks" to job store "default"
2026-07-29 09:09:10,639 [INFO] apscheduler.scheduler - Scheduler started
2026-07-29 09:09:10,639 [INFO] apscheduler.scheduler - Scheduler started
2026-07-29 09:09:10,639 [INFO] apscheduler.scheduler - Scheduler started
2026-07-29 09:09:10,639 [INFO] apscheduler.scheduler - Scheduler started
2026-07-29 09:09:10,639 [INFO] apscheduler.scheduler - Scheduler started
2026-07-29 09:09:10,639 [INFO] scheduler - MonitoringService: Started SRE monitoring scheduler daemon
2026-07-29 09:09:10,639 [INFO] scheduler - MonitoringService: Started SRE monitoring scheduler daemon
2026-07-29 09:09:10,639 [INFO] scheduler - MonitoringService: Started SRE monitoring scheduler daemon
2026-07-29 09:09:10,639 [INFO] scheduler - MonitoringService: Started SRE monitoring scheduler daemon
2026-07-29 09:09:10,639 [INFO] scheduler - MonitoringService: Started SRE monitoring scheduler daemon
2026-07-29 09:09:11,095 [INFO] scheduler - MonitoringService: Stopped SRE monitoring scheduler daemon
2026-07-29 09:09:11,095 [INFO] scheduler - MonitoringService: Stopped SRE monitoring scheduler daemon
2026-07-29 09:09:11,095 [INFO] scheduler - MonitoringService: Stopped SRE monitoring scheduler daemon
2026-07-29 09:09:11,095 [INFO] scheduler - MonitoringService: Stopped SRE monitoring scheduler daemon
2026-07-29 09:09:11,095 [INFO] scheduler - MonitoringService: Stopped SRE monitoring scheduler daemon
2026-07-29 09:09:11,095 [INFO] apscheduler.scheduler - Scheduler has been shut down
2026-07-29 09:09:11,095 [INFO] apscheduler.scheduler - Scheduler has been shut down
2026-07-29 09:09:11,095 [INFO] apscheduler.scheduler - Scheduler has been shut down
2026-07-29 09:09:11,095 [INFO] apscheduler.scheduler - Scheduler has been shut down
2026-07-29 09:09:11,095 [INFO] apscheduler.scheduler - Scheduler has been shut down
2026-07-29 09:09:11,100 [INFO] apscheduler.scheduler - Adding job tentatively -- it will be properly scheduled when the scheduler starts
2026-07-29 09:09:11,100 [INFO] apscheduler.scheduler - Adding job tentatively -- it will be properly scheduled when the scheduler starts
2026-07-29 09:09:11,100 [INFO] apscheduler.scheduler - Adding job tentatively -- it will be properly scheduled when the scheduler starts
2026-07-29 09:09:11,100 [INFO] apscheduler.scheduler - Adding job tentatively -- it will be properly scheduled when the scheduler starts
2026-07-29 09:09:11,100 [INFO] apscheduler.scheduler - Adding job tentatively -- it will be properly scheduled when the scheduler starts
2026-07-29 09:09:11,100 [INFO] apscheduler.scheduler - Adding job tentatively -- it will be properly scheduled when the scheduler starts
2026-07-29 09:09:11,101 [INFO] apscheduler.scheduler - Added job "execute_health_checks" to job store "default"
2026-07-29 09:09:11,101 [INFO] apscheduler.scheduler - Added job "execute_health_checks" to job store "default"
2026-07-29 09:09:11,101 [INFO] apscheduler.scheduler - Added job "execute_health_checks" to job store "default"
2026-07-29 09:09:11,101 [INFO] apscheduler.scheduler - Added job "execute_health_checks" to job store "default"
2026-07-29 09:09:11,101 [INFO] apscheduler.scheduler - Added job "execute_health_checks" to job store "default"
2026-07-29 09:09:11,101 [INFO] apscheduler.scheduler - Added job "execute_health_checks" to job store "default"
2026-07-29 09:09:11,101 [INFO] apscheduler.scheduler - Scheduler started
2026-07-29 09:09:11,101 [INFO] apscheduler.scheduler - Scheduler started
2026-07-29 09:09:11,101 [INFO] apscheduler.scheduler - Scheduler started
2026-07-29 09:09:11,101 [INFO] apscheduler.scheduler - Scheduler started
2026-07-29 09:09:11,101 [INFO] apscheduler.scheduler - Scheduler started
2026-07-29 09:09:11,101 [INFO] apscheduler.scheduler - Scheduler started
2026-07-29 09:09:11,101 [INFO] scheduler - MonitoringService: Started SRE monitoring scheduler daemon
2026-07-29 09:09:11,101 [INFO] scheduler - MonitoringService: Started SRE monitoring scheduler daemon
2026-07-29 09:09:11,101 [INFO] scheduler - MonitoringService: Started SRE monitoring scheduler daemon
2026-07-29 09:09:11,101 [INFO] scheduler - MonitoringService: Started SRE monitoring scheduler daemon
2026-07-29 09:09:11,101 [INFO] scheduler - MonitoringService: Started SRE monitoring scheduler daemon
2026-07-29 09:09:11,101 [INFO] scheduler - MonitoringService: Started SRE monitoring scheduler daemon
2026-07-29 09:09:11,106 [INFO] scheduler - MonitoringService: Stopped SRE monitoring scheduler daemon
2026-07-29 09:09:11,106 [INFO] scheduler - MonitoringService: Stopped SRE monitoring scheduler daemon
2026-07-29 09:09:11,106 [INFO] scheduler - MonitoringService: Stopped SRE monitoring scheduler daemon
2026-07-29 09:09:11,106 [INFO] scheduler - MonitoringService: Stopped SRE monitoring scheduler daemon
2026-07-29 09:09:11,106 [INFO] scheduler - MonitoringService: Stopped SRE monitoring scheduler daemon
2026-07-29 09:09:11,106 [INFO] scheduler - MonitoringService: Stopped SRE monitoring scheduler daemon
2026-07-29 09:09:11,107 [INFO] apscheduler.scheduler - Scheduler has been shut down
2026-07-29 09:09:11,107 [INFO] apscheduler.scheduler - Scheduler has been shut down
2026-07-29 09:09:11,107 [INFO] apscheduler.scheduler - Scheduler has been shut down
2026-07-29 09:09:11,107 [INFO] apscheduler.scheduler - Scheduler has been shut down
2026-07-29 09:09:11,107 [INFO] apscheduler.scheduler - Scheduler has been shut down
2026-07-29 09:09:11,107 [INFO] apscheduler.scheduler - Scheduler has been shut down
2026-07-29 09:09:11,113 [INFO] apscheduler.scheduler - Adding job tentatively -- it will be properly scheduled when the scheduler starts
2026-07-29 09:09:11,113 [INFO] apscheduler.scheduler - Adding job tentatively -- it will be properly scheduled when the scheduler starts
2026-07-29 09:09:11,113 [INFO] apscheduler.scheduler - Adding job tentatively -- it will be properly scheduled when the scheduler starts
2026-07-29 09:09:11,113 [INFO] apscheduler.scheduler - Adding job tentatively -- it will be properly scheduled when the scheduler starts
2026-07-29 09:09:11,113 [INFO] apscheduler.scheduler - Adding job tentatively -- it will be properly scheduled when the scheduler starts
2026-07-29 09:09:11,113 [INFO] apscheduler.scheduler - Adding job tentatively -- it will be properly scheduled when the scheduler starts
2026-07-29 09:09:11,113 [INFO] apscheduler.scheduler - Adding job tentatively -- it will be properly scheduled when the scheduler starts
2026-07-29 09:09:11,113 [INFO] apscheduler.scheduler - Added job "execute_health_checks" to job store "default"
2026-07-29 09:09:11,113 [INFO] apscheduler.scheduler - Added job "execute_health_checks" to job store "default"
2026-07-29 09:09:11,113 [INFO] apscheduler.scheduler - Added job "execute_health_checks" to job store "default"
2026-07-29 09:09:11,113 [INFO] apscheduler.scheduler - Added job "execute_health_checks" to job store "default"
2026-07-29 09:09:11,113 [INFO] apscheduler.scheduler - Added job "execute_health_checks" to job store "default"
2026-07-29 09:09:11,113 [INFO] apscheduler.scheduler - Added job "execute_health_checks" to job store "default"
2026-07-29 09:09:11,113 [INFO] apscheduler.scheduler - Added job "execute_health_checks" to job store "default"
2026-07-29 09:09:11,113 [INFO] apscheduler.scheduler - Scheduler started
2026-07-29 09:09:11,113 [INFO] apscheduler.scheduler - Scheduler started
2026-07-29 09:09:11,113 [INFO] apscheduler.scheduler - Scheduler started
2026-07-29 09:09:11,113 [INFO] apscheduler.scheduler - Scheduler started
2026-07-29 09:09:11,113 [INFO] apscheduler.scheduler - Scheduler started
2026-07-29 09:09:11,113 [INFO] apscheduler.scheduler - Scheduler started
2026-07-29 09:09:11,113 [INFO] apscheduler.scheduler - Scheduler started
2026-07-29 09:09:11,113 [INFO] scheduler - MonitoringService: Started SRE monitoring scheduler daemon
2026-07-29 09:09:11,113 [INFO] scheduler - MonitoringService: Started SRE monitoring scheduler daemon
2026-07-29 09:09:11,113 [INFO] scheduler - MonitoringService: Started SRE monitoring scheduler daemon
2026-07-29 09:09:11,113 [INFO] scheduler - MonitoringService: Started SRE monitoring scheduler daemon
2026-07-29 09:09:11,113 [INFO] scheduler - MonitoringService: Started SRE monitoring scheduler daemon
2026-07-29 09:09:11,113 [INFO] scheduler - MonitoringService: Started SRE monitoring scheduler daemon
2026-07-29 09:09:11,113 [INFO] scheduler - MonitoringService: Started SRE monitoring scheduler daemon
2026-07-29 09:09:11,119 [INFO] scheduler - MonitoringService: Stopped SRE monitoring scheduler daemon
2026-07-29 09:09:11,119 [INFO] scheduler - MonitoringService: Stopped SRE monitoring scheduler daemon
2026-07-29 09:09:11,119 [INFO] scheduler - MonitoringService: Stopped SRE monitoring scheduler daemon
2026-07-29 09:09:11,119 [INFO] scheduler - MonitoringService: Stopped SRE monitoring scheduler daemon
2026-07-29 09:09:11,119 [INFO] scheduler - MonitoringService: Stopped SRE monitoring scheduler daemon
2026-07-29 09:09:11,119 [INFO] scheduler - MonitoringService: Stopped SRE monitoring scheduler daemon
2026-07-29 09:09:11,119 [INFO] scheduler - MonitoringService: Stopped SRE monitoring scheduler daemon
2026-07-29 09:09:11,119 [INFO] apscheduler.scheduler - Scheduler has been shut down
2026-07-29 09:09:11,119 [INFO] apscheduler.scheduler - Scheduler has been shut down
2026-07-29 09:09:11,119 [INFO] apscheduler.scheduler - Scheduler has been shut down
2026-07-29 09:09:11,119 [INFO] apscheduler.scheduler - Scheduler has been shut down
2026-07-29 09:09:11,119 [INFO] apscheduler.scheduler - Scheduler has been shut down
2026-07-29 09:09:11,119 [INFO] apscheduler.scheduler - Scheduler has been shut down
2026-07-29 09:09:11,119 [INFO] apscheduler.scheduler - Scheduler has been shut down
2026-07-29 09:09:11,124 [INFO] apscheduler.scheduler - Adding job tentatively -- it will be properly scheduled when the scheduler starts
2026-07-29 09:09:11,124 [INFO] apscheduler.scheduler - Adding job tentatively -- it will be properly scheduled when the scheduler starts
2026-07-29 09:09:11,124 [INFO] apscheduler.scheduler - Adding job tentatively -- it will be properly scheduled when the scheduler starts
2026-07-29 09:09:11,124 [INFO] apscheduler.scheduler - Adding job tentatively -- it will be properly scheduled when the scheduler starts
2026-07-29 09:09:11,124 [INFO] apscheduler.scheduler - Adding job tentatively -- it will be properly scheduled when the scheduler starts
2026-07-29 09:09:11,124 [INFO] apscheduler.scheduler - Adding job tentatively -- it will be properly scheduled when the scheduler starts
2026-07-29 09:09:11,124 [INFO] apscheduler.scheduler - Adding job tentatively -- it will be properly scheduled when the scheduler starts
2026-07-29 09:09:11,124 [INFO] apscheduler.scheduler - Adding job tentatively -- it will be properly scheduled when the scheduler starts
2026-07-29 09:09:11,124 [INFO] apscheduler.scheduler - Added job "execute_health_checks" to job store "default"
2026-07-29 09:09:11,124 [INFO] apscheduler.scheduler - Added job "execute_health_checks" to job store "default"
2026-07-29 09:09:11,124 [INFO] apscheduler.scheduler - Added job "execute_health_checks" to job store "default"
2026-07-29 09:09:11,124 [INFO] apscheduler.scheduler - Added job "execute_health_checks" to job store "default"
2026-07-29 09:09:11,124 [INFO] apscheduler.scheduler - Added job "execute_health_checks" to job store "default"
2026-07-29 09:09:11,124 [INFO] apscheduler.scheduler - Added job "execute_health_checks" to job store "default"
2026-07-29 09:09:11,124 [INFO] apscheduler.scheduler - Added job "execute_health_checks" to job store "default"
2026-07-29 09:09:11,124 [INFO] apscheduler.scheduler - Added job "execute_health_checks" to job store "default"
2026-07-29 09:09:11,125 [INFO] apscheduler.scheduler - Scheduler started
2026-07-29 09:09:11,125 [INFO] apscheduler.scheduler - Scheduler started
2026-07-29 09:09:11,125 [INFO] apscheduler.scheduler - Scheduler started
2026-07-29 09:09:11,125 [INFO] apscheduler.scheduler - Scheduler started
2026-07-29 09:09:11,125 [INFO] apscheduler.scheduler - Scheduler started
2026-07-29 09:09:11,125 [INFO] apscheduler.scheduler - Scheduler started
2026-07-29 09:09:11,125 [INFO] apscheduler.scheduler - Scheduler started
2026-07-29 09:09:11,125 [INFO] apscheduler.scheduler - Scheduler started
2026-07-29 09:09:11,125 [INFO] scheduler - MonitoringService: Started SRE monitoring scheduler daemon
2026-07-29 09:09:11,125 [INFO] scheduler - MonitoringService: Started SRE monitoring scheduler daemon
2026-07-29 09:09:11,125 [INFO] scheduler - MonitoringService: Started SRE monitoring scheduler daemon
2026-07-29 09:09:11,125 [INFO] scheduler - MonitoringService: Started SRE monitoring scheduler daemon
2026-07-29 09:09:11,125 [INFO] scheduler - MonitoringService: Started SRE monitoring scheduler daemon
2026-07-29 09:09:11,125 [INFO] scheduler - MonitoringService: Started SRE monitoring scheduler daemon
2026-07-29 09:09:11,125 [INFO] scheduler - MonitoringService: Started SRE monitoring scheduler daemon
2026-07-29 09:09:11,125 [INFO] scheduler - MonitoringService: Started SRE monitoring scheduler daemon
2026-07-29 09:09:11,590 [INFO] scheduler - MonitoringService: Stopped SRE monitoring scheduler daemon
2026-07-29 09:09:11,590 [INFO] scheduler - MonitoringService: Stopped SRE monitoring scheduler daemon
2026-07-29 09:09:11,590 [INFO] scheduler - MonitoringService: Stopped SRE monitoring scheduler daemon
2026-07-29 09:09:11,590 [INFO] scheduler - MonitoringService: Stopped SRE monitoring scheduler daemon
2026-07-29 09:09:11,590 [INFO] scheduler - MonitoringService: Stopped SRE monitoring scheduler daemon
2026-07-29 09:09:11,590 [INFO] scheduler - MonitoringService: Stopped SRE monitoring scheduler daemon
2026-07-29 09:09:11,590 [INFO] scheduler - MonitoringService: Stopped SRE monitoring scheduler daemon
2026-07-29 09:09:11,590 [INFO] scheduler - MonitoringService: Stopped SRE monitoring scheduler daemon
2026-07-29 09:09:11,591 [INFO] apscheduler.scheduler - Scheduler has been shut down
2026-07-29 09:09:11,591 [INFO] apscheduler.scheduler - Scheduler has been shut down
2026-07-29 09:09:11,591 [INFO] apscheduler.scheduler - Scheduler has been shut down
2026-07-29 09:09:11,591 [INFO] apscheduler.scheduler - Scheduler has been shut down
2026-07-29 09:09:11,591 [INFO] apscheduler.scheduler - Scheduler has been shut down
2026-07-29 09:09:11,591 [INFO] apscheduler.scheduler - Scheduler has been shut down
2026-07-29 09:09:11,591 [INFO] apscheduler.scheduler - Scheduler has been shut down
2026-07-29 09:09:11,591 [INFO] apscheduler.scheduler - Scheduler has been shut down
2026-07-29 09:09:11,597 [INFO] apscheduler.scheduler - Adding job tentatively -- it will be properly scheduled when the scheduler starts
2026-07-29 09:09:11,597 [INFO] apscheduler.scheduler - Adding job tentatively -- it will be properly scheduled when the scheduler starts
2026-07-29 09:09:11,597 [INFO] apscheduler.scheduler - Adding job tentatively -- it will be properly scheduled when the scheduler starts
2026-07-29 09:09:11,597 [INFO] apscheduler.scheduler - Adding job tentatively -- it will be properly scheduled when the scheduler starts
2026-07-29 09:09:11,597 [INFO] apscheduler.scheduler - Adding job tentatively -- it will be properly scheduled when the scheduler starts
2026-07-29 09:09:11,597 [INFO] apscheduler.scheduler - Adding job tentatively -- it will be properly scheduled when the scheduler starts
2026-07-29 09:09:11,597 [INFO] apscheduler.scheduler - Adding job tentatively -- it will be properly scheduled when the scheduler starts
2026-07-29 09:09:11,597 [INFO] apscheduler.scheduler - Adding job tentatively -- it will be properly scheduled when the scheduler starts
2026-07-29 09:09:11,597 [INFO] apscheduler.scheduler - Adding job tentatively -- it will be properly scheduled when the scheduler starts
2026-07-29 09:09:11,597 [INFO] apscheduler.scheduler - Added job "execute_health_checks" to job store "default"
2026-07-29 09:09:11,597 [INFO] apscheduler.scheduler - Added job "execute_health_checks" to job store "default"
2026-07-29 09:09:11,597 [INFO] apscheduler.scheduler - Added job "execute_health_checks" to job store "default"
2026-07-29 09:09:11,597 [INFO] apscheduler.scheduler - Added job "execute_health_checks" to job store "default"
2026-07-29 09:09:11,597 [INFO] apscheduler.scheduler - Added job "execute_health_checks" to job store "default"
2026-07-29 09:09:11,597 [INFO] apscheduler.scheduler - Added job "execute_health_checks" to job store "default"
2026-07-29 09:09:11,597 [INFO] apscheduler.scheduler - Added job "execute_health_checks" to job store "default"
2026-07-29 09:09:11,597 [INFO] apscheduler.scheduler - Added job "execute_health_checks" to job store "default"
2026-07-29 09:09:11,597 [INFO] apscheduler.scheduler - Added job "execute_health_checks" to job store "default"
2026-07-29 09:09:11,597 [INFO] apscheduler.scheduler - Scheduler started
2026-07-29 09:09:11,597 [INFO] apscheduler.scheduler - Scheduler started
2026-07-29 09:09:11,597 [INFO] apscheduler.scheduler - Scheduler started
2026-07-29 09:09:11,597 [INFO] apscheduler.scheduler - Scheduler started
2026-07-29 09:09:11,597 [INFO] apscheduler.scheduler - Scheduler started
2026-07-29 09:09:11,597 [INFO] apscheduler.scheduler - Scheduler started
2026-07-29 09:09:11,597 [INFO] apscheduler.scheduler - Scheduler started
2026-07-29 09:09:11,597 [INFO] apscheduler.scheduler - Scheduler started
2026-07-29 09:09:11,597 [INFO] apscheduler.scheduler - Scheduler started
2026-07-29 09:09:11,598 [INFO] scheduler - MonitoringService: Started SRE monitoring scheduler daemon
2026-07-29 09:09:11,598 [INFO] scheduler - MonitoringService: Started SRE monitoring scheduler daemon
2026-07-29 09:09:11,598 [INFO] scheduler - MonitoringService: Started SRE monitoring scheduler daemon
2026-07-29 09:09:11,598 [INFO] scheduler - MonitoringService: Started SRE monitoring scheduler daemon
2026-07-29 09:09:11,598 [INFO] scheduler - MonitoringService: Started SRE monitoring scheduler daemon
2026-07-29 09:09:11,598 [INFO] scheduler - MonitoringService: Started SRE monitoring scheduler daemon
2026-07-29 09:09:11,598 [INFO] scheduler - MonitoringService: Started SRE monitoring scheduler daemon
2026-07-29 09:09:11,598 [INFO] scheduler - MonitoringService: Started SRE monitoring scheduler daemon
2026-07-29 09:09:11,598 [INFO] scheduler - MonitoringService: Started SRE monitoring scheduler daemon
2026-07-29 09:09:12,081 [INFO] scheduler - MonitoringService: Stopped SRE monitoring scheduler daemon
2026-07-29 09:09:12,081 [INFO] scheduler - MonitoringService: Stopped SRE monitoring scheduler daemon
2026-07-29 09:09:12,081 [INFO] scheduler - MonitoringService: Stopped SRE monitoring scheduler daemon
2026-07-29 09:09:12,081 [INFO] scheduler - MonitoringService: Stopped SRE monitoring scheduler daemon
2026-07-29 09:09:12,081 [INFO] scheduler - MonitoringService: Stopped SRE monitoring scheduler daemon
2026-07-29 09:09:12,081 [INFO] scheduler - MonitoringService: Stopped SRE monitoring scheduler daemon
2026-07-29 09:09:12,081 [INFO] scheduler - MonitoringService: Stopped SRE monitoring scheduler daemon
2026-07-29 09:09:12,081 [INFO] scheduler - MonitoringService: Stopped SRE monitoring scheduler daemon
2026-07-29 09:09:12,081 [INFO] scheduler - MonitoringService: Stopped SRE monitoring scheduler daemon
2026-07-29 09:09:12,082 [INFO] apscheduler.scheduler - Scheduler has been shut down
2026-07-29 09:09:12,082 [INFO] apscheduler.scheduler - Scheduler has been shut down
2026-07-29 09:09:12,082 [INFO] apscheduler.scheduler - Scheduler has been shut down
2026-07-29 09:09:12,082 [INFO] apscheduler.scheduler - Scheduler has been shut down
2026-07-29 09:09:12,082 [INFO] apscheduler.scheduler - Scheduler has been shut down
2026-07-29 09:09:12,082 [INFO] apscheduler.scheduler - Scheduler has been shut down
2026-07-29 09:09:12,082 [INFO] apscheduler.scheduler - Scheduler has been shut down
2026-07-29 09:09:12,082 [INFO] apscheduler.scheduler - Scheduler has been shut down
2026-07-29 09:09:12,082 [INFO] apscheduler.scheduler - Scheduler has been shut down
2026-07-29 09:09:12,166 [INFO] apscheduler.scheduler - Adding job tentatively -- it will be properly scheduled when the scheduler starts
2026-07-29 09:09:12,166 [INFO] apscheduler.scheduler - Adding job tentatively -- it will be properly scheduled when the scheduler starts
2026-07-29 09:09:12,166 [INFO] apscheduler.scheduler - Adding job tentatively -- it will be properly scheduled when the scheduler starts
2026-07-29 09:09:12,166 [INFO] apscheduler.scheduler - Adding job tentatively -- it will be properly scheduled when the scheduler starts
2026-07-29 09:09:12,166 [INFO] apscheduler.scheduler - Adding job tentatively -- it will be properly scheduled when the scheduler starts
2026-07-29 09:09:12,166 [INFO] apscheduler.scheduler - Adding job tentatively -- it will be properly scheduled when the scheduler starts
2026-07-29 09:09:12,166 [INFO] apscheduler.scheduler - Adding job tentatively -- it will be properly scheduled when the scheduler starts
2026-07-29 09:09:12,166 [INFO] apscheduler.scheduler - Adding job tentatively -- it will be properly scheduled when the scheduler starts
2026-07-29 09:09:12,166 [INFO] apscheduler.scheduler - Adding job tentatively -- it will be properly scheduled when the scheduler starts
2026-07-29 09:09:12,166 [INFO] apscheduler.scheduler - Adding job tentatively -- it will be properly scheduled when the scheduler starts
2026-07-29 09:09:12,167 [INFO] apscheduler.scheduler - Added job "execute_health_checks" to job store "default"
2026-07-29 09:09:12,167 [INFO] apscheduler.scheduler - Added job "execute_health_checks" to job store "default"
2026-07-29 09:09:12,167 [INFO] apscheduler.scheduler - Added job "execute_health_checks" to job store "default"
2026-07-29 09:09:12,167 [INFO] apscheduler.scheduler - Added job "execute_health_checks" to job store "default"
2026-07-29 09:09:12,167 [INFO] apscheduler.scheduler - Added job "execute_health_checks" to job store "default"
2026-07-29 09:09:12,167 [INFO] apscheduler.scheduler - Added job "execute_health_checks" to job store "default"
2026-07-29 09:09:12,167 [INFO] apscheduler.scheduler - Added job "execute_health_checks" to job store "default"
2026-07-29 09:09:12,167 [INFO] apscheduler.scheduler - Added job "execute_health_checks" to job store "default"
2026-07-29 09:09:12,167 [INFO] apscheduler.scheduler - Added job "execute_health_checks" to job store "default"
2026-07-29 09:09:12,167 [INFO] apscheduler.scheduler - Added job "execute_health_checks" to job store "default"
2026-07-29 09:09:12,167 [INFO] apscheduler.scheduler - Scheduler started
2026-07-29 09:09:12,167 [INFO] apscheduler.scheduler - Scheduler started
2026-07-29 09:09:12,167 [INFO] apscheduler.scheduler - Scheduler started
2026-07-29 09:09:12,167 [INFO] apscheduler.scheduler - Scheduler started
2026-07-29 09:09:12,167 [INFO] apscheduler.scheduler - Scheduler started
2026-07-29 09:09:12,167 [INFO] apscheduler.scheduler - Scheduler started
2026-07-29 09:09:12,167 [INFO] apscheduler.scheduler - Scheduler started
2026-07-29 09:09:12,167 [INFO] apscheduler.scheduler - Scheduler started
2026-07-29 09:09:12,167 [INFO] apscheduler.scheduler - Scheduler started
2026-07-29 09:09:12,167 [INFO] apscheduler.scheduler - Scheduler started
2026-07-29 09:09:12,167 [INFO] scheduler - MonitoringService: Started SRE monitoring scheduler daemon
2026-07-29 09:09:12,167 [INFO] scheduler - MonitoringService: Started SRE monitoring scheduler daemon
2026-07-29 09:09:12,167 [INFO] scheduler - MonitoringService: Started SRE monitoring scheduler daemon
2026-07-29 09:09:12,167 [INFO] scheduler - MonitoringService: Started SRE monitoring scheduler daemon
2026-07-29 09:09:12,167 [INFO] scheduler - MonitoringService: Started SRE monitoring scheduler daemon
2026-07-29 09:09:12,167 [INFO] scheduler - MonitoringService: Started SRE monitoring scheduler daemon
2026-07-29 09:09:12,167 [INFO] scheduler - MonitoringService: Started SRE monitoring scheduler daemon
2026-07-29 09:09:12,167 [INFO] scheduler - MonitoringService: Started SRE monitoring scheduler daemon
2026-07-29 09:09:12,167 [INFO] scheduler - MonitoringService: Started SRE monitoring scheduler daemon
2026-07-29 09:09:12,167 [INFO] scheduler - MonitoringService: Started SRE monitoring scheduler daemon
2026-07-29 09:09:12,647 [INFO] scheduler - MonitoringService: Stopped SRE monitoring scheduler daemon
2026-07-29 09:09:12,647 [INFO] scheduler - MonitoringService: Stopped SRE monitoring scheduler daemon
2026-07-29 09:09:12,647 [INFO] scheduler - MonitoringService: Stopped SRE monitoring scheduler daemon
2026-07-29 09:09:12,647 [INFO] scheduler - MonitoringService: Stopped SRE monitoring scheduler daemon
2026-07-29 09:09:12,647 [INFO] scheduler - MonitoringService: Stopped SRE monitoring scheduler daemon
2026-07-29 09:09:12,647 [INFO] scheduler - MonitoringService: Stopped SRE monitoring scheduler daemon
2026-07-29 09:09:12,647 [INFO] scheduler - MonitoringService: Stopped SRE monitoring scheduler daemon
2026-07-29 09:09:12,647 [INFO] scheduler - MonitoringService: Stopped SRE monitoring scheduler daemon
2026-07-29 09:09:12,647 [INFO] scheduler - MonitoringService: Stopped SRE monitoring scheduler daemon
2026-07-29 09:09:12,647 [INFO] scheduler - MonitoringService: Stopped SRE monitoring scheduler daemon
2026-07-29 09:09:12,647 [INFO] apscheduler.scheduler - Scheduler has been shut down
2026-07-29 09:09:12,647 [INFO] apscheduler.scheduler - Scheduler has been shut down
2026-07-29 09:09:12,647 [INFO] apscheduler.scheduler - Scheduler has been shut down
2026-07-29 09:09:12,647 [INFO] apscheduler.scheduler - Scheduler has been shut down
2026-07-29 09:09:12,647 [INFO] apscheduler.scheduler - Scheduler has been shut down
2026-07-29 09:09:12,647 [INFO] apscheduler.scheduler - Scheduler has been shut down
2026-07-29 09:09:12,647 [INFO] apscheduler.scheduler - Scheduler has been shut down
2026-07-29 09:09:12,647 [INFO] apscheduler.scheduler - Scheduler has been shut down
2026-07-29 09:09:12,647 [INFO] apscheduler.scheduler - Scheduler has been shut down
2026-07-29 09:09:12,647 [INFO] apscheduler.scheduler - Scheduler has been shut down
2026-07-29 09:09:12,652 [INFO] apscheduler.scheduler - Adding job tentatively -- it will be properly scheduled when the scheduler starts
2026-07-29 09:09:12,652 [INFO] apscheduler.scheduler - Adding job tentatively -- it will be properly scheduled when the scheduler starts
2026-07-29 09:09:12,652 [INFO] apscheduler.scheduler - Adding job tentatively -- it will be properly scheduled when the scheduler starts
2026-07-29 09:09:12,652 [INFO] apscheduler.scheduler - Adding job tentatively -- it will be properly scheduled when the scheduler starts
2026-07-29 09:09:12,652 [INFO] apscheduler.scheduler - Adding job tentatively -- it will be properly scheduled when the scheduler starts
2026-07-29 09:09:12,652 [INFO] apscheduler.scheduler - Adding job tentatively -- it will be properly scheduled when the scheduler starts
2026-07-29 09:09:12,652 [INFO] apscheduler.scheduler - Adding job tentatively -- it will be properly scheduled when the scheduler starts
2026-07-29 09:09:12,652 [INFO] apscheduler.scheduler - Adding job tentatively -- it will be properly scheduled when the scheduler starts
2026-07-29 09:09:12,652 [INFO] apscheduler.scheduler - Adding job tentatively -- it will be properly scheduled when the scheduler starts
2026-07-29 09:09:12,652 [INFO] apscheduler.scheduler - Adding job tentatively -- it will be properly scheduled when the scheduler starts
2026-07-29 09:09:12,652 [INFO] apscheduler.scheduler - Adding job tentatively -- it will be properly scheduled when the scheduler starts
2026-07-29 09:09:12,653 [INFO] apscheduler.scheduler - Added job "execute_health_checks" to job store "default"
2026-07-29 09:09:12,653 [INFO] apscheduler.scheduler - Added job "execute_health_checks" to job store "default"
2026-07-29 09:09:12,653 [INFO] apscheduler.scheduler - Added job "execute_health_checks" to job store "default"
2026-07-29 09:09:12,653 [INFO] apscheduler.scheduler - Added job "execute_health_checks" to job store "default"
2026-07-29 09:09:12,653 [INFO] apscheduler.scheduler - Added job "execute_health_checks" to job store "default"
2026-07-29 09:09:12,653 [INFO] apscheduler.scheduler - Added job "execute_health_checks" to job store "default"
2026-07-29 09:09:12,653 [INFO] apscheduler.scheduler - Added job "execute_health_checks" to job store "default"
2026-07-29 09:09:12,653 [INFO] apscheduler.scheduler - Added job "execute_health_checks" to job store "default"
2026-07-29 09:09:12,653 [INFO] apscheduler.scheduler - Added job "execute_health_checks" to job store "default"
2026-07-29 09:09:12,653 [INFO] apscheduler.scheduler - Added job "execute_health_checks" to job store "default"
2026-07-29 09:09:12,653 [INFO] apscheduler.scheduler - Added job "execute_health_checks" to job store "default"
2026-07-29 09:09:12,653 [INFO] apscheduler.scheduler - Scheduler started
2026-07-29 09:09:12,653 [INFO] apscheduler.scheduler - Scheduler started
2026-07-29 09:09:12,653 [INFO] apscheduler.scheduler - Scheduler started
2026-07-29 09:09:12,653 [INFO] apscheduler.scheduler - Scheduler started
2026-07-29 09:09:12,653 [INFO] apscheduler.scheduler - Scheduler started
2026-07-29 09:09:12,653 [INFO] apscheduler.scheduler - Scheduler started
2026-07-29 09:09:12,653 [INFO] apscheduler.scheduler - Scheduler started
2026-07-29 09:09:12,653 [INFO] apscheduler.scheduler - Scheduler started
2026-07-29 09:09:12,653 [INFO] apscheduler.scheduler - Scheduler started
2026-07-29 09:09:12,653 [INFO] apscheduler.scheduler - Scheduler started
2026-07-29 09:09:12,653 [INFO] apscheduler.scheduler - Scheduler started
2026-07-29 09:09:12,653 [INFO] scheduler - MonitoringService: Started SRE monitoring scheduler daemon
2026-07-29 09:09:12,653 [INFO] scheduler - MonitoringService: Started SRE monitoring scheduler daemon
2026-07-29 09:09:12,653 [INFO] scheduler - MonitoringService: Started SRE monitoring scheduler daemon
2026-07-29 09:09:12,653 [INFO] scheduler - MonitoringService: Started SRE monitoring scheduler daemon
2026-07-29 09:09:12,653 [INFO] scheduler - MonitoringService: Started SRE monitoring scheduler daemon
2026-07-29 09:09:12,653 [INFO] scheduler - MonitoringService: Started SRE monitoring scheduler daemon
2026-07-29 09:09:12,653 [INFO] scheduler - MonitoringService: Started SRE monitoring scheduler daemon
2026-07-29 09:09:12,653 [INFO] scheduler - MonitoringService: Started SRE monitoring scheduler daemon
2026-07-29 09:09:12,653 [INFO] scheduler - MonitoringService: Started SRE monitoring scheduler daemon
2026-07-29 09:09:12,653 [INFO] scheduler - MonitoringService: Started SRE monitoring scheduler daemon
2026-07-29 09:09:12,653 [INFO] scheduler - MonitoringService: Started SRE monitoring scheduler daemon
2026-07-29 09:09:13,110 [INFO] scheduler - MonitoringService: Stopped SRE monitoring scheduler daemon
2026-07-29 09:09:13,110 [INFO] scheduler - MonitoringService: Stopped SRE monitoring scheduler daemon
2026-07-29 09:09:13,110 [INFO] scheduler - MonitoringService: Stopped SRE monitoring scheduler daemon
2026-07-29 09:09:13,110 [INFO] scheduler - MonitoringService: Stopped SRE monitoring scheduler daemon
2026-07-29 09:09:13,110 [INFO] scheduler - MonitoringService: Stopped SRE monitoring scheduler daemon
2026-07-29 09:09:13,110 [INFO] scheduler - MonitoringService: Stopped SRE monitoring scheduler daemon
2026-07-29 09:09:13,110 [INFO] scheduler - MonitoringService: Stopped SRE monitoring scheduler daemon
2026-07-29 09:09:13,110 [INFO] scheduler - MonitoringService: Stopped SRE monitoring scheduler daemon
2026-07-29 09:09:13,110 [INFO] scheduler - MonitoringService: Stopped SRE monitoring scheduler daemon
2026-07-29 09:09:13,110 [INFO] scheduler - MonitoringService: Stopped SRE monitoring scheduler daemon
2026-07-29 09:09:13,110 [INFO] scheduler - MonitoringService: Stopped SRE monitoring scheduler daemon
2026-07-29 09:09:13,111 [INFO] apscheduler.scheduler - Scheduler has been shut down
2026-07-29 09:09:13,111 [INFO] apscheduler.scheduler - Scheduler has been shut down
2026-07-29 09:09:13,111 [INFO] apscheduler.scheduler - Scheduler has been shut down
2026-07-29 09:09:13,111 [INFO] apscheduler.scheduler - Scheduler has been shut down
2026-07-29 09:09:13,111 [INFO] apscheduler.scheduler - Scheduler has been shut down
2026-07-29 09:09:13,111 [INFO] apscheduler.scheduler - Scheduler has been shut down
2026-07-29 09:09:13,111 [INFO] apscheduler.scheduler - Scheduler has been shut down
2026-07-29 09:09:13,111 [INFO] apscheduler.scheduler - Scheduler has been shut down
2026-07-29 09:09:13,111 [INFO] apscheduler.scheduler - Scheduler has been shut down
2026-07-29 09:09:13,111 [INFO] apscheduler.scheduler - Scheduler has been shut down
2026-07-29 09:09:13,111 [INFO] apscheduler.scheduler - Scheduler has been shut down
2026-07-29 09:09:13,117 [INFO] apscheduler.scheduler - Adding job tentatively -- it will be properly scheduled when the scheduler starts
2026-07-29 09:09:13,117 [INFO] apscheduler.scheduler - Adding job tentatively -- it will be properly scheduled when the scheduler starts
2026-07-29 09:09:13,117 [INFO] apscheduler.scheduler - Adding job tentatively -- it will be properly scheduled when the scheduler starts
2026-07-29 09:09:13,117 [INFO] apscheduler.scheduler - Adding job tentatively -- it will be properly scheduled when the scheduler starts
2026-07-29 09:09:13,117 [INFO] apscheduler.scheduler - Adding job tentatively -- it will be properly scheduled when the scheduler starts
2026-07-29 09:09:13,117 [INFO] apscheduler.scheduler - Adding job tentatively -- it will be properly scheduled when the scheduler starts
2026-07-29 09:09:13,117 [INFO] apscheduler.scheduler - Adding job tentatively -- it will be properly scheduled when the scheduler starts
2026-07-29 09:09:13,117 [INFO] apscheduler.scheduler - Adding job tentatively -- it will be properly scheduled when the scheduler starts
2026-07-29 09:09:13,117 [INFO] apscheduler.scheduler - Adding job tentatively -- it will be properly scheduled when the scheduler starts
2026-07-29 09:09:13,117 [INFO] apscheduler.scheduler - Adding job tentatively -- it will be properly scheduled when the scheduler starts
2026-07-29 09:09:13,117 [INFO] apscheduler.scheduler - Adding job tentatively -- it will be properly scheduled when the scheduler starts
2026-07-29 09:09:13,117 [INFO] apscheduler.scheduler - Adding job tentatively -- it will be properly scheduled when the scheduler starts
2026-07-29 09:09:13,117 [INFO] apscheduler.scheduler - Added job "execute_health_checks" to job store "default"
2026-07-29 09:09:13,117 [INFO] apscheduler.scheduler - Added job "execute_health_checks" to job store "default"
2026-07-29 09:09:13,117 [INFO] apscheduler.scheduler - Added job "execute_health_checks" to job store "default"
2026-07-29 09:09:13,117 [INFO] apscheduler.scheduler - Added job "execute_health_checks" to job store "default"
2026-07-29 09:09:13,117 [INFO] apscheduler.scheduler - Added job "execute_health_checks" to job store "default"
2026-07-29 09:09:13,117 [INFO] apscheduler.scheduler - Added job "execute_health_checks" to job store "default"
2026-07-29 09:09:13,117 [INFO] apscheduler.scheduler - Added job "execute_health_checks" to job store "default"
2026-07-29 09:09:13,117 [INFO] apscheduler.scheduler - Added job "execute_health_checks" to job store "default"
2026-07-29 09:09:13,117 [INFO] apscheduler.scheduler - Added job "execute_health_checks" to job store "default"
2026-07-29 09:09:13,117 [INFO] apscheduler.scheduler - Added job "execute_health_checks" to job store "default"
2026-07-29 09:09:13,117 [INFO] apscheduler.scheduler - Added job "execute_health_checks" to job store "default"
2026-07-29 09:09:13,117 [INFO] apscheduler.scheduler - Added job "execute_health_checks" to job store "default"
2026-07-29 09:09:13,118 [INFO] apscheduler.scheduler - Scheduler started
2026-07-29 09:09:13,118 [INFO] apscheduler.scheduler - Scheduler started
2026-07-29 09:09:13,118 [INFO] apscheduler.scheduler - Scheduler started
2026-07-29 09:09:13,118 [INFO] apscheduler.scheduler - Scheduler started
2026-07-29 09:09:13,118 [INFO] apscheduler.scheduler - Scheduler started
2026-07-29 09:09:13,118 [INFO] apscheduler.scheduler - Scheduler started
2026-07-29 09:09:13,118 [INFO] apscheduler.scheduler - Scheduler started
2026-07-29 09:09:13,118 [INFO] apscheduler.scheduler - Scheduler started
2026-07-29 09:09:13,118 [INFO] apscheduler.scheduler - Scheduler started
2026-07-29 09:09:13,118 [INFO] apscheduler.scheduler - Scheduler started
2026-07-29 09:09:13,118 [INFO] apscheduler.scheduler - Scheduler started
2026-07-29 09:09:13,118 [INFO] apscheduler.scheduler - Scheduler started
2026-07-29 09:09:13,118 [INFO] scheduler - MonitoringService: Started SRE monitoring scheduler daemon
2026-07-29 09:09:13,118 [INFO] scheduler - MonitoringService: Started SRE monitoring scheduler daemon
2026-07-29 09:09:13,118 [INFO] scheduler - MonitoringService: Started SRE monitoring scheduler daemon
2026-07-29 09:09:13,118 [INFO] scheduler - MonitoringService: Started SRE monitoring scheduler daemon
2026-07-29 09:09:13,118 [INFO] scheduler - MonitoringService: Started SRE monitoring scheduler daemon
2026-07-29 09:09:13,118 [INFO] scheduler - MonitoringService: Started SRE monitoring scheduler daemon
2026-07-29 09:09:13,118 [INFO] scheduler - MonitoringService: Started SRE monitoring scheduler daemon
2026-07-29 09:09:13,118 [INFO] scheduler - MonitoringService: Started SRE monitoring scheduler daemon
2026-07-29 09:09:13,118 [INFO] scheduler - MonitoringService: Started SRE monitoring scheduler daemon
2026-07-29 09:09:13,118 [INFO] scheduler - MonitoringService: Started SRE monitoring scheduler daemon
2026-07-29 09:09:13,118 [INFO] scheduler - MonitoringService: Started SRE monitoring scheduler daemon
2026-07-29 09:09:13,118 [INFO] scheduler - MonitoringService: Started SRE monitoring scheduler daemon
2026-07-29 09:09:13,573 [INFO] scheduler - MonitoringService: Stopped SRE monitoring scheduler daemon
2026-07-29 09:09:13,573 [INFO] scheduler - MonitoringService: Stopped SRE monitoring scheduler daemon
2026-07-29 09:09:13,573 [INFO] scheduler - MonitoringService: Stopped SRE monitoring scheduler daemon
2026-07-29 09:09:13,573 [INFO] scheduler - MonitoringService: Stopped SRE monitoring scheduler daemon
2026-07-29 09:09:13,573 [INFO] scheduler - MonitoringService: Stopped SRE monitoring scheduler daemon
2026-07-29 09:09:13,573 [INFO] scheduler - MonitoringService: Stopped SRE monitoring scheduler daemon
2026-07-29 09:09:13,573 [INFO] scheduler - MonitoringService: Stopped SRE monitoring scheduler daemon
2026-07-29 09:09:13,573 [INFO] scheduler - MonitoringService: Stopped SRE monitoring scheduler daemon
2026-07-29 09:09:13,573 [INFO] scheduler - MonitoringService: Stopped SRE monitoring scheduler daemon
2026-07-29 09:09:13,573 [INFO] scheduler - MonitoringService: Stopped SRE monitoring scheduler daemon
2026-07-29 09:09:13,573 [INFO] scheduler - MonitoringService: Stopped SRE monitoring scheduler daemon
2026-07-29 09:09:13,573 [INFO] scheduler - MonitoringService: Stopped SRE monitoring scheduler daemon
2026-07-29 09:09:13,574 [INFO] apscheduler.scheduler - Scheduler has been shut down
2026-07-29 09:09:13,574 [INFO] apscheduler.scheduler - Scheduler has been shut down
2026-07-29 09:09:13,574 [INFO] apscheduler.scheduler - Scheduler has been shut down
2026-07-29 09:09:13,574 [INFO] apscheduler.scheduler - Scheduler has been shut down
2026-07-29 09:09:13,574 [INFO] apscheduler.scheduler - Scheduler has been shut down
2026-07-29 09:09:13,574 [INFO] apscheduler.scheduler - Scheduler has been shut down
2026-07-29 09:09:13,574 [INFO] apscheduler.scheduler - Scheduler has been shut down
2026-07-29 09:09:13,574 [INFO] apscheduler.scheduler - Scheduler has been shut down
2026-07-29 09:09:13,574 [INFO] apscheduler.scheduler - Scheduler has been shut down
2026-07-29 09:09:13,574 [INFO] apscheduler.scheduler - Scheduler has been shut down
2026-07-29 09:09:13,574 [INFO] apscheduler.scheduler - Scheduler has been shut down
2026-07-29 09:09:13,574 [INFO] apscheduler.scheduler - Scheduler has been shut down
2026-07-29 09:09:13,580 [INFO] apscheduler.scheduler - Adding job tentatively -- it will be properly scheduled when the scheduler starts
2026-07-29 09:09:13,580 [INFO] apscheduler.scheduler - Adding job tentatively -- it will be properly scheduled when the scheduler starts
2026-07-29 09:09:13,580 [INFO] apscheduler.scheduler - Adding job tentatively -- it will be properly scheduled when the scheduler starts
2026-07-29 09:09:13,580 [INFO] apscheduler.scheduler - Adding job tentatively -- it will be properly scheduled when the scheduler starts
2026-07-29 09:09:13,580 [INFO] apscheduler.scheduler - Adding job tentatively -- it will be properly scheduled when the scheduler starts
2026-07-29 09:09:13,580 [INFO] apscheduler.scheduler - Adding job tentatively -- it will be properly scheduled when the scheduler starts
2026-07-29 09:09:13,580 [INFO] apscheduler.scheduler - Adding job tentatively -- it will be properly scheduled when the scheduler starts
2026-07-29 09:09:13,580 [INFO] apscheduler.scheduler - Adding job tentatively -- it will be properly scheduled when the scheduler starts
2026-07-29 09:09:13,580 [INFO] apscheduler.scheduler - Adding job tentatively -- it will be properly scheduled when the scheduler starts
2026-07-29 09:09:13,580 [INFO] apscheduler.scheduler - Adding job tentatively -- it will be properly scheduled when the scheduler starts
2026-07-29 09:09:13,580 [INFO] apscheduler.scheduler - Adding job tentatively -- it will be properly scheduled when the scheduler starts
2026-07-29 09:09:13,580 [INFO] apscheduler.scheduler - Adding job tentatively -- it will be properly scheduled when the scheduler starts
2026-07-29 09:09:13,580 [INFO] apscheduler.scheduler - Adding job tentatively -- it will be properly scheduled when the scheduler starts
2026-07-29 09:09:13,581 [INFO] apscheduler.scheduler - Added job "execute_health_checks" to job store "default"
2026-07-29 09:09:13,581 [INFO] apscheduler.scheduler - Added job "execute_health_checks" to job store "default"
2026-07-29 09:09:13,581 [INFO] apscheduler.scheduler - Added job "execute_health_checks" to job store "default"
2026-07-29 09:09:13,581 [INFO] apscheduler.scheduler - Added job "execute_health_checks" to job store "default"
2026-07-29 09:09:13,581 [INFO] apscheduler.scheduler - Added job "execute_health_checks" to job store "default"
2026-07-29 09:09:13,581 [INFO] apscheduler.scheduler - Added job "execute_health_checks" to job store "default"
2026-07-29 09:09:13,581 [INFO] apscheduler.scheduler - Added job "execute_health_checks" to job store "default"
2026-07-29 09:09:13,581 [INFO] apscheduler.scheduler - Added job "execute_health_checks" to job store "default"
2026-07-29 09:09:13,581 [INFO] apscheduler.scheduler - Added job "execute_health_checks" to job store "default"
2026-07-29 09:09:13,581 [INFO] apscheduler.scheduler - Added job "execute_health_checks" to job store "default"
2026-07-29 09:09:13,581 [INFO] apscheduler.scheduler - Added job "execute_health_checks" to job store "default"
2026-07-29 09:09:13,581 [INFO] apscheduler.scheduler - Added job "execute_health_checks" to job store "default"
2026-07-29 09:09:13,581 [INFO] apscheduler.scheduler - Added job "execute_health_checks" to job store "default"
2026-07-29 09:09:13,581 [INFO] apscheduler.scheduler - Scheduler started
2026-07-29 09:09:13,581 [INFO] apscheduler.scheduler - Scheduler started
2026-07-29 09:09:13,581 [INFO] apscheduler.scheduler - Scheduler started
2026-07-29 09:09:13,581 [INFO] apscheduler.scheduler - Scheduler started
2026-07-29 09:09:13,581 [INFO] apscheduler.scheduler - Scheduler started
2026-07-29 09:09:13,581 [INFO] apscheduler.scheduler - Scheduler started
2026-07-29 09:09:13,581 [INFO] apscheduler.scheduler - Scheduler started
2026-07-29 09:09:13,581 [INFO] apscheduler.scheduler - Scheduler started
2026-07-29 09:09:13,581 [INFO] apscheduler.scheduler - Scheduler started
2026-07-29 09:09:13,581 [INFO] apscheduler.scheduler - Scheduler started
2026-07-29 09:09:13,581 [INFO] apscheduler.scheduler - Scheduler started
2026-07-29 09:09:13,581 [INFO] apscheduler.scheduler - Scheduler started
2026-07-29 09:09:13,581 [INFO] apscheduler.scheduler - Scheduler started
2026-07-29 09:09:13,581 [INFO] scheduler - MonitoringService: Started SRE monitoring scheduler daemon
2026-07-29 09:09:13,581 [INFO] scheduler - MonitoringService: Started SRE monitoring scheduler daemon
2026-07-29 09:09:13,581 [INFO] scheduler - MonitoringService: Started SRE monitoring scheduler daemon
2026-07-29 09:09:13,581 [INFO] scheduler - MonitoringService: Started SRE monitoring scheduler daemon
2026-07-29 09:09:13,581 [INFO] scheduler - MonitoringService: Started SRE monitoring scheduler daemon
2026-07-29 09:09:13,581 [INFO] scheduler - MonitoringService: Started SRE monitoring scheduler daemon
2026-07-29 09:09:13,581 [INFO] scheduler - MonitoringService: Started SRE monitoring scheduler daemon
2026-07-29 09:09:13,581 [INFO] scheduler - MonitoringService: Started SRE monitoring scheduler daemon
2026-07-29 09:09:13,581 [INFO] scheduler - MonitoringService: Started SRE monitoring scheduler daemon
2026-07-29 09:09:13,581 [INFO] scheduler - MonitoringService: Started SRE monitoring scheduler daemon
2026-07-29 09:09:13,581 [INFO] scheduler - MonitoringService: Started SRE monitoring scheduler daemon
2026-07-29 09:09:13,581 [INFO] scheduler - MonitoringService: Started SRE monitoring scheduler daemon
2026-07-29 09:09:13,581 [INFO] scheduler - MonitoringService: Started SRE monitoring scheduler daemon
2026-07-29 09:09:14,025 [INFO] scheduler - MonitoringService: Stopped SRE monitoring scheduler daemon
2026-07-29 09:09:14,025 [INFO] scheduler - MonitoringService: Stopped SRE monitoring scheduler daemon
2026-07-29 09:09:14,025 [INFO] scheduler - MonitoringService: Stopped SRE monitoring scheduler daemon
2026-07-29 09:09:14,025 [INFO] scheduler - MonitoringService: Stopped SRE monitoring scheduler daemon
2026-07-29 09:09:14,025 [INFO] scheduler - MonitoringService: Stopped SRE monitoring scheduler daemon
2026-07-29 09:09:14,025 [INFO] scheduler - MonitoringService: Stopped SRE monitoring scheduler daemon
2026-07-29 09:09:14,025 [INFO] scheduler - MonitoringService: Stopped SRE monitoring scheduler daemon
2026-07-29 09:09:14,025 [INFO] scheduler - MonitoringService: Stopped SRE monitoring scheduler daemon
2026-07-29 09:09:14,025 [INFO] scheduler - MonitoringService: Stopped SRE monitoring scheduler daemon
2026-07-29 09:09:14,025 [INFO] scheduler - MonitoringService: Stopped SRE monitoring scheduler daemon
2026-07-29 09:09:14,025 [INFO] scheduler - MonitoringService: Stopped SRE monitoring scheduler daemon
2026-07-29 09:09:14,025 [INFO] scheduler - MonitoringService: Stopped SRE monitoring scheduler daemon
2026-07-29 09:09:14,025 [INFO] scheduler - MonitoringService: Stopped SRE monitoring scheduler daemon
2026-07-29 09:09:14,025 [INFO] apscheduler.scheduler - Scheduler has been shut down
2026-07-29 09:09:14,025 [INFO] apscheduler.scheduler - Scheduler has been shut down
2026-07-29 09:09:14,025 [INFO] apscheduler.scheduler - Scheduler has been shut down
2026-07-29 09:09:14,025 [INFO] apscheduler.scheduler - Scheduler has been shut down
2026-07-29 09:09:14,025 [INFO] apscheduler.scheduler - Scheduler has been shut down
2026-07-29 09:09:14,025 [INFO] apscheduler.scheduler - Scheduler has been shut down
2026-07-29 09:09:14,025 [INFO] apscheduler.scheduler - Scheduler has been shut down
2026-07-29 09:09:14,025 [INFO] apscheduler.scheduler - Scheduler has been shut down
2026-07-29 09:09:14,025 [INFO] apscheduler.scheduler - Scheduler has been shut down
2026-07-29 09:09:14,025 [INFO] apscheduler.scheduler - Scheduler has been shut down
2026-07-29 09:09:14,025 [INFO] apscheduler.scheduler - Scheduler has been shut down
2026-07-29 09:09:14,025 [INFO] apscheduler.scheduler - Scheduler has been shut down
2026-07-29 09:09:14,025 [INFO] apscheduler.scheduler - Scheduler has been shut down
2026-07-29 09:09:27,664 [INFO] apscheduler.scheduler - Adding job tentatively -- it will be properly scheduled when the scheduler starts
2026-07-29 09:09:27,665 [INFO] apscheduler.scheduler - Added job "execute_health_checks" to job store "default"
2026-07-29 09:09:27,665 [INFO] apscheduler.scheduler - Scheduler started
2026-07-29 09:09:27,665 [INFO] scheduler - MonitoringService: Started SRE monitoring scheduler daemon
2026-07-29 09:09:28,037 [INFO] scheduler - MonitoringService: Stopped SRE monitoring scheduler daemon
2026-07-29 09:09:28,037 [INFO] apscheduler.scheduler - Scheduler has been shut down
2026-07-29 09:09:28,047 [INFO] apscheduler.scheduler - Adding job tentatively -- it will be properly scheduled when the scheduler starts
2026-07-29 09:09:28,047 [INFO] apscheduler.scheduler - Adding job tentatively -- it will be properly scheduled when the scheduler starts
2026-07-29 09:09:28,048 [INFO] apscheduler.scheduler - Added job "execute_health_checks" to job store "default"
2026-07-29 09:09:28,048 [INFO] apscheduler.scheduler - Added job "execute_health_checks" to job store "default"
2026-07-29 09:09:28,049 [INFO] apscheduler.scheduler - Scheduler started
2026-07-29 09:09:28,049 [INFO] apscheduler.scheduler - Scheduler started
2026-07-29 09:09:28,049 [INFO] scheduler - MonitoringService: Started SRE monitoring scheduler daemon
2026-07-29 09:09:28,049 [INFO] scheduler - MonitoringService: Started SRE monitoring scheduler daemon
2026-07-29 09:09:28,055 [INFO] scheduler - MonitoringService: Stopped SRE monitoring scheduler daemon
2026-07-29 09:09:28,055 [INFO] scheduler - MonitoringService: Stopped SRE monitoring scheduler daemon
2026-07-29 09:09:28,055 [INFO] apscheduler.scheduler - Scheduler has been shut down
2026-07-29 09:09:28,055 [INFO] apscheduler.scheduler - Scheduler has been shut down
2026-07-29 09:09:28,063 [INFO] apscheduler.scheduler - Adding job tentatively -- it will be properly scheduled when the scheduler starts
2026-07-29 09:09:28,063 [INFO] apscheduler.scheduler - Adding job tentatively -- it will be properly scheduled when the scheduler starts
2026-07-29 09:09:28,063 [INFO] apscheduler.scheduler - Adding job tentatively -- it will be properly scheduled when the scheduler starts
2026-07-29 09:09:28,063 [INFO] apscheduler.scheduler - Added job "execute_health_checks" to job store "default"
2026-07-29 09:09:28,063 [INFO] apscheduler.scheduler - Added job "execute_health_checks" to job store "default"
2026-07-29 09:09:28,063 [INFO] apscheduler.scheduler - Added job "execute_health_checks" to job store "default"
2026-07-29 09:09:28,063 [INFO] apscheduler.scheduler - Scheduler started
2026-07-29 09:09:28,063 [INFO] apscheduler.scheduler - Scheduler started
2026-07-29 09:09:28,063 [INFO] apscheduler.scheduler - Scheduler started
2026-07-29 09:09:28,063 [INFO] scheduler - MonitoringService: Started SRE monitoring scheduler daemon
2026-07-29 09:09:28,063 [INFO] scheduler - MonitoringService: Started SRE monitoring scheduler daemon
2026-07-29 09:09:28,063 [INFO] scheduler - MonitoringService: Started SRE monitoring scheduler daemon
2026-07-29 09:09:28,070 [INFO] scheduler - MonitoringService: Stopped SRE monitoring scheduler daemon
2026-07-29 09:09:28,070 [INFO] scheduler - MonitoringService: Stopped SRE monitoring scheduler daemon
2026-07-29 09:09:28,070 [INFO] scheduler - MonitoringService: Stopped SRE monitoring scheduler daemon
2026-07-29 09:09:28,071 [INFO] apscheduler.scheduler - Scheduler has been shut down
2026-07-29 09:09:28,071 [INFO] apscheduler.scheduler - Scheduler has been shut down
2026-07-29 09:09:28,071 [INFO] apscheduler.scheduler - Scheduler has been shut down
2026-07-29 09:09:28,079 [INFO] apscheduler.scheduler - Adding job tentatively -- it will be properly scheduled when the scheduler starts
2026-07-29 09:09:28,079 [INFO] apscheduler.scheduler - Adding job tentatively -- it will be properly scheduled when the scheduler starts
2026-07-29 09:09:28,079 [INFO] apscheduler.scheduler - Adding job tentatively -- it will be properly scheduled when the scheduler starts
2026-07-29 09:09:28,079 [INFO] apscheduler.scheduler - Adding job tentatively -- it will be properly scheduled when the scheduler starts
2026-07-29 09:09:28,079 [INFO] apscheduler.scheduler - Added job "execute_health_checks" to job store "default"
2026-07-29 09:09:28,079 [INFO] apscheduler.scheduler - Added job "execute_health_checks" to job store "default"
2026-07-29 09:09:28,079 [INFO] apscheduler.scheduler - Added job "execute_health_checks" to job store "default"
2026-07-29 09:09:28,079 [INFO] apscheduler.scheduler - Added job "execute_health_checks" to job store "default"
2026-07-29 09:09:28,079 [INFO] apscheduler.scheduler - Scheduler started
2026-07-29 09:09:28,079 [INFO] apscheduler.scheduler - Scheduler started
2026-07-29 09:09:28,079 [INFO] apscheduler.scheduler - Scheduler started
2026-07-29 09:09:28,079 [INFO] apscheduler.scheduler - Scheduler started
2026-07-29 09:09:28,079 [INFO] scheduler - MonitoringService: Started SRE monitoring scheduler daemon
2026-07-29 09:09:28,079 [INFO] scheduler - MonitoringService: Started SRE monitoring scheduler daemon
2026-07-29 09:09:28,079 [INFO] scheduler - MonitoringService: Started SRE monitoring scheduler daemon
2026-07-29 09:09:28,079 [INFO] scheduler - MonitoringService: Started SRE monitoring scheduler daemon
2026-07-29 09:09:28,430 [INFO] scheduler - MonitoringService: Stopped SRE monitoring scheduler daemon
2026-07-29 09:09:28,430 [INFO] scheduler - MonitoringService: Stopped SRE monitoring scheduler daemon
2026-07-29 09:09:28,430 [INFO] scheduler - MonitoringService: Stopped SRE monitoring scheduler daemon
2026-07-29 09:09:28,430 [INFO] scheduler - MonitoringService: Stopped SRE monitoring scheduler daemon
2026-07-29 09:09:28,430 [INFO] apscheduler.scheduler - Scheduler has been shut down
2026-07-29 09:09:28,430 [INFO] apscheduler.scheduler - Scheduler has been shut down
2026-07-29 09:09:28,430 [INFO] apscheduler.scheduler - Scheduler has been shut down
2026-07-29 09:09:28,430 [INFO] apscheduler.scheduler - Scheduler has been shut down
2026-07-29 09:09:28,443 [INFO] apscheduler.scheduler - Adding job tentatively -- it will be properly scheduled when the scheduler starts
2026-07-29 09:09:28,443 [INFO] apscheduler.scheduler - Adding job tentatively -- it will be properly scheduled when the scheduler starts
2026-07-29 09:09:28,443 [INFO] apscheduler.scheduler - Adding job tentatively -- it will be properly scheduled when the scheduler starts
2026-07-29 09:09:28,443 [INFO] apscheduler.scheduler - Adding job tentatively -- it will be properly scheduled when the scheduler starts
2026-07-29 09:09:28,443 [INFO] apscheduler.scheduler - Adding job tentatively -- it will be properly scheduled when the scheduler starts
2026-07-29 09:09:28,443 [INFO] apscheduler.scheduler - Added job "execute_health_checks" to job store "default"
2026-07-29 09:09:28,443 [INFO] apscheduler.scheduler - Added job "execute_health_checks" to job store "default"
2026-07-29 09:09:28,443 [INFO] apscheduler.scheduler - Added job "execute_health_checks" to job store "default"
2026-07-29 09:09:28,443 [INFO] apscheduler.scheduler - Added job "execute_health_checks" to job store "default"
2026-07-29 09:09:28,443 [INFO] apscheduler.scheduler - Added job "execute_health_checks" to job store "default"
2026-07-29 09:09:28,444 [INFO] apscheduler.scheduler - Scheduler started
2026-07-29 09:09:28,444 [INFO] apscheduler.scheduler - Scheduler started
2026-07-29 09:09:28,444 [INFO] apscheduler.scheduler - Scheduler started
2026-07-29 09:09:28,444 [INFO] apscheduler.scheduler - Scheduler started
2026-07-29 09:09:28,444 [INFO] apscheduler.scheduler - Scheduler started
2026-07-29 09:09:28,444 [INFO] scheduler - MonitoringService: Started SRE monitoring scheduler daemon
2026-07-29 09:09:28,444 [INFO] scheduler - MonitoringService: Started SRE monitoring scheduler daemon
2026-07-29 09:09:28,444 [INFO] scheduler - MonitoringService: Started SRE monitoring scheduler daemon
2026-07-29 09:09:28,444 [INFO] scheduler - MonitoringService: Started SRE monitoring scheduler daemon
2026-07-29 09:09:28,444 [INFO] scheduler - MonitoringService: Started SRE monitoring scheduler daemon
2026-07-29 09:09:29,146 [INFO] scheduler - MonitoringService: Stopped SRE monitoring scheduler daemon
2026-07-29 09:09:29,146 [INFO] scheduler - MonitoringService: Stopped SRE monitoring scheduler daemon
2026-07-29 09:09:29,146 [INFO] scheduler - MonitoringService: Stopped SRE monitoring scheduler daemon
2026-07-29 09:09:29,146 [INFO] scheduler - MonitoringService: Stopped SRE monitoring scheduler daemon
2026-07-29 09:09:29,146 [INFO] scheduler - MonitoringService: Stopped SRE monitoring scheduler daemon
2026-07-29 09:09:29,146 [INFO] apscheduler.scheduler - Scheduler has been shut down
2026-07-29 09:09:29,146 [INFO] apscheduler.scheduler - Scheduler has been shut down
2026-07-29 09:09:29,146 [INFO] apscheduler.scheduler - Scheduler has been shut down
2026-07-29 09:09:29,146 [INFO] apscheduler.scheduler - Scheduler has been shut down
2026-07-29 09:09:29,146 [INFO] apscheduler.scheduler - Scheduler has been shut down
2026-07-29 09:09:29,154 [INFO] apscheduler.scheduler - Adding job tentatively -- it will be properly scheduled when the scheduler starts
2026-07-29 09:09:29,154 [INFO] apscheduler.scheduler - Adding job tentatively -- it will be properly scheduled when the scheduler starts
2026-07-29 09:09:29,154 [INFO] apscheduler.scheduler - Adding job tentatively -- it will be properly scheduled when the scheduler starts
2026-07-29 09:09:29,154 [INFO] apscheduler.scheduler - Adding job tentatively -- it will be properly scheduled when the scheduler starts
2026-07-29 09:09:29,154 [INFO] apscheduler.scheduler - Adding job tentatively -- it will be properly scheduled when the scheduler starts
2026-07-29 09:09:29,154 [INFO] apscheduler.scheduler - Adding job tentatively -- it will be properly scheduled when the scheduler starts
2026-07-29 09:09:29,154 [INFO] apscheduler.scheduler - Added job "execute_health_checks" to job store "default"
2026-07-29 09:09:29,154 [INFO] apscheduler.scheduler - Added job "execute_health_checks" to job store "default"
2026-07-29 09:09:29,154 [INFO] apscheduler.scheduler - Added job "execute_health_checks" to job store "default"
2026-07-29 09:09:29,154 [INFO] apscheduler.scheduler - Added job "execute_health_checks" to job store "default"
2026-07-29 09:09:29,154 [INFO] apscheduler.scheduler - Added job "execute_health_checks" to job store "default"
2026-07-29 09:09:29,154 [INFO] apscheduler.scheduler - Added job "execute_health_checks" to job store "default"
2026-07-29 09:09:29,154 [INFO] apscheduler.scheduler - Scheduler started
2026-07-29 09:09:29,154 [INFO] apscheduler.scheduler - Scheduler started
2026-07-29 09:09:29,154 [INFO] apscheduler.scheduler - Scheduler started
2026-07-29 09:09:29,154 [INFO] apscheduler.scheduler - Scheduler started
2026-07-29 09:09:29,154 [INFO] apscheduler.scheduler - Scheduler started
2026-07-29 09:09:29,154 [INFO] apscheduler.scheduler - Scheduler started
2026-07-29 09:09:29,154 [INFO] scheduler - MonitoringService: Started SRE monitoring scheduler daemon
2026-07-29 09:09:29,154 [INFO] scheduler - MonitoringService: Started SRE monitoring scheduler daemon
2026-07-29 09:09:29,154 [INFO] scheduler - MonitoringService: Started SRE monitoring scheduler daemon
2026-07-29 09:09:29,154 [INFO] scheduler - MonitoringService: Started SRE monitoring scheduler daemon
2026-07-29 09:09:29,154 [INFO] scheduler - MonitoringService: Started SRE monitoring scheduler daemon
2026-07-29 09:09:29,154 [INFO] scheduler - MonitoringService: Started SRE monitoring scheduler daemon
2026-07-29 09:09:29,163 [INFO] scheduler - MonitoringService: Stopped SRE monitoring scheduler daemon
2026-07-29 09:09:29,163 [INFO] scheduler - MonitoringService: Stopped SRE monitoring scheduler daemon
2026-07-29 09:09:29,163 [INFO] scheduler - MonitoringService: Stopped SRE monitoring scheduler daemon
2026-07-29 09:09:29,163 [INFO] scheduler - MonitoringService: Stopped SRE monitoring scheduler daemon
2026-07-29 09:09:29,163 [INFO] scheduler - MonitoringService: Stopped SRE monitoring scheduler daemon
2026-07-29 09:09:29,163 [INFO] scheduler - MonitoringService: Stopped SRE monitoring scheduler daemon
2026-07-29 09:09:29,163 [INFO] apscheduler.scheduler - Scheduler has been shut down
2026-07-29 09:09:29,163 [INFO] apscheduler.scheduler - Scheduler has been shut down
2026-07-29 09:09:29,163 [INFO] apscheduler.scheduler - Scheduler has been shut down
2026-07-29 09:09:29,163 [INFO] apscheduler.scheduler - Scheduler has been shut down
2026-07-29 09:09:29,163 [INFO] apscheduler.scheduler - Scheduler has been shut down
2026-07-29 09:09:29,163 [INFO] apscheduler.scheduler - Scheduler has been shut down
2026-07-29 09:09:29,170 [INFO] apscheduler.scheduler - Adding job tentatively -- it will be properly scheduled when the scheduler starts
2026-07-29 09:09:29,170 [INFO] apscheduler.scheduler - Adding job tentatively -- it will be properly scheduled when the scheduler starts
2026-07-29 09:09:29,170 [INFO] apscheduler.scheduler - Adding job tentatively -- it will be properly scheduled when the scheduler starts
2026-07-29 09:09:29,170 [INFO] apscheduler.scheduler - Adding job tentatively -- it will be properly scheduled when the scheduler starts
2026-07-29 09:09:29,170 [INFO] apscheduler.scheduler - Adding job tentatively -- it will be properly scheduled when the scheduler starts
2026-07-29 09:09:29,170 [INFO] apscheduler.scheduler - Adding job tentatively -- it will be properly scheduled when the scheduler starts
2026-07-29 09:09:29,170 [INFO] apscheduler.scheduler - Adding job tentatively -- it will be properly scheduled when the scheduler starts
2026-07-29 09:09:29,171 [INFO] apscheduler.scheduler - Added job "execute_health_checks" to job store "default"
2026-07-29 09:09:29,171 [INFO] apscheduler.scheduler - Added job "execute_health_checks" to job store "default"
2026-07-29 09:09:29,171 [INFO] apscheduler.scheduler - Added job "execute_health_checks" to job store "default"
2026-07-29 09:09:29,171 [INFO] apscheduler.scheduler - Added job "execute_health_checks" to job store "default"
2026-07-29 09:09:29,171 [INFO] apscheduler.scheduler - Added job "execute_health_checks" to job store "default"
2026-07-29 09:09:29,171 [INFO] apscheduler.scheduler - Added job "execute_health_checks" to job store "default"
2026-07-29 09:09:29,171 [INFO] apscheduler.scheduler - Added job "execute_health_checks" to job store "default"
2026-07-29 09:09:29,171 [INFO] apscheduler.scheduler - Scheduler started
2026-07-29 09:09:29,171 [INFO] apscheduler.scheduler - Scheduler started
2026-07-29 09:09:29,171 [INFO] apscheduler.scheduler - Scheduler started
2026-07-29 09:09:29,171 [INFO] apscheduler.scheduler - Scheduler started
2026-07-29 09:09:29,171 [INFO] apscheduler.scheduler - Scheduler started
2026-07-29 09:09:29,171 [INFO] apscheduler.scheduler - Scheduler started
2026-07-29 09:09:29,171 [INFO] apscheduler.scheduler - Scheduler started
2026-07-29 09:09:29,171 [INFO] scheduler - MonitoringService: Started SRE monitoring scheduler daemon
2026-07-29 09:09:29,171 [INFO] scheduler - MonitoringService: Started SRE monitoring scheduler daemon
2026-07-29 09:09:29,171 [INFO] scheduler - MonitoringService: Started SRE monitoring scheduler daemon
2026-07-29 09:09:29,171 [INFO] scheduler - MonitoringService: Started SRE monitoring scheduler daemon
2026-07-29 09:09:29,171 [INFO] scheduler - MonitoringService: Started SRE monitoring scheduler daemon
2026-07-29 09:09:29,171 [INFO] scheduler - MonitoringService: Started SRE monitoring scheduler daemon
2026-07-29 09:09:29,171 [INFO] scheduler - MonitoringService: Started SRE monitoring scheduler daemon
2026-07-29 09:09:29,179 [INFO] scheduler - MonitoringService: Stopped SRE monitoring scheduler daemon
2026-07-29 09:09:29,179 [INFO] scheduler - MonitoringService: Stopped SRE monitoring scheduler daemon
2026-07-29 09:09:29,179 [INFO] scheduler - MonitoringService: Stopped SRE monitoring scheduler daemon
2026-07-29 09:09:29,179 [INFO] scheduler - MonitoringService: Stopped SRE monitoring scheduler daemon
2026-07-29 09:09:29,179 [INFO] scheduler - MonitoringService: Stopped SRE monitoring scheduler daemon
2026-07-29 09:09:29,179 [INFO] scheduler - MonitoringService: Stopped SRE monitoring scheduler daemon
2026-07-29 09:09:29,179 [INFO] scheduler - MonitoringService: Stopped SRE monitoring scheduler daemon
2026-07-29 09:09:29,179 [INFO] apscheduler.scheduler - Scheduler has been shut down
2026-07-29 09:09:29,179 [INFO] apscheduler.scheduler - Scheduler has been shut down
2026-07-29 09:09:29,179 [INFO] apscheduler.scheduler - Scheduler has been shut down
2026-07-29 09:09:29,179 [INFO] apscheduler.scheduler - Scheduler has been shut down
2026-07-29 09:09:29,179 [INFO] apscheduler.scheduler - Scheduler has been shut down
2026-07-29 09:09:29,179 [INFO] apscheduler.scheduler - Scheduler has been shut down
2026-07-29 09:09:29,179 [INFO] apscheduler.scheduler - Scheduler has been shut down
2026-07-29 09:09:29,187 [INFO] apscheduler.scheduler - Adding job tentatively -- it will be properly scheduled when the scheduler starts
2026-07-29 09:09:29,187 [INFO] apscheduler.scheduler - Adding job tentatively -- it will be properly scheduled when the scheduler starts
2026-07-29 09:09:29,187 [INFO] apscheduler.scheduler - Adding job tentatively -- it will be properly scheduled when the scheduler starts
2026-07-29 09:09:29,187 [INFO] apscheduler.scheduler - Adding job tentatively -- it will be properly scheduled when the scheduler starts
2026-07-29 09:09:29,187 [INFO] apscheduler.scheduler - Adding job tentatively -- it will be properly scheduled when the scheduler starts
2026-07-29 09:09:29,187 [INFO] apscheduler.scheduler - Adding job tentatively -- it will be properly scheduled when the scheduler starts
2026-07-29 09:09:29,187 [INFO] apscheduler.scheduler - Adding job tentatively -- it will be properly scheduled when the scheduler starts
2026-07-29 09:09:29,187 [INFO] apscheduler.scheduler - Adding job tentatively -- it will be properly scheduled when the scheduler starts
2026-07-29 09:09:29,187 [INFO] apscheduler.scheduler - Added job "execute_health_checks" to job store "default"
2026-07-29 09:09:29,187 [INFO] apscheduler.scheduler - Added job "execute_health_checks" to job store "default"
2026-07-29 09:09:29,187 [INFO] apscheduler.scheduler - Added job "execute_health_checks" to job store "default"
2026-07-29 09:09:29,187 [INFO] apscheduler.scheduler - Added job "execute_health_checks" to job store "default"
2026-07-29 09:09:29,187 [INFO] apscheduler.scheduler - Added job "execute_health_checks" to job store "default"
2026-07-29 09:09:29,187 [INFO] apscheduler.scheduler - Added job "execute_health_checks" to job store "default"
2026-07-29 09:09:29,187 [INFO] apscheduler.scheduler - Added job "execute_health_checks" to job store "default"
2026-07-29 09:09:29,187 [INFO] apscheduler.scheduler - Added job "execute_health_checks" to job store "default"
2026-07-29 09:09:29,188 [INFO] apscheduler.scheduler - Scheduler started
2026-07-29 09:09:29,188 [INFO] apscheduler.scheduler - Scheduler started
2026-07-29 09:09:29,188 [INFO] apscheduler.scheduler - Scheduler started
2026-07-29 09:09:29,188 [INFO] apscheduler.scheduler - Scheduler started
2026-07-29 09:09:29,188 [INFO] apscheduler.scheduler - Scheduler started
2026-07-29 09:09:29,188 [INFO] apscheduler.scheduler - Scheduler started
2026-07-29 09:09:29,188 [INFO] apscheduler.scheduler - Scheduler started
2026-07-29 09:09:29,188 [INFO] apscheduler.scheduler - Scheduler started
2026-07-29 09:09:29,188 [INFO] scheduler - MonitoringService: Started SRE monitoring scheduler daemon
2026-07-29 09:09:29,188 [INFO] scheduler - MonitoringService: Started SRE monitoring scheduler daemon
2026-07-29 09:09:29,188 [INFO] scheduler - MonitoringService: Started SRE monitoring scheduler daemon
2026-07-29 09:09:29,188 [INFO] scheduler - MonitoringService: Started SRE monitoring scheduler daemon
2026-07-29 09:09:29,188 [INFO] scheduler - MonitoringService: Started SRE monitoring scheduler daemon
2026-07-29 09:09:29,188 [INFO] scheduler - MonitoringService: Started SRE monitoring scheduler daemon
2026-07-29 09:09:29,188 [INFO] scheduler - MonitoringService: Started SRE monitoring scheduler daemon
2026-07-29 09:09:29,188 [INFO] scheduler - MonitoringService: Started SRE monitoring scheduler daemon
2026-07-29 09:09:29,922 [INFO] scheduler - MonitoringService: Stopped SRE monitoring scheduler daemon
2026-07-29 09:09:29,922 [INFO] scheduler - MonitoringService: Stopped SRE monitoring scheduler daemon
2026-07-29 09:09:29,922 [INFO] scheduler - MonitoringService: Stopped SRE monitoring scheduler daemon
2026-07-29 09:09:29,922 [INFO] scheduler - MonitoringService: Stopped SRE monitoring scheduler daemon
2026-07-29 09:09:29,922 [INFO] scheduler - MonitoringService: Stopped SRE monitoring scheduler daemon
2026-07-29 09:09:29,922 [INFO] scheduler - MonitoringService: Stopped SRE monitoring scheduler daemon
2026-07-29 09:09:29,922 [INFO] scheduler - MonitoringService: Stopped SRE monitoring scheduler daemon
2026-07-29 09:09:29,922 [INFO] scheduler - MonitoringService: Stopped SRE monitoring scheduler daemon
2026-07-29 09:09:29,922 [INFO] apscheduler.scheduler - Scheduler has been shut down
2026-07-29 09:09:29,922 [INFO] apscheduler.scheduler - Scheduler has been shut down
2026-07-29 09:09:29,922 [INFO] apscheduler.scheduler - Scheduler has been shut down
2026-07-29 09:09:29,922 [INFO] apscheduler.scheduler - Scheduler has been shut down
2026-07-29 09:09:29,922 [INFO] apscheduler.scheduler - Scheduler has been shut down
2026-07-29 09:09:29,922 [INFO] apscheduler.scheduler - Scheduler has been shut down
2026-07-29 09:09:29,922 [INFO] apscheduler.scheduler - Scheduler has been shut down
2026-07-29 09:09:29,922 [INFO] apscheduler.scheduler - Scheduler has been shut down
2026-07-29 09:09:29,931 [INFO] apscheduler.scheduler - Adding job tentatively -- it will be properly scheduled when the scheduler starts
2026-07-29 09:09:29,931 [INFO] apscheduler.scheduler - Adding job tentatively -- it will be properly scheduled when the scheduler starts
2026-07-29 09:09:29,931 [INFO] apscheduler.scheduler - Adding job tentatively -- it will be properly scheduled when the scheduler starts
2026-07-29 09:09:29,931 [INFO] apscheduler.scheduler - Adding job tentatively -- it will be properly scheduled when the scheduler starts
2026-07-29 09:09:29,931 [INFO] apscheduler.scheduler - Adding job tentatively -- it will be properly scheduled when the scheduler starts
2026-07-29 09:09:29,931 [INFO] apscheduler.scheduler - Adding job tentatively -- it will be properly scheduled when the scheduler starts
2026-07-29 09:09:29,931 [INFO] apscheduler.scheduler - Adding job tentatively -- it will be properly scheduled when the scheduler starts
2026-07-29 09:09:29,931 [INFO] apscheduler.scheduler - Adding job tentatively -- it will be properly scheduled when the scheduler starts
2026-07-29 09:09:29,931 [INFO] apscheduler.scheduler - Adding job tentatively -- it will be properly scheduled when the scheduler starts
2026-07-29 09:09:29,931 [INFO] apscheduler.scheduler - Added job "execute_health_checks" to job store "default"
2026-07-29 09:09:29,931 [INFO] apscheduler.scheduler - Added job "execute_health_checks" to job store "default"
2026-07-29 09:09:29,931 [INFO] apscheduler.scheduler - Added job "execute_health_checks" to job store "default"
2026-07-29 09:09:29,931 [INFO] apscheduler.scheduler - Added job "execute_health_checks" to job store "default"
2026-07-29 09:09:29,931 [INFO] apscheduler.scheduler - Added job "execute_health_checks" to job store "default"
2026-07-29 09:09:29,931 [INFO] apscheduler.scheduler - Added job "execute_health_checks" to job store "default"
2026-07-29 09:09:29,931 [INFO] apscheduler.scheduler - Added job "execute_health_checks" to job store "default"
2026-07-29 09:09:29,931 [INFO] apscheduler.scheduler - Added job "execute_health_checks" to job store "default"
2026-07-29 09:09:29,931 [INFO] apscheduler.scheduler - Added job "execute_health_checks" to job store "default"
2026-07-29 09:09:29,931 [INFO] apscheduler.scheduler - Scheduler started
2026-07-29 09:09:29,931 [INFO] apscheduler.scheduler - Scheduler started
2026-07-29 09:09:29,931 [INFO] apscheduler.scheduler - Scheduler started
2026-07-29 09:09:29,931 [INFO] apscheduler.scheduler - Scheduler started
2026-07-29 09:09:29,931 [INFO] apscheduler.scheduler - Scheduler started
2026-07-29 09:09:29,931 [INFO] apscheduler.scheduler - Scheduler started
2026-07-29 09:09:29,931 [INFO] apscheduler.scheduler - Scheduler started
2026-07-29 09:09:29,931 [INFO] apscheduler.scheduler - Scheduler started
2026-07-29 09:09:29,931 [INFO] apscheduler.scheduler - Scheduler started
2026-07-29 09:09:29,932 [INFO] scheduler - MonitoringService: Started SRE monitoring scheduler daemon
2026-07-29 09:09:29,932 [INFO] scheduler - MonitoringService: Started SRE monitoring scheduler daemon
2026-07-29 09:09:29,932 [INFO] scheduler - MonitoringService: Started SRE monitoring scheduler daemon
2026-07-29 09:09:29,932 [INFO] scheduler - MonitoringService: Started SRE monitoring scheduler daemon
2026-07-29 09:09:29,932 [INFO] scheduler - MonitoringService: Started SRE monitoring scheduler daemon
2026-07-29 09:09:29,932 [INFO] scheduler - MonitoringService: Started SRE monitoring scheduler daemon
2026-07-29 09:09:29,932 [INFO] scheduler - MonitoringService: Started SRE monitoring scheduler daemon
2026-07-29 09:09:29,932 [INFO] scheduler - MonitoringService: Started SRE monitoring scheduler daemon
2026-07-29 09:09:29,932 [INFO] scheduler - MonitoringService: Started SRE monitoring scheduler daemon
2026-07-29 09:09:30,566 [INFO] scheduler - MonitoringService: Stopped SRE monitoring scheduler daemon
2026-07-29 09:09:30,566 [INFO] scheduler - MonitoringService: Stopped SRE monitoring scheduler daemon
2026-07-29 09:09:30,566 [INFO] scheduler - MonitoringService: Stopped SRE monitoring scheduler daemon
2026-07-29 09:09:30,566 [INFO] scheduler - MonitoringService: Stopped SRE monitoring scheduler daemon
2026-07-29 09:09:30,566 [INFO] scheduler - MonitoringService: Stopped SRE monitoring scheduler daemon
2026-07-29 09:09:30,566 [INFO] scheduler - MonitoringService: Stopped SRE monitoring scheduler daemon
2026-07-29 09:09:30,566 [INFO] scheduler - MonitoringService: Stopped SRE monitoring scheduler daemon
2026-07-29 09:09:30,566 [INFO] scheduler - MonitoringService: Stopped SRE monitoring scheduler daemon
2026-07-29 09:09:30,566 [INFO] scheduler - MonitoringService: Stopped SRE monitoring scheduler daemon
2026-07-29 09:09:30,566 [INFO] apscheduler.scheduler - Scheduler has been shut down
2026-07-29 09:09:30,566 [INFO] apscheduler.scheduler - Scheduler has been shut down
2026-07-29 09:09:30,566 [INFO] apscheduler.scheduler - Scheduler has been shut down
2026-07-29 09:09:30,566 [INFO] apscheduler.scheduler - Scheduler has been shut down
2026-07-29 09:09:30,566 [INFO] apscheduler.scheduler - Scheduler has been shut down
2026-07-29 09:09:30,566 [INFO] apscheduler.scheduler - Scheduler has been shut down
2026-07-29 09:09:30,566 [INFO] apscheduler.scheduler - Scheduler has been shut down
2026-07-29 09:09:30,566 [INFO] apscheduler.scheduler - Scheduler has been shut down
2026-07-29 09:09:30,566 [INFO] apscheduler.scheduler - Scheduler has been shut down
2026-07-29 09:09:30,665 [INFO] apscheduler.scheduler - Adding job tentatively -- it will be properly scheduled when the scheduler starts
2026-07-29 09:09:30,665 [INFO] apscheduler.scheduler - Adding job tentatively -- it will be properly scheduled when the scheduler starts
2026-07-29 09:09:30,665 [INFO] apscheduler.scheduler - Adding job tentatively -- it will be properly scheduled when the scheduler starts
2026-07-29 09:09:30,665 [INFO] apscheduler.scheduler - Adding job tentatively -- it will be properly scheduled when the scheduler starts
2026-07-29 09:09:30,665 [INFO] apscheduler.scheduler - Adding job tentatively -- it will be properly scheduled when the scheduler starts
2026-07-29 09:09:30,665 [INFO] apscheduler.scheduler - Adding job tentatively -- it will be properly scheduled when the scheduler starts
2026-07-29 09:09:30,665 [INFO] apscheduler.scheduler - Adding job tentatively -- it will be properly scheduled when the scheduler starts
2026-07-29 09:09:30,665 [INFO] apscheduler.scheduler - Adding job tentatively -- it will be properly scheduled when the scheduler starts
2026-07-29 09:09:30,665 [INFO] apscheduler.scheduler - Adding job tentatively -- it will be properly scheduled when the scheduler starts
2026-07-29 09:09:30,665 [INFO] apscheduler.scheduler - Adding job tentatively -- it will be properly scheduled when the scheduler starts
2026-07-29 09:09:30,666 [INFO] apscheduler.scheduler - Added job "execute_health_checks" to job store "default"
2026-07-29 09:09:30,666 [INFO] apscheduler.scheduler - Added job "execute_health_checks" to job store "default"
2026-07-29 09:09:30,666 [INFO] apscheduler.scheduler - Added job "execute_health_checks" to job store "default"
2026-07-29 09:09:30,666 [INFO] apscheduler.scheduler - Added job "execute_health_checks" to job store "default"
2026-07-29 09:09:30,666 [INFO] apscheduler.scheduler - Added job "execute_health_checks" to job store "default"
2026-07-29 09:09:30,666 [INFO] apscheduler.scheduler - Added job "execute_health_checks" to job store "default"
2026-07-29 09:09:30,666 [INFO] apscheduler.scheduler - Added job "execute_health_checks" to job store "default"
2026-07-29 09:09:30,666 [INFO] apscheduler.scheduler - Added job "execute_health_checks" to job store "default"
2026-07-29 09:09:30,666 [INFO] apscheduler.scheduler - Added job "execute_health_checks" to job store "default"
2026-07-29 09:09:30,666 [INFO] apscheduler.scheduler - Added job "execute_health_checks" to job store "default"
2026-07-29 09:09:30,667 [INFO] apscheduler.scheduler - Scheduler started
2026-07-29 09:09:30,667 [INFO] apscheduler.scheduler - Scheduler started
2026-07-29 09:09:30,667 [INFO] apscheduler.scheduler - Scheduler started
2026-07-29 09:09:30,667 [INFO] apscheduler.scheduler - Scheduler started
2026-07-29 09:09:30,667 [INFO] apscheduler.scheduler - Scheduler started
2026-07-29 09:09:30,667 [INFO] apscheduler.scheduler - Scheduler started
2026-07-29 09:09:30,667 [INFO] apscheduler.scheduler - Scheduler started
2026-07-29 09:09:30,667 [INFO] apscheduler.scheduler - Scheduler started
2026-07-29 09:09:30,667 [INFO] apscheduler.scheduler - Scheduler started
2026-07-29 09:09:30,667 [INFO] apscheduler.scheduler - Scheduler started
2026-07-29 09:09:30,667 [INFO] scheduler - MonitoringService: Started SRE monitoring scheduler daemon
2026-07-29 09:09:30,667 [INFO] scheduler - MonitoringService: Started SRE monitoring scheduler daemon
2026-07-29 09:09:30,667 [INFO] scheduler - MonitoringService: Started SRE monitoring scheduler daemon
2026-07-29 09:09:30,667 [INFO] scheduler - MonitoringService: Started SRE monitoring scheduler daemon
2026-07-29 09:09:30,667 [INFO] scheduler - MonitoringService: Started SRE monitoring scheduler daemon
2026-07-29 09:09:30,667 [INFO] scheduler - MonitoringService: Started SRE monitoring scheduler daemon
2026-07-29 09:09:30,667 [INFO] scheduler - MonitoringService: Started SRE monitoring scheduler daemon
2026-07-29 09:09:30,667 [INFO] scheduler - MonitoringService: Started SRE monitoring scheduler daemon
2026-07-29 09:09:30,667 [INFO] scheduler - MonitoringService: Started SRE monitoring scheduler daemon
2026-07-29 09:09:30,667 [INFO] scheduler - MonitoringService: Started SRE monitoring scheduler daemon
2026-07-29 09:09:31,368 [INFO] scheduler - MonitoringService: Stopped SRE monitoring scheduler daemon
2026-07-29 09:09:31,368 [INFO] scheduler - MonitoringService: Stopped SRE monitoring scheduler daemon
2026-07-29 09:09:31,368 [INFO] scheduler - MonitoringService: Stopped SRE monitoring scheduler daemon
2026-07-29 09:09:31,368 [INFO] scheduler - MonitoringService: Stopped SRE monitoring scheduler daemon
2026-07-29 09:09:31,368 [INFO] scheduler - MonitoringService: Stopped SRE monitoring scheduler daemon
2026-07-29 09:09:31,368 [INFO] scheduler - MonitoringService: Stopped SRE monitoring scheduler daemon
2026-07-29 09:09:31,368 [INFO] scheduler - MonitoringService: Stopped SRE monitoring scheduler daemon
2026-07-29 09:09:31,368 [INFO] scheduler - MonitoringService: Stopped SRE monitoring scheduler daemon
2026-07-29 09:09:31,368 [INFO] scheduler - MonitoringService: Stopped SRE monitoring scheduler daemon
2026-07-29 09:09:31,368 [INFO] scheduler - MonitoringService: Stopped SRE monitoring scheduler daemon
2026-07-29 09:09:31,368 [INFO] apscheduler.scheduler - Scheduler has been shut down
2026-07-29 09:09:31,368 [INFO] apscheduler.scheduler - Scheduler has been shut down
2026-07-29 09:09:31,368 [INFO] apscheduler.scheduler - Scheduler has been shut down
2026-07-29 09:09:31,368 [INFO] apscheduler.scheduler - Scheduler has been shut down
2026-07-29 09:09:31,368 [INFO] apscheduler.scheduler - Scheduler has been shut down
2026-07-29 09:09:31,368 [INFO] apscheduler.scheduler - Scheduler has been shut down
2026-07-29 09:09:31,368 [INFO] apscheduler.scheduler - Scheduler has been shut down
2026-07-29 09:09:31,368 [INFO] apscheduler.scheduler - Scheduler has been shut down
2026-07-29 09:09:31,368 [INFO] apscheduler.scheduler - Scheduler has been shut down
2026-07-29 09:09:31,368 [INFO] apscheduler.scheduler - Scheduler has been shut down
2026-07-29 09:09:31,378 [INFO] apscheduler.scheduler - Adding job tentatively -- it will be properly scheduled when the scheduler starts
2026-07-29 09:09:31,378 [INFO] apscheduler.scheduler - Adding job tentatively -- it will be properly scheduled when the scheduler starts
2026-07-29 09:09:31,378 [INFO] apscheduler.scheduler - Adding job tentatively -- it will be properly scheduled when the scheduler starts
2026-07-29 09:09:31,378 [INFO] apscheduler.scheduler - Adding job tentatively -- it will be properly scheduled when the scheduler starts
2026-07-29 09:09:31,378 [INFO] apscheduler.scheduler - Adding job tentatively -- it will be properly scheduled when the scheduler starts
2026-07-29 09:09:31,378 [INFO] apscheduler.scheduler - Adding job tentatively -- it will be properly scheduled when the scheduler starts
2026-07-29 09:09:31,378 [INFO] apscheduler.scheduler - Adding job tentatively -- it will be properly scheduled when the scheduler starts
2026-07-29 09:09:31,378 [INFO] apscheduler.scheduler - Adding job tentatively -- it will be properly scheduled when the scheduler starts
2026-07-29 09:09:31,378 [INFO] apscheduler.scheduler - Adding job tentatively -- it will be properly scheduled when the scheduler starts
2026-07-29 09:09:31,378 [INFO] apscheduler.scheduler - Adding job tentatively -- it will be properly scheduled when the scheduler starts
2026-07-29 09:09:31,378 [INFO] apscheduler.scheduler - Adding job tentatively -- it will be properly scheduled when the scheduler starts
2026-07-29 09:09:31,379 [INFO] apscheduler.scheduler - Added job "execute_health_checks" to job store "default"
2026-07-29 09:09:31,379 [INFO] apscheduler.scheduler - Added job "execute_health_checks" to job store "default"
2026-07-29 09:09:31,379 [INFO] apscheduler.scheduler - Added job "execute_health_checks" to job store "default"
2026-07-29 09:09:31,379 [INFO] apscheduler.scheduler - Added job "execute_health_checks" to job store "default"
2026-07-29 09:09:31,379 [INFO] apscheduler.scheduler - Added job "execute_health_checks" to job store "default"
2026-07-29 09:09:31,379 [INFO] apscheduler.scheduler - Added job "execute_health_checks" to job store "default"
2026-07-29 09:09:31,379 [INFO] apscheduler.scheduler - Added job "execute_health_checks" to job store "default"
2026-07-29 09:09:31,379 [INFO] apscheduler.scheduler - Added job "execute_health_checks" to job store "default"
2026-07-29 09:09:31,379 [INFO] apscheduler.scheduler - Added job "execute_health_checks" to job store "default"
2026-07-29 09:09:31,379 [INFO] apscheduler.scheduler - Added job "execute_health_checks" to job store "default"
2026-07-29 09:09:31,379 [INFO] apscheduler.scheduler - Added job "execute_health_checks" to job store "default"
2026-07-29 09:09:31,379 [INFO] apscheduler.scheduler - Scheduler started
2026-07-29 09:09:31,379 [INFO] apscheduler.scheduler - Scheduler started
2026-07-29 09:09:31,379 [INFO] apscheduler.scheduler - Scheduler started
2026-07-29 09:09:31,379 [INFO] apscheduler.scheduler - Scheduler started
2026-07-29 09:09:31,379 [INFO] apscheduler.scheduler - Scheduler started
2026-07-29 09:09:31,379 [INFO] apscheduler.scheduler - Scheduler started
2026-07-29 09:09:31,379 [INFO] apscheduler.scheduler - Scheduler started
2026-07-29 09:09:31,379 [INFO] apscheduler.scheduler - Scheduler started
2026-07-29 09:09:31,379 [INFO] apscheduler.scheduler - Scheduler started
2026-07-29 09:09:31,379 [INFO] apscheduler.scheduler - Scheduler started
2026-07-29 09:09:31,379 [INFO] apscheduler.scheduler - Scheduler started
2026-07-29 09:09:31,380 [INFO] scheduler - MonitoringService: Started SRE monitoring scheduler daemon
2026-07-29 09:09:31,380 [INFO] scheduler - MonitoringService: Started SRE monitoring scheduler daemon
2026-07-29 09:09:31,380 [INFO] scheduler - MonitoringService: Started SRE monitoring scheduler daemon
2026-07-29 09:09:31,380 [INFO] scheduler - MonitoringService: Started SRE monitoring scheduler daemon
2026-07-29 09:09:31,380 [INFO] scheduler - MonitoringService: Started SRE monitoring scheduler daemon
2026-07-29 09:09:31,380 [INFO] scheduler - MonitoringService: Started SRE monitoring scheduler daemon
2026-07-29 09:09:31,380 [INFO] scheduler - MonitoringService: Started SRE monitoring scheduler daemon
2026-07-29 09:09:31,380 [INFO] scheduler - MonitoringService: Started SRE monitoring scheduler daemon
2026-07-29 09:09:31,380 [INFO] scheduler - MonitoringService: Started SRE monitoring scheduler daemon
2026-07-29 09:09:31,380 [INFO] scheduler - MonitoringService: Started SRE monitoring scheduler daemon
2026-07-29 09:09:31,380 [INFO] scheduler - MonitoringService: Started SRE monitoring scheduler daemon
2026-07-29 09:09:32,016 [INFO] scheduler - MonitoringService: Stopped SRE monitoring scheduler daemon
2026-07-29 09:09:32,016 [INFO] scheduler - MonitoringService: Stopped SRE monitoring scheduler daemon
2026-07-29 09:09:32,016 [INFO] scheduler - MonitoringService: Stopped SRE monitoring scheduler daemon
2026-07-29 09:09:32,016 [INFO] scheduler - MonitoringService: Stopped SRE monitoring scheduler daemon
2026-07-29 09:09:32,016 [INFO] scheduler - MonitoringService: Stopped SRE monitoring scheduler daemon
2026-07-29 09:09:32,016 [INFO] scheduler - MonitoringService: Stopped SRE monitoring scheduler daemon
2026-07-29 09:09:32,016 [INFO] scheduler - MonitoringService: Stopped SRE monitoring scheduler daemon
2026-07-29 09:09:32,016 [INFO] scheduler - MonitoringService: Stopped SRE monitoring scheduler daemon
2026-07-29 09:09:32,016 [INFO] scheduler - MonitoringService: Stopped SRE monitoring scheduler daemon
2026-07-29 09:09:32,016 [INFO] scheduler - MonitoringService: Stopped SRE monitoring scheduler daemon
2026-07-29 09:09:32,016 [INFO] scheduler - MonitoringService: Stopped SRE monitoring scheduler daemon
2026-07-29 09:09:32,016 [INFO] apscheduler.scheduler - Scheduler has been shut down
2026-07-29 09:09:32,016 [INFO] apscheduler.scheduler - Scheduler has been shut down
2026-07-29 09:09:32,016 [INFO] apscheduler.scheduler - Scheduler has been shut down
2026-07-29 09:09:32,016 [INFO] apscheduler.scheduler - Scheduler has been shut down
2026-07-29 09:09:32,016 [INFO] apscheduler.scheduler - Scheduler has been shut down
2026-07-29 09:09:32,016 [INFO] apscheduler.scheduler - Scheduler has been shut down
2026-07-29 09:09:32,016 [INFO] apscheduler.scheduler - Scheduler has been shut down
2026-07-29 09:09:32,016 [INFO] apscheduler.scheduler - Scheduler has been shut down
2026-07-29 09:09:32,016 [INFO] apscheduler.scheduler - Scheduler has been shut down
2026-07-29 09:09:32,016 [INFO] apscheduler.scheduler - Scheduler has been shut down
2026-07-29 09:09:32,016 [INFO] apscheduler.scheduler - Scheduler has been shut down
2026-07-29 09:09:32,024 [INFO] apscheduler.scheduler - Adding job tentatively -- it will be properly scheduled when the scheduler starts
2026-07-29 09:09:32,024 [INFO] apscheduler.scheduler - Adding job tentatively -- it will be properly scheduled when the scheduler starts
2026-07-29 09:09:32,024 [INFO] apscheduler.scheduler - Adding job tentatively -- it will be properly scheduled when the scheduler starts
2026-07-29 09:09:32,024 [INFO] apscheduler.scheduler - Adding job tentatively -- it will be properly scheduled when the scheduler starts
2026-07-29 09:09:32,024 [INFO] apscheduler.scheduler - Adding job tentatively -- it will be properly scheduled when the scheduler starts
2026-07-29 09:09:32,024 [INFO] apscheduler.scheduler - Adding job tentatively -- it will be properly scheduled when the scheduler starts
2026-07-29 09:09:32,024 [INFO] apscheduler.scheduler - Adding job tentatively -- it will be properly scheduled when the scheduler starts
2026-07-29 09:09:32,024 [INFO] apscheduler.scheduler - Adding job tentatively -- it will be properly scheduled when the scheduler starts
2026-07-29 09:09:32,024 [INFO] apscheduler.scheduler - Adding job tentatively -- it will be properly scheduled when the scheduler starts
2026-07-29 09:09:32,024 [INFO] apscheduler.scheduler - Adding job tentatively -- it will be properly scheduled when the scheduler starts
2026-07-29 09:09:32,024 [INFO] apscheduler.scheduler - Adding job tentatively -- it will be properly scheduled when the scheduler starts
2026-07-29 09:09:32,024 [INFO] apscheduler.scheduler - Adding job tentatively -- it will be properly scheduled when the scheduler starts
2026-07-29 09:09:32,025 [INFO] apscheduler.scheduler - Added job "execute_health_checks" to job store "default"
2026-07-29 09:09:32,025 [INFO] apscheduler.scheduler - Added job "execute_health_checks" to job store "default"
2026-07-29 09:09:32,025 [INFO] apscheduler.scheduler - Added job "execute_health_checks" to job store "default"
2026-07-29 09:09:32,025 [INFO] apscheduler.scheduler - Added job "execute_health_checks" to job store "default"
2026-07-29 09:09:32,025 [INFO] apscheduler.scheduler - Added job "execute_health_checks" to job store "default"
2026-07-29 09:09:32,025 [INFO] apscheduler.scheduler - Added job "execute_health_checks" to job store "default"
2026-07-29 09:09:32,025 [INFO] apscheduler.scheduler - Added job "execute_health_checks" to job store "default"
2026-07-29 09:09:32,025 [INFO] apscheduler.scheduler - Added job "execute_health_checks" to job store "default"
2026-07-29 09:09:32,025 [INFO] apscheduler.scheduler - Added job "execute_health_checks" to job store "default"
2026-07-29 09:09:32,025 [INFO] apscheduler.scheduler - Added job "execute_health_checks" to job store "default"
2026-07-29 09:09:32,025 [INFO] apscheduler.scheduler - Added job "execute_health_checks" to job store "default"
2026-07-29 09:09:32,025 [INFO] apscheduler.scheduler - Added job "execute_health_checks" to job store "default"
2026-07-29 09:09:32,026 [INFO] apscheduler.scheduler - Scheduler started
2026-07-29 09:09:32,026 [INFO] apscheduler.scheduler - Scheduler started
2026-07-29 09:09:32,026 [INFO] apscheduler.scheduler - Scheduler started
2026-07-29 09:09:32,026 [INFO] apscheduler.scheduler - Scheduler started
2026-07-29 09:09:32,026 [INFO] apscheduler.scheduler - Scheduler started
2026-07-29 09:09:32,026 [INFO] apscheduler.scheduler - Scheduler started
2026-07-29 09:09:32,026 [INFO] apscheduler.scheduler - Scheduler started
2026-07-29 09:09:32,026 [INFO] apscheduler.scheduler - Scheduler started
2026-07-29 09:09:32,026 [INFO] apscheduler.scheduler - Scheduler started
2026-07-29 09:09:32,026 [INFO] apscheduler.scheduler - Scheduler started
2026-07-29 09:09:32,026 [INFO] apscheduler.scheduler - Scheduler started
2026-07-29 09:09:32,026 [INFO] apscheduler.scheduler - Scheduler started
2026-07-29 09:09:32,026 [INFO] scheduler - MonitoringService: Started SRE monitoring scheduler daemon
2026-07-29 09:09:32,026 [INFO] scheduler - MonitoringService: Started SRE monitoring scheduler daemon
2026-07-29 09:09:32,026 [INFO] scheduler - MonitoringService: Started SRE monitoring scheduler daemon
2026-07-29 09:09:32,026 [INFO] scheduler - MonitoringService: Started SRE monitoring scheduler daemon
2026-07-29 09:09:32,026 [INFO] scheduler - MonitoringService: Started SRE monitoring scheduler daemon
2026-07-29 09:09:32,026 [INFO] scheduler - MonitoringService: Started SRE monitoring scheduler daemon
2026-07-29 09:09:32,026 [INFO] scheduler - MonitoringService: Started SRE monitoring scheduler daemon
2026-07-29 09:09:32,026 [INFO] scheduler - MonitoringService: Started SRE monitoring scheduler daemon
2026-07-29 09:09:32,026 [INFO] scheduler - MonitoringService: Started SRE monitoring scheduler daemon
2026-07-29 09:09:32,026 [INFO] scheduler - MonitoringService: Started SRE monitoring scheduler daemon
2026-07-29 09:09:32,026 [INFO] scheduler - MonitoringService: Started SRE monitoring scheduler daemon
2026-07-29 09:09:32,026 [INFO] scheduler - MonitoringService: Started SRE monitoring scheduler daemon
2026-07-29 09:09:32,667 [INFO] scheduler - MonitoringService: Stopped SRE monitoring scheduler daemon
2026-07-29 09:09:32,667 [INFO] scheduler - MonitoringService: Stopped SRE monitoring scheduler daemon
2026-07-29 09:09:32,667 [INFO] scheduler - MonitoringService: Stopped SRE monitoring scheduler daemon
2026-07-29 09:09:32,667 [INFO] scheduler - MonitoringService: Stopped SRE monitoring scheduler daemon
2026-07-29 09:09:32,667 [INFO] scheduler - MonitoringService: Stopped SRE monitoring scheduler daemon
2026-07-29 09:09:32,667 [INFO] scheduler - MonitoringService: Stopped SRE monitoring scheduler daemon
2026-07-29 09:09:32,667 [INFO] scheduler - MonitoringService: Stopped SRE monitoring scheduler daemon
2026-07-29 09:09:32,667 [INFO] scheduler - MonitoringService: Stopped SRE monitoring scheduler daemon
2026-07-29 09:09:32,667 [INFO] scheduler - MonitoringService: Stopped SRE monitoring scheduler daemon
2026-07-29 09:09:32,667 [INFO] scheduler - MonitoringService: Stopped SRE monitoring scheduler daemon
2026-07-29 09:09:32,667 [INFO] scheduler - MonitoringService: Stopped SRE monitoring scheduler daemon
2026-07-29 09:09:32,667 [INFO] scheduler - MonitoringService: Stopped SRE monitoring scheduler daemon
2026-07-29 09:09:32,668 [INFO] apscheduler.scheduler - Scheduler has been shut down
2026-07-29 09:09:32,668 [INFO] apscheduler.scheduler - Scheduler has been shut down
2026-07-29 09:09:32,668 [INFO] apscheduler.scheduler - Scheduler has been shut down
2026-07-29 09:09:32,668 [INFO] apscheduler.scheduler - Scheduler has been shut down
2026-07-29 09:09:32,668 [INFO] apscheduler.scheduler - Scheduler has been shut down
2026-07-29 09:09:32,668 [INFO] apscheduler.scheduler - Scheduler has been shut down
2026-07-29 09:09:32,668 [INFO] apscheduler.scheduler - Scheduler has been shut down
2026-07-29 09:09:32,668 [INFO] apscheduler.scheduler - Scheduler has been shut down
2026-07-29 09:09:32,668 [INFO] apscheduler.scheduler - Scheduler has been shut down
2026-07-29 09:09:32,668 [INFO] apscheduler.scheduler - Scheduler has been shut down
2026-07-29 09:09:32,668 [INFO] apscheduler.scheduler - Scheduler has been shut down
2026-07-29 09:09:32,668 [INFO] apscheduler.scheduler - Scheduler has been shut down
2026-07-29 09:09:32,675 [INFO] apscheduler.scheduler - Adding job tentatively -- it will be properly scheduled when the scheduler starts
2026-07-29 09:09:32,675 [INFO] apscheduler.scheduler - Adding job tentatively -- it will be properly scheduled when the scheduler starts
2026-07-29 09:09:32,675 [INFO] apscheduler.scheduler - Adding job tentatively -- it will be properly scheduled when the scheduler starts
2026-07-29 09:09:32,675 [INFO] apscheduler.scheduler - Adding job tentatively -- it will be properly scheduled when the scheduler starts
2026-07-29 09:09:32,675 [INFO] apscheduler.scheduler - Adding job tentatively -- it will be properly scheduled when the scheduler starts
2026-07-29 09:09:32,675 [INFO] apscheduler.scheduler - Adding job tentatively -- it will be properly scheduled when the scheduler starts
2026-07-29 09:09:32,675 [INFO] apscheduler.scheduler - Adding job tentatively -- it will be properly scheduled when the scheduler starts
2026-07-29 09:09:32,675 [INFO] apscheduler.scheduler - Adding job tentatively -- it will be properly scheduled when the scheduler starts
2026-07-29 09:09:32,675 [INFO] apscheduler.scheduler - Adding job tentatively -- it will be properly scheduled when the scheduler starts
2026-07-29 09:09:32,675 [INFO] apscheduler.scheduler - Adding job tentatively -- it will be properly scheduled when the scheduler starts
2026-07-29 09:09:32,675 [INFO] apscheduler.scheduler - Adding job tentatively -- it will be properly scheduled when the scheduler starts
2026-07-29 09:09:32,675 [INFO] apscheduler.scheduler - Adding job tentatively -- it will be properly scheduled when the scheduler starts
2026-07-29 09:09:32,675 [INFO] apscheduler.scheduler - Adding job tentatively -- it will be properly scheduled when the scheduler starts
2026-07-29 09:09:32,676 [INFO] apscheduler.scheduler - Added job "execute_health_checks" to job store "default"
2026-07-29 09:09:32,676 [INFO] apscheduler.scheduler - Added job "execute_health_checks" to job store "default"
2026-07-29 09:09:32,676 [INFO] apscheduler.scheduler - Added job "execute_health_checks" to job store "default"
2026-07-29 09:09:32,676 [INFO] apscheduler.scheduler - Added job "execute_health_checks" to job store "default"
2026-07-29 09:09:32,676 [INFO] apscheduler.scheduler - Added job "execute_health_checks" to job store "default"
2026-07-29 09:09:32,676 [INFO] apscheduler.scheduler - Added job "execute_health_checks" to job store "default"
2026-07-29 09:09:32,676 [INFO] apscheduler.scheduler - Added job "execute_health_checks" to job store "default"
2026-07-29 09:09:32,676 [INFO] apscheduler.scheduler - Added job "execute_health_checks" to job store "default"
2026-07-29 09:09:32,676 [INFO] apscheduler.scheduler - Added job "execute_health_checks" to job store "default"
2026-07-29 09:09:32,676 [INFO] apscheduler.scheduler - Added job "execute_health_checks" to job store "default"
2026-07-29 09:09:32,676 [INFO] apscheduler.scheduler - Added job "execute_health_checks" to job store "default"
2026-07-29 09:09:32,676 [INFO] apscheduler.scheduler - Added job "execute_health_checks" to job store "default"
2026-07-29 09:09:32,676 [INFO] apscheduler.scheduler - Added job "execute_health_checks" to job store "default"
2026-07-29 09:09:32,676 [INFO] apscheduler.scheduler - Scheduler started
2026-07-29 09:09:32,676 [INFO] apscheduler.scheduler - Scheduler started
2026-07-29 09:09:32,676 [INFO] apscheduler.scheduler - Scheduler started
2026-07-29 09:09:32,676 [INFO] apscheduler.scheduler - Scheduler started
2026-07-29 09:09:32,676 [INFO] apscheduler.scheduler - Scheduler started
2026-07-29 09:09:32,676 [INFO] apscheduler.scheduler - Scheduler started
2026-07-29 09:09:32,676 [INFO] apscheduler.scheduler - Scheduler started
2026-07-29 09:09:32,676 [INFO] apscheduler.scheduler - Scheduler started
2026-07-29 09:09:32,676 [INFO] apscheduler.scheduler - Scheduler started
2026-07-29 09:09:32,676 [INFO] apscheduler.scheduler - Scheduler started
2026-07-29 09:09:32,676 [INFO] apscheduler.scheduler - Scheduler started
2026-07-29 09:09:32,676 [INFO] apscheduler.scheduler - Scheduler started
2026-07-29 09:09:32,676 [INFO] apscheduler.scheduler - Scheduler started
2026-07-29 09:09:32,677 [INFO] scheduler - MonitoringService: Started SRE monitoring scheduler daemon
2026-07-29 09:09:32,677 [INFO] scheduler - MonitoringService: Started SRE monitoring scheduler daemon
2026-07-29 09:09:32,677 [INFO] scheduler - MonitoringService: Started SRE monitoring scheduler daemon
2026-07-29 09:09:32,677 [INFO] scheduler - MonitoringService: Started SRE monitoring scheduler daemon
2026-07-29 09:09:32,677 [INFO] scheduler - MonitoringService: Started SRE monitoring scheduler daemon
2026-07-29 09:09:32,677 [INFO] scheduler - MonitoringService: Started SRE monitoring scheduler daemon
2026-07-29 09:09:32,677 [INFO] scheduler - MonitoringService: Started SRE monitoring scheduler daemon
2026-07-29 09:09:32,677 [INFO] scheduler - MonitoringService: Started SRE monitoring scheduler daemon
2026-07-29 09:09:32,677 [INFO] scheduler - MonitoringService: Started SRE monitoring scheduler daemon
2026-07-29 09:09:32,677 [INFO] scheduler - MonitoringService: Started SRE monitoring scheduler daemon
2026-07-29 09:09:32,677 [INFO] scheduler - MonitoringService: Started SRE monitoring scheduler daemon
2026-07-29 09:09:32,677 [INFO] scheduler - MonitoringService: Started SRE monitoring scheduler daemon
2026-07-29 09:09:32,677 [INFO] scheduler - MonitoringService: Started SRE monitoring scheduler daemon
2026-07-29 09:09:33,312 [INFO] scheduler - MonitoringService: Stopped SRE monitoring scheduler daemon
2026-07-29 09:09:33,312 [INFO] scheduler - MonitoringService: Stopped SRE monitoring scheduler daemon
2026-07-29 09:09:33,312 [INFO] scheduler - MonitoringService: Stopped SRE monitoring scheduler daemon
2026-07-29 09:09:33,312 [INFO] scheduler - MonitoringService: Stopped SRE monitoring scheduler daemon
2026-07-29 09:09:33,312 [INFO] scheduler - MonitoringService: Stopped SRE monitoring scheduler daemon
2026-07-29 09:09:33,312 [INFO] scheduler - MonitoringService: Stopped SRE monitoring scheduler daemon
2026-07-29 09:09:33,312 [INFO] scheduler - MonitoringService: Stopped SRE monitoring scheduler daemon
2026-07-29 09:09:33,312 [INFO] scheduler - MonitoringService: Stopped SRE monitoring scheduler daemon
2026-07-29 09:09:33,312 [INFO] scheduler - MonitoringService: Stopped SRE monitoring scheduler daemon
2026-07-29 09:09:33,312 [INFO] scheduler - MonitoringService: Stopped SRE monitoring scheduler daemon
2026-07-29 09:09:33,312 [INFO] scheduler - MonitoringService: Stopped SRE monitoring scheduler daemon
2026-07-29 09:09:33,312 [INFO] scheduler - MonitoringService: Stopped SRE monitoring scheduler daemon
2026-07-29 09:09:33,312 [INFO] scheduler - MonitoringService: Stopped SRE monitoring scheduler daemon
2026-07-29 09:09:33,312 [INFO] apscheduler.scheduler - Scheduler has been shut down
2026-07-29 09:09:33,312 [INFO] apscheduler.scheduler - Scheduler has been shut down
2026-07-29 09:09:33,312 [INFO] apscheduler.scheduler - Scheduler has been shut down
2026-07-29 09:09:33,312 [INFO] apscheduler.scheduler - Scheduler has been shut down
2026-07-29 09:09:33,312 [INFO] apscheduler.scheduler - Scheduler has been shut down
2026-07-29 09:09:33,312 [INFO] apscheduler.scheduler - Scheduler has been shut down
2026-07-29 09:09:33,312 [INFO] apscheduler.scheduler - Scheduler has been shut down
2026-07-29 09:09:33,312 [INFO] apscheduler.scheduler - Scheduler has been shut down
2026-07-29 09:09:33,312 [INFO] apscheduler.scheduler - Scheduler has been shut down
2026-07-29 09:09:33,312 [INFO] apscheduler.scheduler - Scheduler has been shut down
2026-07-29 09:09:33,312 [INFO] apscheduler.scheduler - Scheduler has been shut down
2026-07-29 09:09:33,312 [INFO] apscheduler.scheduler - Scheduler has been shut down
2026-07-29 09:09:33,312 [INFO] apscheduler.scheduler - Scheduler has been shut down
2026-07-29 09:16:51,276 [INFO] apscheduler.scheduler - Adding job tentatively -- it will be properly scheduled when the scheduler starts
2026-07-29 09:16:51,278 [INFO] apscheduler.scheduler - Added job "execute_health_checks" to job store "default"
2026-07-29 09:16:51,279 [INFO] apscheduler.scheduler - Scheduler started
2026-07-29 09:16:51,279 [INFO] scheduler - MonitoringService: Started SRE monitoring scheduler daemon
2026-07-29 09:16:51,890 [INFO] scheduler - MonitoringService: Stopped SRE monitoring scheduler daemon
2026-07-29 09:16:51,890 [INFO] apscheduler.scheduler - Scheduler has been shut down
2026-07-29 09:16:51,903 [INFO] apscheduler.scheduler - Adding job tentatively -- it will be properly scheduled when the scheduler starts
2026-07-29 09:16:51,903 [INFO] apscheduler.scheduler - Adding job tentatively -- it will be properly scheduled when the scheduler starts
2026-07-29 09:16:51,903 [INFO] apscheduler.scheduler - Added job "execute_health_checks" to job store "default"
2026-07-29 09:16:51,903 [INFO] apscheduler.scheduler - Added job "execute_health_checks" to job store "default"
2026-07-29 09:16:51,904 [INFO] apscheduler.scheduler - Scheduler started
2026-07-29 09:16:51,904 [INFO] apscheduler.scheduler - Scheduler started
2026-07-29 09:16:51,905 [INFO] scheduler - MonitoringService: Started SRE monitoring scheduler daemon
2026-07-29 09:16:51,905 [INFO] scheduler - MonitoringService: Started SRE monitoring scheduler daemon
2026-07-29 09:16:51,919 [INFO] scheduler - MonitoringService: Stopped SRE monitoring scheduler daemon
2026-07-29 09:16:51,919 [INFO] scheduler - MonitoringService: Stopped SRE monitoring scheduler daemon
2026-07-29 09:16:51,920 [INFO] apscheduler.scheduler - Scheduler has been shut down
2026-07-29 09:16:51,920 [INFO] apscheduler.scheduler - Scheduler has been shut down
2026-07-29 09:16:51,937 [INFO] apscheduler.scheduler - Adding job tentatively -- it will be properly scheduled when the scheduler starts
2026-07-29 09:16:51,937 [INFO] apscheduler.scheduler - Adding job tentatively -- it will be properly scheduled when the scheduler starts
2026-07-29 09:16:51,937 [INFO] apscheduler.scheduler - Adding job tentatively -- it will be properly scheduled when the scheduler starts
2026-07-29 09:16:51,937 [INFO] apscheduler.scheduler - Added job "execute_health_checks" to job store "default"
2026-07-29 09:16:51,937 [INFO] apscheduler.scheduler - Added job "execute_health_checks" to job store "default"
2026-07-29 09:16:51,937 [INFO] apscheduler.scheduler - Added job "execute_health_checks" to job store "default"
2026-07-29 09:16:51,937 [INFO] apscheduler.scheduler - Scheduler started
2026-07-29 09:16:51,937 [INFO] apscheduler.scheduler - Scheduler started
2026-07-29 09:16:51,937 [INFO] apscheduler.scheduler - Scheduler started
2026-07-29 09:16:51,938 [INFO] scheduler - MonitoringService: Started SRE monitoring scheduler daemon
2026-07-29 09:16:51,938 [INFO] scheduler - MonitoringService: Started SRE monitoring scheduler daemon
2026-07-29 09:16:51,938 [INFO] scheduler - MonitoringService: Started SRE monitoring scheduler daemon
2026-07-29 09:16:51,951 [INFO] scheduler - MonitoringService: Stopped SRE monitoring scheduler daemon
2026-07-29 09:16:51,951 [INFO] scheduler - MonitoringService: Stopped SRE monitoring scheduler daemon
2026-07-29 09:16:51,951 [INFO] scheduler - MonitoringService: Stopped SRE monitoring scheduler daemon
2026-07-29 09:16:51,952 [INFO] apscheduler.scheduler - Scheduler has been shut down
2026-07-29 09:16:51,952 [INFO] apscheduler.scheduler - Scheduler has been shut down
2026-07-29 09:16:51,952 [INFO] apscheduler.scheduler - Scheduler has been shut down
2026-07-29 09:16:51,968 [INFO] apscheduler.scheduler - Adding job tentatively -- it will be properly scheduled when the scheduler starts
2026-07-29 09:16:51,968 [INFO] apscheduler.scheduler - Adding job tentatively -- it will be properly scheduled when the scheduler starts
2026-07-29 09:16:51,968 [INFO] apscheduler.scheduler - Adding job tentatively -- it will be properly scheduled when the scheduler starts
2026-07-29 09:16:51,968 [INFO] apscheduler.scheduler - Adding job tentatively -- it will be properly scheduled when the scheduler starts
2026-07-29 09:16:51,969 [INFO] apscheduler.scheduler - Added job "execute_health_checks" to job store "default"
2026-07-29 09:16:51,969 [INFO] apscheduler.scheduler - Added job "execute_health_checks" to job store "default"
2026-07-29 09:16:51,969 [INFO] apscheduler.scheduler - Added job "execute_health_checks" to job store "default"
2026-07-29 09:16:51,969 [INFO] apscheduler.scheduler - Added job "execute_health_checks" to job store "default"
2026-07-29 09:16:51,970 [INFO] apscheduler.scheduler - Scheduler started
2026-07-29 09:16:51,970 [INFO] apscheduler.scheduler - Scheduler started
2026-07-29 09:16:51,970 [INFO] apscheduler.scheduler - Scheduler started
2026-07-29 09:16:51,970 [INFO] apscheduler.scheduler - Scheduler started
2026-07-29 09:16:51,971 [INFO] scheduler - MonitoringService: Started SRE monitoring scheduler daemon
2026-07-29 09:16:51,971 [INFO] scheduler - MonitoringService: Started SRE monitoring scheduler daemon
2026-07-29 09:16:51,971 [INFO] scheduler - MonitoringService: Started SRE monitoring scheduler daemon
2026-07-29 09:16:51,971 [INFO] scheduler - MonitoringService: Started SRE monitoring scheduler daemon
2026-07-29 09:16:52,564 [INFO] scheduler - MonitoringService: Stopped SRE monitoring scheduler daemon
2026-07-29 09:16:52,564 [INFO] scheduler - MonitoringService: Stopped SRE monitoring scheduler daemon
2026-07-29 09:16:52,564 [INFO] scheduler - MonitoringService: Stopped SRE monitoring scheduler daemon
2026-07-29 09:16:52,564 [INFO] scheduler - MonitoringService: Stopped SRE monitoring scheduler daemon
2026-07-29 09:16:52,565 [INFO] apscheduler.scheduler - Scheduler has been shut down
2026-07-29 09:16:52,565 [INFO] apscheduler.scheduler - Scheduler has been shut down
2026-07-29 09:16:52,565 [INFO] apscheduler.scheduler - Scheduler has been shut down
2026-07-29 09:16:52,565 [INFO] apscheduler.scheduler - Scheduler has been shut down
2026-07-29 09:16:52,579 [INFO] apscheduler.scheduler - Adding job tentatively -- it will be properly scheduled when the scheduler starts
2026-07-29 09:16:52,579 [INFO] apscheduler.scheduler - Adding job tentatively -- it will be properly scheduled when the scheduler starts
2026-07-29 09:16:52,579 [INFO] apscheduler.scheduler - Adding job tentatively -- it will be properly scheduled when the scheduler starts
2026-07-29 09:16:52,579 [INFO] apscheduler.scheduler - Adding job tentatively -- it will be properly scheduled when the scheduler starts
2026-07-29 09:16:52,579 [INFO] apscheduler.scheduler - Adding job tentatively -- it will be properly scheduled when the scheduler starts
2026-07-29 09:16:52,580 [INFO] apscheduler.scheduler - Added job "execute_health_checks" to job store "default"
2026-07-29 09:16:52,580 [INFO] apscheduler.scheduler - Added job "execute_health_checks" to job store "default"
2026-07-29 09:16:52,580 [INFO] apscheduler.scheduler - Added job "execute_health_checks" to job store "default"
2026-07-29 09:16:52,580 [INFO] apscheduler.scheduler - Added job "execute_health_checks" to job store "default"
2026-07-29 09:16:52,580 [INFO] apscheduler.scheduler - Added job "execute_health_checks" to job store "default"
2026-07-29 09:16:52,580 [INFO] apscheduler.scheduler - Scheduler started
2026-07-29 09:16:52,580 [INFO] apscheduler.scheduler - Scheduler started
2026-07-29 09:16:52,580 [INFO] apscheduler.scheduler - Scheduler started
2026-07-29 09:16:52,580 [INFO] apscheduler.scheduler - Scheduler started
2026-07-29 09:16:52,580 [INFO] apscheduler.scheduler - Scheduler started
2026-07-29 09:16:52,581 [INFO] scheduler - MonitoringService: Started SRE monitoring scheduler daemon
2026-07-29 09:16:52,581 [INFO] scheduler - MonitoringService: Started SRE monitoring scheduler daemon
2026-07-29 09:16:52,581 [INFO] scheduler - MonitoringService: Started SRE monitoring scheduler daemon
2026-07-29 09:16:52,581 [INFO] scheduler - MonitoringService: Started SRE monitoring scheduler daemon
2026-07-29 09:16:52,581 [INFO] scheduler - MonitoringService: Started SRE monitoring scheduler daemon
2026-07-29 09:16:53,687 [INFO] scheduler - MonitoringService: Stopped SRE monitoring scheduler daemon
2026-07-29 09:16:53,687 [INFO] scheduler - MonitoringService: Stopped SRE monitoring scheduler daemon
2026-07-29 09:16:53,687 [INFO] scheduler - MonitoringService: Stopped SRE monitoring scheduler daemon
2026-07-29 09:16:53,687 [INFO] scheduler - MonitoringService: Stopped SRE monitoring scheduler daemon
2026-07-29 09:16:53,687 [INFO] scheduler - MonitoringService: Stopped SRE monitoring scheduler daemon
2026-07-29 09:16:53,688 [INFO] apscheduler.scheduler - Scheduler has been shut down
2026-07-29 09:16:53,688 [INFO] apscheduler.scheduler - Scheduler has been shut down
2026-07-29 09:16:53,688 [INFO] apscheduler.scheduler - Scheduler has been shut down
2026-07-29 09:16:53,688 [INFO] apscheduler.scheduler - Scheduler has been shut down
2026-07-29 09:16:53,688 [INFO] apscheduler.scheduler - Scheduler has been shut down
2026-07-29 09:16:53,698 [INFO] apscheduler.scheduler - Adding job tentatively -- it will be properly scheduled when the scheduler starts
2026-07-29 09:16:53,698 [INFO] apscheduler.scheduler - Adding job tentatively -- it will be properly scheduled when the scheduler starts
2026-07-29 09:16:53,698 [INFO] apscheduler.scheduler - Adding job tentatively -- it will be properly scheduled when the scheduler starts
2026-07-29 09:16:53,698 [INFO] apscheduler.scheduler - Adding job tentatively -- it will be properly scheduled when the scheduler starts
2026-07-29 09:16:53,698 [INFO] apscheduler.scheduler - Adding job tentatively -- it will be properly scheduled when the scheduler starts
2026-07-29 09:16:53,698 [INFO] apscheduler.scheduler - Adding job tentatively -- it will be properly scheduled when the scheduler starts
2026-07-29 09:16:53,699 [INFO] apscheduler.scheduler - Added job "execute_health_checks" to job store "default"
2026-07-29 09:16:53,699 [INFO] apscheduler.scheduler - Added job "execute_health_checks" to job store "default"
2026-07-29 09:16:53,699 [INFO] apscheduler.scheduler - Added job "execute_health_checks" to job store "default"
2026-07-29 09:16:53,699 [INFO] apscheduler.scheduler - Added job "execute_health_checks" to job store "default"
2026-07-29 09:16:53,699 [INFO] apscheduler.scheduler - Added job "execute_health_checks" to job store "default"
2026-07-29 09:16:53,699 [INFO] apscheduler.scheduler - Added job "execute_health_checks" to job store "default"
2026-07-29 09:16:53,699 [INFO] apscheduler.scheduler - Scheduler started
2026-07-29 09:16:53,699 [INFO] apscheduler.scheduler - Scheduler started
2026-07-29 09:16:53,699 [INFO] apscheduler.scheduler - Scheduler started
2026-07-29 09:16:53,699 [INFO] apscheduler.scheduler - Scheduler started
2026-07-29 09:16:53,699 [INFO] apscheduler.scheduler - Scheduler started
2026-07-29 09:16:53,699 [INFO] apscheduler.scheduler - Scheduler started
2026-07-29 09:16:53,700 [INFO] scheduler - MonitoringService: Started SRE monitoring scheduler daemon
2026-07-29 09:16:53,700 [INFO] scheduler - MonitoringService: Started SRE monitoring scheduler daemon
2026-07-29 09:16:53,700 [INFO] scheduler - MonitoringService: Started SRE monitoring scheduler daemon
2026-07-29 09:16:53,700 [INFO] scheduler - MonitoringService: Started SRE monitoring scheduler daemon
2026-07-29 09:16:53,700 [INFO] scheduler - MonitoringService: Started SRE monitoring scheduler daemon
2026-07-29 09:16:53,700 [INFO] scheduler - MonitoringService: Started SRE monitoring scheduler daemon
2026-07-29 09:16:53,713 [INFO] scheduler - MonitoringService: Stopped SRE monitoring scheduler daemon
2026-07-29 09:16:53,713 [INFO] scheduler - MonitoringService: Stopped SRE monitoring scheduler daemon
2026-07-29 09:16:53,713 [INFO] scheduler - MonitoringService: Stopped SRE monitoring scheduler daemon
2026-07-29 09:16:53,713 [INFO] scheduler - MonitoringService: Stopped SRE monitoring scheduler daemon
2026-07-29 09:16:53,713 [INFO] scheduler - MonitoringService: Stopped SRE monitoring scheduler daemon
2026-07-29 09:16:53,713 [INFO] scheduler - MonitoringService: Stopped SRE monitoring scheduler daemon
2026-07-29 09:16:53,715 [INFO] apscheduler.scheduler - Scheduler has been shut down
2026-07-29 09:16:53,715 [INFO] apscheduler.scheduler - Scheduler has been shut down
2026-07-29 09:16:53,715 [INFO] apscheduler.scheduler - Scheduler has been shut down
2026-07-29 09:16:53,715 [INFO] apscheduler.scheduler - Scheduler has been shut down
2026-07-29 09:16:53,715 [INFO] apscheduler.scheduler - Scheduler has been shut down
2026-07-29 09:16:53,715 [INFO] apscheduler.scheduler - Scheduler has been shut down
2026-07-29 09:16:53,724 [INFO] apscheduler.scheduler - Adding job tentatively -- it will be properly scheduled when the scheduler starts
2026-07-29 09:16:53,724 [INFO] apscheduler.scheduler - Adding job tentatively -- it will be properly scheduled when the scheduler starts
2026-07-29 09:16:53,724 [INFO] apscheduler.scheduler - Adding job tentatively -- it will be properly scheduled when the scheduler starts
2026-07-29 09:16:53,724 [INFO] apscheduler.scheduler - Adding job tentatively -- it will be properly scheduled when the scheduler starts
2026-07-29 09:16:53,724 [INFO] apscheduler.scheduler - Adding job tentatively -- it will be properly scheduled when the scheduler starts
2026-07-29 09:16:53,724 [INFO] apscheduler.scheduler - Adding job tentatively -- it will be properly scheduled when the scheduler starts
2026-07-29 09:16:53,724 [INFO] apscheduler.scheduler - Adding job tentatively -- it will be properly scheduled when the scheduler starts
2026-07-29 09:16:53,724 [INFO] apscheduler.scheduler - Added job "execute_health_checks" to job store "default"
2026-07-29 09:16:53,724 [INFO] apscheduler.scheduler - Added job "execute_health_checks" to job store "default"
2026-07-29 09:16:53,724 [INFO] apscheduler.scheduler - Added job "execute_health_checks" to job store "default"
2026-07-29 09:16:53,724 [INFO] apscheduler.scheduler - Added job "execute_health_checks" to job store "default"
2026-07-29 09:16:53,724 [INFO] apscheduler.scheduler - Added job "execute_health_checks" to job store "default"
2026-07-29 09:16:53,724 [INFO] apscheduler.scheduler - Added job "execute_health_checks" to job store "default"
2026-07-29 09:16:53,724 [INFO] apscheduler.scheduler - Added job "execute_health_checks" to job store "default"
2026-07-29 09:16:53,725 [INFO] apscheduler.scheduler - Scheduler started
2026-07-29 09:16:53,725 [INFO] apscheduler.scheduler - Scheduler started
2026-07-29 09:16:53,725 [INFO] apscheduler.scheduler - Scheduler started
2026-07-29 09:16:53,725 [INFO] apscheduler.scheduler - Scheduler started
2026-07-29 09:16:53,725 [INFO] apscheduler.scheduler - Scheduler started
2026-07-29 09:16:53,725 [INFO] apscheduler.scheduler - Scheduler started
2026-07-29 09:16:53,725 [INFO] apscheduler.scheduler - Scheduler started
2026-07-29 09:16:53,725 [INFO] scheduler - MonitoringService: Started SRE monitoring scheduler daemon
2026-07-29 09:16:53,725 [INFO] scheduler - MonitoringService: Started SRE monitoring scheduler daemon
2026-07-29 09:16:53,725 [INFO] scheduler - MonitoringService: Started SRE monitoring scheduler daemon
2026-07-29 09:16:53,725 [INFO] scheduler - MonitoringService: Started SRE monitoring scheduler daemon
2026-07-29 09:16:53,725 [INFO] scheduler - MonitoringService: Started SRE monitoring scheduler daemon
2026-07-29 09:16:53,725 [INFO] scheduler - MonitoringService: Started SRE monitoring scheduler daemon
2026-07-29 09:16:53,725 [INFO] scheduler - MonitoringService: Started SRE monitoring scheduler daemon
2026-07-29 09:16:53,738 [INFO] scheduler - MonitoringService: Stopped SRE monitoring scheduler daemon
2026-07-29 09:16:53,738 [INFO] scheduler - MonitoringService: Stopped SRE monitoring scheduler daemon
2026-07-29 09:16:53,738 [INFO] scheduler - MonitoringService: Stopped SRE monitoring scheduler daemon
2026-07-29 09:16:53,738 [INFO] scheduler - MonitoringService: Stopped SRE monitoring scheduler daemon
2026-07-29 09:16:53,738 [INFO] scheduler - MonitoringService: Stopped SRE monitoring scheduler daemon
2026-07-29 09:16:53,738 [INFO] scheduler - MonitoringService: Stopped SRE monitoring scheduler daemon
2026-07-29 09:16:53,738 [INFO] scheduler - MonitoringService: Stopped SRE monitoring scheduler daemon
2026-07-29 09:16:53,738 [INFO] apscheduler.scheduler - Scheduler has been shut down
2026-07-29 09:16:53,738 [INFO] apscheduler.scheduler - Scheduler has been shut down
2026-07-29 09:16:53,738 [INFO] apscheduler.scheduler - Scheduler has been shut down
2026-07-29 09:16:53,738 [INFO] apscheduler.scheduler - Scheduler has been shut down
2026-07-29 09:16:53,738 [INFO] apscheduler.scheduler - Scheduler has been shut down
2026-07-29 09:16:53,738 [INFO] apscheduler.scheduler - Scheduler has been shut down
2026-07-29 09:16:53,738 [INFO] apscheduler.scheduler - Scheduler has been shut down
2026-07-29 09:16:53,749 [INFO] apscheduler.scheduler - Adding job tentatively -- it will be properly scheduled when the scheduler starts
2026-07-29 09:16:53,749 [INFO] apscheduler.scheduler - Adding job tentatively -- it will be properly scheduled when the scheduler starts
2026-07-29 09:16:53,749 [INFO] apscheduler.scheduler - Adding job tentatively -- it will be properly scheduled when the scheduler starts
2026-07-29 09:16:53,749 [INFO] apscheduler.scheduler - Adding job tentatively -- it will be properly scheduled when the scheduler starts
2026-07-29 09:16:53,749 [INFO] apscheduler.scheduler - Adding job tentatively -- it will be properly scheduled when the scheduler starts
2026-07-29 09:16:53,749 [INFO] apscheduler.scheduler - Adding job tentatively -- it will be properly scheduled when the scheduler starts
2026-07-29 09:16:53,749 [INFO] apscheduler.scheduler - Adding job tentatively -- it will be properly scheduled when the scheduler starts
2026-07-29 09:16:53,749 [INFO] apscheduler.scheduler - Adding job tentatively -- it will be properly scheduled when the scheduler starts
2026-07-29 09:16:53,750 [INFO] apscheduler.scheduler - Added job "execute_health_checks" to job store "default"
2026-07-29 09:16:53,750 [INFO] apscheduler.scheduler - Added job "execute_health_checks" to job store "default"
2026-07-29 09:16:53,750 [INFO] apscheduler.scheduler - Added job "execute_health_checks" to job store "default"
2026-07-29 09:16:53,750 [INFO] apscheduler.scheduler - Added job "execute_health_checks" to job store "default"
2026-07-29 09:16:53,750 [INFO] apscheduler.scheduler - Added job "execute_health_checks" to job store "default"
2026-07-29 09:16:53,750 [INFO] apscheduler.scheduler - Added job "execute_health_checks" to job store "default"
2026-07-29 09:16:53,750 [INFO] apscheduler.scheduler - Added job "execute_health_checks" to job store "default"
2026-07-29 09:16:53,750 [INFO] apscheduler.scheduler - Added job "execute_health_checks" to job store "default"
2026-07-29 09:16:53,750 [INFO] apscheduler.scheduler - Scheduler started
2026-07-29 09:16:53,750 [INFO] apscheduler.scheduler - Scheduler started
2026-07-29 09:16:53,750 [INFO] apscheduler.scheduler - Scheduler started
2026-07-29 09:16:53,750 [INFO] apscheduler.scheduler - Scheduler started
2026-07-29 09:16:53,750 [INFO] apscheduler.scheduler - Scheduler started
2026-07-29 09:16:53,750 [INFO] apscheduler.scheduler - Scheduler started
2026-07-29 09:16:53,750 [INFO] apscheduler.scheduler - Scheduler started
2026-07-29 09:16:53,750 [INFO] apscheduler.scheduler - Scheduler started
2026-07-29 09:16:53,751 [INFO] scheduler - MonitoringService: Started SRE monitoring scheduler daemon
2026-07-29 09:16:53,751 [INFO] scheduler - MonitoringService: Started SRE monitoring scheduler daemon
2026-07-29 09:16:53,751 [INFO] scheduler - MonitoringService: Started SRE monitoring scheduler daemon
2026-07-29 09:16:53,751 [INFO] scheduler - MonitoringService: Started SRE monitoring scheduler daemon
2026-07-29 09:16:53,751 [INFO] scheduler - MonitoringService: Started SRE monitoring scheduler daemon
2026-07-29 09:16:53,751 [INFO] scheduler - MonitoringService: Started SRE monitoring scheduler daemon
2026-07-29 09:16:53,751 [INFO] scheduler - MonitoringService: Started SRE monitoring scheduler daemon
2026-07-29 09:16:53,751 [INFO] scheduler - MonitoringService: Started SRE monitoring scheduler daemon
2026-07-29 09:16:54,793 [INFO] scheduler - MonitoringService: Stopped SRE monitoring scheduler daemon
2026-07-29 09:16:54,793 [INFO] scheduler - MonitoringService: Stopped SRE monitoring scheduler daemon
2026-07-29 09:16:54,793 [INFO] scheduler - MonitoringService: Stopped SRE monitoring scheduler daemon
2026-07-29 09:16:54,793 [INFO] scheduler - MonitoringService: Stopped SRE monitoring scheduler daemon
2026-07-29 09:16:54,793 [INFO] scheduler - MonitoringService: Stopped SRE monitoring scheduler daemon
2026-07-29 09:16:54,793 [INFO] scheduler - MonitoringService: Stopped SRE monitoring scheduler daemon
2026-07-29 09:16:54,793 [INFO] scheduler - MonitoringService: Stopped SRE monitoring scheduler daemon
2026-07-29 09:16:54,793 [INFO] scheduler - MonitoringService: Stopped SRE monitoring scheduler daemon
2026-07-29 09:16:54,794 [INFO] apscheduler.scheduler - Scheduler has been shut down
2026-07-29 09:16:54,794 [INFO] apscheduler.scheduler - Scheduler has been shut down
2026-07-29 09:16:54,794 [INFO] apscheduler.scheduler - Scheduler has been shut down
2026-07-29 09:16:54,794 [INFO] apscheduler.scheduler - Scheduler has been shut down
2026-07-29 09:16:54,794 [INFO] apscheduler.scheduler - Scheduler has been shut down
2026-07-29 09:16:54,794 [INFO] apscheduler.scheduler - Scheduler has been shut down
2026-07-29 09:16:54,794 [INFO] apscheduler.scheduler - Scheduler has been shut down
2026-07-29 09:16:54,794 [INFO] apscheduler.scheduler - Scheduler has been shut down
2026-07-29 09:16:54,804 [INFO] apscheduler.scheduler - Adding job tentatively -- it will be properly scheduled when the scheduler starts
2026-07-29 09:16:54,804 [INFO] apscheduler.scheduler - Adding job tentatively -- it will be properly scheduled when the scheduler starts
2026-07-29 09:16:54,804 [INFO] apscheduler.scheduler - Adding job tentatively -- it will be properly scheduled when the scheduler starts
2026-07-29 09:16:54,804 [INFO] apscheduler.scheduler - Adding job tentatively -- it will be properly scheduled when the scheduler starts
2026-07-29 09:16:54,804 [INFO] apscheduler.scheduler - Adding job tentatively -- it will be properly scheduled when the scheduler starts
2026-07-29 09:16:54,804 [INFO] apscheduler.scheduler - Adding job tentatively -- it will be properly scheduled when the scheduler starts
2026-07-29 09:16:54,804 [INFO] apscheduler.scheduler - Adding job tentatively -- it will be properly scheduled when the scheduler starts
2026-07-29 09:16:54,804 [INFO] apscheduler.scheduler - Adding job tentatively -- it will be properly scheduled when the scheduler starts
2026-07-29 09:16:54,804 [INFO] apscheduler.scheduler - Adding job tentatively -- it will be properly scheduled when the scheduler starts
2026-07-29 09:16:54,805 [INFO] apscheduler.scheduler - Added job "execute_health_checks" to job store "default"
2026-07-29 09:16:54,805 [INFO] apscheduler.scheduler - Added job "execute_health_checks" to job store "default"
2026-07-29 09:16:54,805 [INFO] apscheduler.scheduler - Added job "execute_health_checks" to job store "default"
2026-07-29 09:16:54,805 [INFO] apscheduler.scheduler - Added job "execute_health_checks" to job store "default"
2026-07-29 09:16:54,805 [INFO] apscheduler.scheduler - Added job "execute_health_checks" to job store "default"
2026-07-29 09:16:54,805 [INFO] apscheduler.scheduler - Added job "execute_health_checks" to job store "default"
2026-07-29 09:16:54,805 [INFO] apscheduler.scheduler - Added job "execute_health_checks" to job store "default"
2026-07-29 09:16:54,805 [INFO] apscheduler.scheduler - Added job "execute_health_checks" to job store "default"
2026-07-29 09:16:54,805 [INFO] apscheduler.scheduler - Added job "execute_health_checks" to job store "default"
2026-07-29 09:16:54,805 [INFO] apscheduler.scheduler - Scheduler started
2026-07-29 09:16:54,805 [INFO] apscheduler.scheduler - Scheduler started
2026-07-29 09:16:54,805 [INFO] apscheduler.scheduler - Scheduler started
2026-07-29 09:16:54,805 [INFO] apscheduler.scheduler - Scheduler started
2026-07-29 09:16:54,805 [INFO] apscheduler.scheduler - Scheduler started
2026-07-29 09:16:54,805 [INFO] apscheduler.scheduler - Scheduler started
2026-07-29 09:16:54,805 [INFO] apscheduler.scheduler - Scheduler started
2026-07-29 09:16:54,805 [INFO] apscheduler.scheduler - Scheduler started
2026-07-29 09:16:54,805 [INFO] apscheduler.scheduler - Scheduler started
2026-07-29 09:16:54,806 [INFO] scheduler - MonitoringService: Started SRE monitoring scheduler daemon
2026-07-29 09:16:54,806 [INFO] scheduler - MonitoringService: Started SRE monitoring scheduler daemon
2026-07-29 09:16:54,806 [INFO] scheduler - MonitoringService: Started SRE monitoring scheduler daemon
2026-07-29 09:16:54,806 [INFO] scheduler - MonitoringService: Started SRE monitoring scheduler daemon
2026-07-29 09:16:54,806 [INFO] scheduler - MonitoringService: Started SRE monitoring scheduler daemon
2026-07-29 09:16:54,806 [INFO] scheduler - MonitoringService: Started SRE monitoring scheduler daemon
2026-07-29 09:16:54,806 [INFO] scheduler - MonitoringService: Started SRE monitoring scheduler daemon
2026-07-29 09:16:54,806 [INFO] scheduler - MonitoringService: Started SRE monitoring scheduler daemon
2026-07-29 09:16:54,806 [INFO] scheduler - MonitoringService: Started SRE monitoring scheduler daemon
2026-07-29 09:16:55,637 [INFO] scheduler - MonitoringService: Stopped SRE monitoring scheduler daemon
2026-07-29 09:16:55,637 [INFO] scheduler - MonitoringService: Stopped SRE monitoring scheduler daemon
2026-07-29 09:16:55,637 [INFO] scheduler - MonitoringService: Stopped SRE monitoring scheduler daemon
2026-07-29 09:16:55,637 [INFO] scheduler - MonitoringService: Stopped SRE monitoring scheduler daemon
2026-07-29 09:16:55,637 [INFO] scheduler - MonitoringService: Stopped SRE monitoring scheduler daemon
2026-07-29 09:16:55,637 [INFO] scheduler - MonitoringService: Stopped SRE monitoring scheduler daemon
2026-07-29 09:16:55,637 [INFO] scheduler - MonitoringService: Stopped SRE monitoring scheduler daemon
2026-07-29 09:16:55,637 [INFO] scheduler - MonitoringService: Stopped SRE monitoring scheduler daemon
2026-07-29 09:16:55,637 [INFO] scheduler - MonitoringService: Stopped SRE monitoring scheduler daemon
2026-07-29 09:16:55,638 [INFO] apscheduler.scheduler - Scheduler has been shut down
2026-07-29 09:16:55,638 [INFO] apscheduler.scheduler - Scheduler has been shut down
2026-07-29 09:16:55,638 [INFO] apscheduler.scheduler - Scheduler has been shut down
2026-07-29 09:16:55,638 [INFO] apscheduler.scheduler - Scheduler has been shut down
2026-07-29 09:16:55,638 [INFO] apscheduler.scheduler - Scheduler has been shut down
2026-07-29 09:16:55,638 [INFO] apscheduler.scheduler - Scheduler has been shut down
2026-07-29 09:16:55,638 [INFO] apscheduler.scheduler - Scheduler has been shut down
2026-07-29 09:16:55,638 [INFO] apscheduler.scheduler - Scheduler has been shut down
2026-07-29 09:16:55,638 [INFO] apscheduler.scheduler - Scheduler has been shut down
2026-07-29 09:16:55,859 [INFO] apscheduler.scheduler - Adding job tentatively -- it will be properly scheduled when the scheduler starts
2026-07-29 09:16:55,859 [INFO] apscheduler.scheduler - Adding job tentatively -- it will be properly scheduled when the scheduler starts
2026-07-29 09:16:55,859 [INFO] apscheduler.scheduler - Adding job tentatively -- it will be properly scheduled when the scheduler starts
2026-07-29 09:16:55,859 [INFO] apscheduler.scheduler - Adding job tentatively -- it will be properly scheduled when the scheduler starts
2026-07-29 09:16:55,859 [INFO] apscheduler.scheduler - Adding job tentatively -- it will be properly scheduled when the scheduler starts
2026-07-29 09:16:55,859 [INFO] apscheduler.scheduler - Adding job tentatively -- it will be properly scheduled when the scheduler starts
2026-07-29 09:16:55,859 [INFO] apscheduler.scheduler - Adding job tentatively -- it will be properly scheduled when the scheduler starts
2026-07-29 09:16:55,859 [INFO] apscheduler.scheduler - Adding job tentatively -- it will be properly scheduled when the scheduler starts
2026-07-29 09:16:55,859 [INFO] apscheduler.scheduler - Adding job tentatively -- it will be properly scheduled when the scheduler starts
2026-07-29 09:16:55,859 [INFO] apscheduler.scheduler - Adding job tentatively -- it will be properly scheduled when the scheduler starts
2026-07-29 09:16:55,859 [INFO] apscheduler.scheduler - Added job "execute_health_checks" to job store "default"
2026-07-29 09:16:55,859 [INFO] apscheduler.scheduler - Added job "execute_health_checks" to job store "default"
2026-07-29 09:16:55,859 [INFO] apscheduler.scheduler - Added job "execute_health_checks" to job store "default"
2026-07-29 09:16:55,859 [INFO] apscheduler.scheduler - Added job "execute_health_checks" to job store "default"
2026-07-29 09:16:55,859 [INFO] apscheduler.scheduler - Added job "execute_health_checks" to job store "default"
2026-07-29 09:16:55,859 [INFO] apscheduler.scheduler - Added job "execute_health_checks" to job store "default"
2026-07-29 09:16:55,859 [INFO] apscheduler.scheduler - Added job "execute_health_checks" to job store "default"
2026-07-29 09:16:55,859 [INFO] apscheduler.scheduler - Added job "execute_health_checks" to job store "default"
2026-07-29 09:16:55,859 [INFO] apscheduler.scheduler - Added job "execute_health_checks" to job store "default"
2026-07-29 09:16:55,859 [INFO] apscheduler.scheduler - Added job "execute_health_checks" to job store "default"
2026-07-29 09:16:55,861 [INFO] apscheduler.scheduler - Scheduler started
2026-07-29 09:16:55,861 [INFO] apscheduler.scheduler - Scheduler started
2026-07-29 09:16:55,861 [INFO] apscheduler.scheduler - Scheduler started
2026-07-29 09:16:55,861 [INFO] apscheduler.scheduler - Scheduler started
2026-07-29 09:16:55,861 [INFO] apscheduler.scheduler - Scheduler started
2026-07-29 09:16:55,861 [INFO] apscheduler.scheduler - Scheduler started
2026-07-29 09:16:55,861 [INFO] apscheduler.scheduler - Scheduler started
2026-07-29 09:16:55,861 [INFO] apscheduler.scheduler - Scheduler started
2026-07-29 09:16:55,861 [INFO] apscheduler.scheduler - Scheduler started
2026-07-29 09:16:55,861 [INFO] apscheduler.scheduler - Scheduler started
2026-07-29 09:16:55,862 [INFO] scheduler - MonitoringService: Started SRE monitoring scheduler daemon
2026-07-29 09:16:55,862 [INFO] scheduler - MonitoringService: Started SRE monitoring scheduler daemon
2026-07-29 09:16:55,862 [INFO] scheduler - MonitoringService: Started SRE monitoring scheduler daemon
2026-07-29 09:16:55,862 [INFO] scheduler - MonitoringService: Started SRE monitoring scheduler daemon
2026-07-29 09:16:55,862 [INFO] scheduler - MonitoringService: Started SRE monitoring scheduler daemon
2026-07-29 09:16:55,862 [INFO] scheduler - MonitoringService: Started SRE monitoring scheduler daemon
2026-07-29 09:16:55,862 [INFO] scheduler - MonitoringService: Started SRE monitoring scheduler daemon
2026-07-29 09:16:55,862 [INFO] scheduler - MonitoringService: Started SRE monitoring scheduler daemon
2026-07-29 09:16:55,862 [INFO] scheduler - MonitoringService: Started SRE monitoring scheduler daemon
2026-07-29 09:16:55,862 [INFO] scheduler - MonitoringService: Started SRE monitoring scheduler daemon
2026-07-29 09:16:56,808 [INFO] scheduler - MonitoringService: Stopped SRE monitoring scheduler daemon
2026-07-29 09:16:56,808 [INFO] scheduler - MonitoringService: Stopped SRE monitoring scheduler daemon
2026-07-29 09:16:56,808 [INFO] scheduler - MonitoringService: Stopped SRE monitoring scheduler daemon
2026-07-29 09:16:56,808 [INFO] scheduler - MonitoringService: Stopped SRE monitoring scheduler daemon
2026-07-29 09:16:56,808 [INFO] scheduler - MonitoringService: Stopped SRE monitoring scheduler daemon
2026-07-29 09:16:56,808 [INFO] scheduler - MonitoringService: Stopped SRE monitoring scheduler daemon
2026-07-29 09:16:56,808 [INFO] scheduler - MonitoringService: Stopped SRE monitoring scheduler daemon
2026-07-29 09:16:56,808 [INFO] scheduler - MonitoringService: Stopped SRE monitoring scheduler daemon
2026-07-29 09:16:56,808 [INFO] scheduler - MonitoringService: Stopped SRE monitoring scheduler daemon
2026-07-29 09:16:56,808 [INFO] scheduler - MonitoringService: Stopped SRE monitoring scheduler daemon
2026-07-29 09:16:56,809 [INFO] apscheduler.scheduler - Scheduler has been shut down
2026-07-29 09:16:56,809 [INFO] apscheduler.scheduler - Scheduler has been shut down
2026-07-29 09:16:56,809 [INFO] apscheduler.scheduler - Scheduler has been shut down
2026-07-29 09:16:56,809 [INFO] apscheduler.scheduler - Scheduler has been shut down
2026-07-29 09:16:56,809 [INFO] apscheduler.scheduler - Scheduler has been shut down
2026-07-29 09:16:56,809 [INFO] apscheduler.scheduler - Scheduler has been shut down
2026-07-29 09:16:56,809 [INFO] apscheduler.scheduler - Scheduler has been shut down
2026-07-29 09:16:56,809 [INFO] apscheduler.scheduler - Scheduler has been shut down
2026-07-29 09:16:56,809 [INFO] apscheduler.scheduler - Scheduler has been shut down
2026-07-29 09:16:56,809 [INFO] apscheduler.scheduler - Scheduler has been shut down
2026-07-29 09:16:56,824 [INFO] apscheduler.scheduler - Adding job tentatively -- it will be properly scheduled when the scheduler starts
2026-07-29 09:16:56,824 [INFO] apscheduler.scheduler - Adding job tentatively -- it will be properly scheduled when the scheduler starts
2026-07-29 09:16:56,824 [INFO] apscheduler.scheduler - Adding job tentatively -- it will be properly scheduled when the scheduler starts
2026-07-29 09:16:56,824 [INFO] apscheduler.scheduler - Adding job tentatively -- it will be properly scheduled when the scheduler starts
2026-07-29 09:16:56,824 [INFO] apscheduler.scheduler - Adding job tentatively -- it will be properly scheduled when the scheduler starts
2026-07-29 09:16:56,824 [INFO] apscheduler.scheduler - Adding job tentatively -- it will be properly scheduled when the scheduler starts
2026-07-29 09:16:56,824 [INFO] apscheduler.scheduler - Adding job tentatively -- it will be properly scheduled when the scheduler starts
2026-07-29 09:16:56,824 [INFO] apscheduler.scheduler - Adding job tentatively -- it will be properly scheduled when the scheduler starts
2026-07-29 09:16:56,824 [INFO] apscheduler.scheduler - Adding job tentatively -- it will be properly scheduled when the scheduler starts
2026-07-29 09:16:56,824 [INFO] apscheduler.scheduler - Adding job tentatively -- it will be properly scheduled when the scheduler starts
2026-07-29 09:16:56,824 [INFO] apscheduler.scheduler - Adding job tentatively -- it will be properly scheduled when the scheduler starts
2026-07-29 09:16:56,825 [INFO] apscheduler.scheduler - Added job "execute_health_checks" to job store "default"
2026-07-29 09:16:56,825 [INFO] apscheduler.scheduler - Added job "execute_health_checks" to job store "default"
2026-07-29 09:16:56,825 [INFO] apscheduler.scheduler - Added job "execute_health_checks" to job store "default"
2026-07-29 09:16:56,825 [INFO] apscheduler.scheduler - Added job "execute_health_checks" to job store "default"
2026-07-29 09:16:56,825 [INFO] apscheduler.scheduler - Added job "execute_health_checks" to job store "default"
2026-07-29 09:16:56,825 [INFO] apscheduler.scheduler - Added job "execute_health_checks" to job store "default"
2026-07-29 09:16:56,825 [INFO] apscheduler.scheduler - Added job "execute_health_checks" to job store "default"
2026-07-29 09:16:56,825 [INFO] apscheduler.scheduler - Added job "execute_health_checks" to job store "default"
2026-07-29 09:16:56,825 [INFO] apscheduler.scheduler - Added job "execute_health_checks" to job store "default"
2026-07-29 09:16:56,825 [INFO] apscheduler.scheduler - Added job "execute_health_checks" to job store "default"
2026-07-29 09:16:56,825 [INFO] apscheduler.scheduler - Added job "execute_health_checks" to job store "default"
2026-07-29 09:16:56,827 [INFO] apscheduler.scheduler - Scheduler started
2026-07-29 09:16:56,827 [INFO] apscheduler.scheduler - Scheduler started
2026-07-29 09:16:56,827 [INFO] apscheduler.scheduler - Scheduler started
2026-07-29 09:16:56,827 [INFO] apscheduler.scheduler - Scheduler started
2026-07-29 09:16:56,827 [INFO] apscheduler.scheduler - Scheduler started
2026-07-29 09:16:56,827 [INFO] apscheduler.scheduler - Scheduler started
2026-07-29 09:16:56,827 [INFO] apscheduler.scheduler - Scheduler started
2026-07-29 09:16:56,827 [INFO] apscheduler.scheduler - Scheduler started
2026-07-29 09:16:56,827 [INFO] apscheduler.scheduler - Scheduler started
2026-07-29 09:16:56,827 [INFO] apscheduler.scheduler - Scheduler started
2026-07-29 09:16:56,827 [INFO] apscheduler.scheduler - Scheduler started
2026-07-29 09:16:56,830 [INFO] scheduler - MonitoringService: Started SRE monitoring scheduler daemon
2026-07-29 09:16:56,830 [INFO] scheduler - MonitoringService: Started SRE monitoring scheduler daemon
2026-07-29 09:16:56,830 [INFO] scheduler - MonitoringService: Started SRE monitoring scheduler daemon
2026-07-29 09:16:56,830 [INFO] scheduler - MonitoringService: Started SRE monitoring scheduler daemon
2026-07-29 09:16:56,830 [INFO] scheduler - MonitoringService: Started SRE monitoring scheduler daemon
2026-07-29 09:16:56,830 [INFO] scheduler - MonitoringService: Started SRE monitoring scheduler daemon
2026-07-29 09:16:56,830 [INFO] scheduler - MonitoringService: Started SRE monitoring scheduler daemon
2026-07-29 09:16:56,830 [INFO] scheduler - MonitoringService: Started SRE monitoring scheduler daemon
2026-07-29 09:16:56,830 [INFO] scheduler - MonitoringService: Started SRE monitoring scheduler daemon
2026-07-29 09:16:56,830 [INFO] scheduler - MonitoringService: Started SRE monitoring scheduler daemon
2026-07-29 09:16:56,830 [INFO] scheduler - MonitoringService: Started SRE monitoring scheduler daemon
2026-07-29 09:16:57,562 [INFO] scheduler - MonitoringService: Stopped SRE monitoring scheduler daemon
2026-07-29 09:16:57,562 [INFO] scheduler - MonitoringService: Stopped SRE monitoring scheduler daemon
2026-07-29 09:16:57,562 [INFO] scheduler - MonitoringService: Stopped SRE monitoring scheduler daemon
2026-07-29 09:16:57,562 [INFO] scheduler - MonitoringService: Stopped SRE monitoring scheduler daemon
2026-07-29 09:16:57,562 [INFO] scheduler - MonitoringService: Stopped SRE monitoring scheduler daemon
2026-07-29 09:16:57,562 [INFO] scheduler - MonitoringService: Stopped SRE monitoring scheduler daemon
2026-07-29 09:16:57,562 [INFO] scheduler - MonitoringService: Stopped SRE monitoring scheduler daemon
2026-07-29 09:16:57,562 [INFO] scheduler - MonitoringService: Stopped SRE monitoring scheduler daemon
2026-07-29 09:16:57,562 [INFO] scheduler - MonitoringService: Stopped SRE monitoring scheduler daemon
2026-07-29 09:16:57,562 [INFO] scheduler - MonitoringService: Stopped SRE monitoring scheduler daemon
2026-07-29 09:16:57,562 [INFO] scheduler - MonitoringService: Stopped SRE monitoring scheduler daemon
2026-07-29 09:16:57,563 [INFO] apscheduler.scheduler - Scheduler has been shut down
2026-07-29 09:16:57,563 [INFO] apscheduler.scheduler - Scheduler has been shut down
2026-07-29 09:16:57,563 [INFO] apscheduler.scheduler - Scheduler has been shut down
2026-07-29 09:16:57,563 [INFO] apscheduler.scheduler - Scheduler has been shut down
2026-07-29 09:16:57,563 [INFO] apscheduler.scheduler - Scheduler has been shut down
2026-07-29 09:16:57,563 [INFO] apscheduler.scheduler - Scheduler has been shut down
2026-07-29 09:16:57,563 [INFO] apscheduler.scheduler - Scheduler has been shut down
2026-07-29 09:16:57,563 [INFO] apscheduler.scheduler - Scheduler has been shut down
2026-07-29 09:16:57,563 [INFO] apscheduler.scheduler - Scheduler has been shut down
2026-07-29 09:16:57,563 [INFO] apscheduler.scheduler - Scheduler has been shut down
2026-07-29 09:16:57,563 [INFO] apscheduler.scheduler - Scheduler has been shut down
2026-07-29 09:16:57,576 [INFO] apscheduler.scheduler - Adding job tentatively -- it will be properly scheduled when the scheduler starts
2026-07-29 09:16:57,576 [INFO] apscheduler.scheduler - Adding job tentatively -- it will be properly scheduled when the scheduler starts
2026-07-29 09:16:57,576 [INFO] apscheduler.scheduler - Adding job tentatively -- it will be properly scheduled when the scheduler starts
2026-07-29 09:16:57,576 [INFO] apscheduler.scheduler - Adding job tentatively -- it will be properly scheduled when the scheduler starts
2026-07-29 09:16:57,576 [INFO] apscheduler.scheduler - Adding job tentatively -- it will be properly scheduled when the scheduler starts
2026-07-29 09:16:57,576 [INFO] apscheduler.scheduler - Adding job tentatively -- it will be properly scheduled when the scheduler starts
2026-07-29 09:16:57,576 [INFO] apscheduler.scheduler - Adding job tentatively -- it will be properly scheduled when the scheduler starts
2026-07-29 09:16:57,576 [INFO] apscheduler.scheduler - Adding job tentatively -- it will be properly scheduled when the scheduler starts
2026-07-29 09:16:57,576 [INFO] apscheduler.scheduler - Adding job tentatively -- it will be properly scheduled when the scheduler starts
2026-07-29 09:16:57,576 [INFO] apscheduler.scheduler - Adding job tentatively -- it will be properly scheduled when the scheduler starts
2026-07-29 09:16:57,576 [INFO] apscheduler.scheduler - Adding job tentatively -- it will be properly scheduled when the scheduler starts
2026-07-29 09:16:57,576 [INFO] apscheduler.scheduler - Adding job tentatively -- it will be properly scheduled when the scheduler starts
2026-07-29 09:16:57,577 [INFO] apscheduler.scheduler - Added job "execute_health_checks" to job store "default"
2026-07-29 09:16:57,577 [INFO] apscheduler.scheduler - Added job "execute_health_checks" to job store "default"
2026-07-29 09:16:57,577 [INFO] apscheduler.scheduler - Added job "execute_health_checks" to job store "default"
2026-07-29 09:16:57,577 [INFO] apscheduler.scheduler - Added job "execute_health_checks" to job store "default"
2026-07-29 09:16:57,577 [INFO] apscheduler.scheduler - Added job "execute_health_checks" to job store "default"
2026-07-29 09:16:57,577 [INFO] apscheduler.scheduler - Added job "execute_health_checks" to job store "default"
2026-07-29 09:16:57,577 [INFO] apscheduler.scheduler - Added job "execute_health_checks" to job store "default"
2026-07-29 09:16:57,577 [INFO] apscheduler.scheduler - Added job "execute_health_checks" to job store "default"
2026-07-29 09:16:57,577 [INFO] apscheduler.scheduler - Added job "execute_health_checks" to job store "default"
2026-07-29 09:16:57,577 [INFO] apscheduler.scheduler - Added job "execute_health_checks" to job store "default"
2026-07-29 09:16:57,577 [INFO] apscheduler.scheduler - Added job "execute_health_checks" to job store "default"
2026-07-29 09:16:57,577 [INFO] apscheduler.scheduler - Added job "execute_health_checks" to job store "default"
2026-07-29 09:16:57,578 [INFO] apscheduler.scheduler - Scheduler started
2026-07-29 09:16:57,578 [INFO] apscheduler.scheduler - Scheduler started
2026-07-29 09:16:57,578 [INFO] apscheduler.scheduler - Scheduler started
2026-07-29 09:16:57,578 [INFO] apscheduler.scheduler - Scheduler started
2026-07-29 09:16:57,578 [INFO] apscheduler.scheduler - Scheduler started
2026-07-29 09:16:57,578 [INFO] apscheduler.scheduler - Scheduler started
2026-07-29 09:16:57,578 [INFO] apscheduler.scheduler - Scheduler started
2026-07-29 09:16:57,578 [INFO] apscheduler.scheduler - Scheduler started
2026-07-29 09:16:57,578 [INFO] apscheduler.scheduler - Scheduler started
2026-07-29 09:16:57,578 [INFO] apscheduler.scheduler - Scheduler started
2026-07-29 09:16:57,578 [INFO] apscheduler.scheduler - Scheduler started
2026-07-29 09:16:57,578 [INFO] apscheduler.scheduler - Scheduler started
2026-07-29 09:16:57,579 [INFO] scheduler - MonitoringService: Started SRE monitoring scheduler daemon
2026-07-29 09:16:57,579 [INFO] scheduler - MonitoringService: Started SRE monitoring scheduler daemon
2026-07-29 09:16:57,579 [INFO] scheduler - MonitoringService: Started SRE monitoring scheduler daemon
2026-07-29 09:16:57,579 [INFO] scheduler - MonitoringService: Started SRE monitoring scheduler daemon
2026-07-29 09:16:57,579 [INFO] scheduler - MonitoringService: Started SRE monitoring scheduler daemon
2026-07-29 09:16:57,579 [INFO] scheduler - MonitoringService: Started SRE monitoring scheduler daemon
2026-07-29 09:16:57,579 [INFO] scheduler - MonitoringService: Started SRE monitoring scheduler daemon
2026-07-29 09:16:57,579 [INFO] scheduler - MonitoringService: Started SRE monitoring scheduler daemon
2026-07-29 09:16:57,579 [INFO] scheduler - MonitoringService: Started SRE monitoring scheduler daemon
2026-07-29 09:16:57,579 [INFO] scheduler - MonitoringService: Started SRE monitoring scheduler daemon
2026-07-29 09:16:57,579 [INFO] scheduler - MonitoringService: Started SRE monitoring scheduler daemon
2026-07-29 09:16:57,579 [INFO] scheduler - MonitoringService: Started SRE monitoring scheduler daemon
2026-07-29 09:16:58,499 [INFO] scheduler - MonitoringService: Stopped SRE monitoring scheduler daemon
2026-07-29 09:16:58,499 [INFO] scheduler - MonitoringService: Stopped SRE monitoring scheduler daemon
2026-07-29 09:16:58,499 [INFO] scheduler - MonitoringService: Stopped SRE monitoring scheduler daemon
2026-07-29 09:16:58,499 [INFO] scheduler - MonitoringService: Stopped SRE monitoring scheduler daemon
2026-07-29 09:16:58,499 [INFO] scheduler - MonitoringService: Stopped SRE monitoring scheduler daemon
2026-07-29 09:16:58,499 [INFO] scheduler - MonitoringService: Stopped SRE monitoring scheduler daemon
2026-07-29 09:16:58,499 [INFO] scheduler - MonitoringService: Stopped SRE monitoring scheduler daemon
2026-07-29 09:16:58,499 [INFO] scheduler - MonitoringService: Stopped SRE monitoring scheduler daemon
2026-07-29 09:16:58,499 [INFO] scheduler - MonitoringService: Stopped SRE monitoring scheduler daemon
2026-07-29 09:16:58,499 [INFO] scheduler - MonitoringService: Stopped SRE monitoring scheduler daemon
2026-07-29 09:16:58,499 [INFO] scheduler - MonitoringService: Stopped SRE monitoring scheduler daemon
2026-07-29 09:16:58,499 [INFO] scheduler - MonitoringService: Stopped SRE monitoring scheduler daemon
2026-07-29 09:16:58,499 [INFO] apscheduler.scheduler - Scheduler has been shut down
2026-07-29 09:16:58,499 [INFO] apscheduler.scheduler - Scheduler has been shut down
2026-07-29 09:16:58,499 [INFO] apscheduler.scheduler - Scheduler has been shut down
2026-07-29 09:16:58,499 [INFO] apscheduler.scheduler - Scheduler has been shut down
2026-07-29 09:16:58,499 [INFO] apscheduler.scheduler - Scheduler has been shut down
2026-07-29 09:16:58,499 [INFO] apscheduler.scheduler - Scheduler has been shut down
2026-07-29 09:16:58,499 [INFO] apscheduler.scheduler - Scheduler has been shut down
2026-07-29 09:16:58,499 [INFO] apscheduler.scheduler - Scheduler has been shut down
2026-07-29 09:16:58,499 [INFO] apscheduler.scheduler - Scheduler has been shut down
2026-07-29 09:16:58,499 [INFO] apscheduler.scheduler - Scheduler has been shut down
2026-07-29 09:16:58,499 [INFO] apscheduler.scheduler - Scheduler has been shut down
2026-07-29 09:16:58,499 [INFO] apscheduler.scheduler - Scheduler has been shut down
2026-07-29 09:16:58,514 [INFO] apscheduler.scheduler - Adding job tentatively -- it will be properly scheduled when the scheduler starts
2026-07-29 09:16:58,514 [INFO] apscheduler.scheduler - Adding job tentatively -- it will be properly scheduled when the scheduler starts
2026-07-29 09:16:58,514 [INFO] apscheduler.scheduler - Adding job tentatively -- it will be properly scheduled when the scheduler starts
2026-07-29 09:16:58,514 [INFO] apscheduler.scheduler - Adding job tentatively -- it will be properly scheduled when the scheduler starts
2026-07-29 09:16:58,514 [INFO] apscheduler.scheduler - Adding job tentatively -- it will be properly scheduled when the scheduler starts
2026-07-29 09:16:58,514 [INFO] apscheduler.scheduler - Adding job tentatively -- it will be properly scheduled when the scheduler starts
2026-07-29 09:16:58,514 [INFO] apscheduler.scheduler - Adding job tentatively -- it will be properly scheduled when the scheduler starts
2026-07-29 09:16:58,514 [INFO] apscheduler.scheduler - Adding job tentatively -- it will be properly scheduled when the scheduler starts
2026-07-29 09:16:58,514 [INFO] apscheduler.scheduler - Adding job tentatively -- it will be properly scheduled when the scheduler starts
2026-07-29 09:16:58,514 [INFO] apscheduler.scheduler - Adding job tentatively -- it will be properly scheduled when the scheduler starts
2026-07-29 09:16:58,514 [INFO] apscheduler.scheduler - Adding job tentatively -- it will be properly scheduled when the scheduler starts
2026-07-29 09:16:58,514 [INFO] apscheduler.scheduler - Adding job tentatively -- it will be properly scheduled when the scheduler starts
2026-07-29 09:16:58,514 [INFO] apscheduler.scheduler - Adding job tentatively -- it will be properly scheduled when the scheduler starts
2026-07-29 09:16:58,514 [INFO] apscheduler.scheduler - Added job "execute_health_checks" to job store "default"
2026-07-29 09:16:58,514 [INFO] apscheduler.scheduler - Added job "execute_health_checks" to job store "default"
2026-07-29 09:16:58,514 [INFO] apscheduler.scheduler - Added job "execute_health_checks" to job store "default"
2026-07-29 09:16:58,514 [INFO] apscheduler.scheduler - Added job "execute_health_checks" to job store "default"
2026-07-29 09:16:58,514 [INFO] apscheduler.scheduler - Added job "execute_health_checks" to job store "default"
2026-07-29 09:16:58,514 [INFO] apscheduler.scheduler - Added job "execute_health_checks" to job store "default"
2026-07-29 09:16:58,514 [INFO] apscheduler.scheduler - Added job "execute_health_checks" to job store "default"
2026-07-29 09:16:58,514 [INFO] apscheduler.scheduler - Added job "execute_health_checks" to job store "default"
2026-07-29 09:16:58,514 [INFO] apscheduler.scheduler - Added job "execute_health_checks" to job store "default"
2026-07-29 09:16:58,514 [INFO] apscheduler.scheduler - Added job "execute_health_checks" to job store "default"
2026-07-29 09:16:58,514 [INFO] apscheduler.scheduler - Added job "execute_health_checks" to job store "default"
2026-07-29 09:16:58,514 [INFO] apscheduler.scheduler - Added job "execute_health_checks" to job store "default"
2026-07-29 09:16:58,514 [INFO] apscheduler.scheduler - Added job "execute_health_checks" to job store "default"
2026-07-29 09:16:58,515 [INFO] apscheduler.scheduler - Scheduler started
2026-07-29 09:16:58,515 [INFO] apscheduler.scheduler - Scheduler started
2026-07-29 09:16:58,515 [INFO] apscheduler.scheduler - Scheduler started
2026-07-29 09:16:58,515 [INFO] apscheduler.scheduler - Scheduler started
2026-07-29 09:16:58,515 [INFO] apscheduler.scheduler - Scheduler started
2026-07-29 09:16:58,515 [INFO] apscheduler.scheduler - Scheduler started
2026-07-29 09:16:58,515 [INFO] apscheduler.scheduler - Scheduler started
2026-07-29 09:16:58,515 [INFO] apscheduler.scheduler - Scheduler started
2026-07-29 09:16:58,515 [INFO] apscheduler.scheduler - Scheduler started
2026-07-29 09:16:58,515 [INFO] apscheduler.scheduler - Scheduler started
2026-07-29 09:16:58,515 [INFO] apscheduler.scheduler - Scheduler started
2026-07-29 09:16:58,515 [INFO] apscheduler.scheduler - Scheduler started
2026-07-29 09:16:58,515 [INFO] apscheduler.scheduler - Scheduler started
2026-07-29 09:16:58,517 [INFO] scheduler - MonitoringService: Started SRE monitoring scheduler daemon
2026-07-29 09:16:58,517 [INFO] scheduler - MonitoringService: Started SRE monitoring scheduler daemon
2026-07-29 09:16:58,517 [INFO] scheduler - MonitoringService: Started SRE monitoring scheduler daemon
2026-07-29 09:16:58,517 [INFO] scheduler - MonitoringService: Started SRE monitoring scheduler daemon
2026-07-29 09:16:58,517 [INFO] scheduler - MonitoringService: Started SRE monitoring scheduler daemon
2026-07-29 09:16:58,517 [INFO] scheduler - MonitoringService: Started SRE monitoring scheduler daemon
2026-07-29 09:16:58,517 [INFO] scheduler - MonitoringService: Started SRE monitoring scheduler daemon
2026-07-29 09:16:58,517 [INFO] scheduler - MonitoringService: Started SRE monitoring scheduler daemon
2026-07-29 09:16:58,517 [INFO] scheduler - MonitoringService: Started SRE monitoring scheduler daemon
2026-07-29 09:16:58,517 [INFO] scheduler - MonitoringService: Started SRE monitoring scheduler daemon
2026-07-29 09:16:58,517 [INFO] scheduler - MonitoringService: Started SRE monitoring scheduler daemon
2026-07-29 09:16:58,517 [INFO] scheduler - MonitoringService: Started SRE monitoring scheduler daemon
2026-07-29 09:16:58,517 [INFO] scheduler - MonitoringService: Started SRE monitoring scheduler daemon
2026-07-29 09:16:59,567 [INFO] scheduler - MonitoringService: Stopped SRE monitoring scheduler daemon
2026-07-29 09:16:59,567 [INFO] scheduler - MonitoringService: Stopped SRE monitoring scheduler daemon
2026-07-29 09:16:59,567 [INFO] scheduler - MonitoringService: Stopped SRE monitoring scheduler daemon
2026-07-29 09:16:59,567 [INFO] scheduler - MonitoringService: Stopped SRE monitoring scheduler daemon
2026-07-29 09:16:59,567 [INFO] scheduler - MonitoringService: Stopped SRE monitoring scheduler daemon
2026-07-29 09:16:59,567 [INFO] scheduler - MonitoringService: Stopped SRE monitoring scheduler daemon
2026-07-29 09:16:59,567 [INFO] scheduler - MonitoringService: Stopped SRE monitoring scheduler daemon
2026-07-29 09:16:59,567 [INFO] scheduler - MonitoringService: Stopped SRE monitoring scheduler daemon
2026-07-29 09:16:59,567 [INFO] scheduler - MonitoringService: Stopped SRE monitoring scheduler daemon
2026-07-29 09:16:59,567 [INFO] scheduler - MonitoringService: Stopped SRE monitoring scheduler daemon
2026-07-29 09:16:59,567 [INFO] scheduler - MonitoringService: Stopped SRE monitoring scheduler daemon
2026-07-29 09:16:59,567 [INFO] scheduler - MonitoringService: Stopped SRE monitoring scheduler daemon
2026-07-29 09:16:59,567 [INFO] scheduler - MonitoringService: Stopped SRE monitoring scheduler daemon
2026-07-29 09:16:59,568 [INFO] apscheduler.scheduler - Scheduler has been shut down
2026-07-29 09:16:59,568 [INFO] apscheduler.scheduler - Scheduler has been shut down
2026-07-29 09:16:59,568 [INFO] apscheduler.scheduler - Scheduler has been shut down
2026-07-29 09:16:59,568 [INFO] apscheduler.scheduler - Scheduler has been shut down
2026-07-29 09:16:59,568 [INFO] apscheduler.scheduler - Scheduler has been shut down
2026-07-29 09:16:59,568 [INFO] apscheduler.scheduler - Scheduler has been shut down
2026-07-29 09:16:59,568 [INFO] apscheduler.scheduler - Scheduler has been shut down
2026-07-29 09:16:59,568 [INFO] apscheduler.scheduler - Scheduler has been shut down
2026-07-29 09:16:59,568 [INFO] apscheduler.scheduler - Scheduler has been shut down
2026-07-29 09:16:59,568 [INFO] apscheduler.scheduler - Scheduler has been shut down
2026-07-29 09:16:59,568 [INFO] apscheduler.scheduler - Scheduler has been shut down
2026-07-29 09:16:59,568 [INFO] apscheduler.scheduler - Scheduler has been shut down
2026-07-29 09:16:59,568 [INFO] apscheduler.scheduler - Scheduler has been shut down
2026-07-29 09:24:30,972 [INFO] apscheduler.scheduler - Adding job tentatively -- it will be properly scheduled when the scheduler starts
2026-07-29 09:24:30,977 [INFO] apscheduler.scheduler - Added job "execute_health_checks" to job store "default"
2026-07-29 09:24:30,978 [INFO] apscheduler.scheduler - Scheduler started
2026-07-29 09:24:30,979 [INFO] scheduler - MonitoringService: Started SRE monitoring scheduler daemon
2026-07-29 09:24:45,981 [INFO] apscheduler.executors.default - Running job "execute_health_checks (trigger: interval[0:00:15], next run at: 2026-07-29 09:25:00 IST)" (scheduled at 2026-07-29 09:24:45.972273+05:30)
2026-07-29 09:24:46,093 [ERROR] scheduler - MonitoringService: Error in check scheduler execution: (psycopg2.OperationalError) connection to server at "localhost" (::1), port 5432 failed: FATAL:  password authentication failed for user "postgres"

(Background on this error at: https://sqlalche.me/e/20/e3q8)
Traceback (most recent call last):
  File "C:\Users\danes\OneDrive\Desktop\Healthcheck-project\health-dashboard\venv\lib\site-packages\sqlalchemy\engine\base.py", line 144, in __init__
    self._dbapi_connection = engine.raw_connection()
  File "C:\Users\danes\OneDrive\Desktop\Healthcheck-project\health-dashboard\venv\lib\site-packages\sqlalchemy\engine\base.py", line 3319, in raw_connection
    return self.pool.connect()
  File "C:\Users\danes\OneDrive\Desktop\Healthcheck-project\health-dashboard\venv\lib\site-packages\sqlalchemy\pool\base.py", line 448, in connect
    return _ConnectionFairy._checkout(self)
  File "C:\Users\danes\OneDrive\Desktop\Healthcheck-project\health-dashboard\venv\lib\site-packages\sqlalchemy\pool\base.py", line 1272, in _checkout
    fairy = _ConnectionRecord.checkout(pool)
  File "C:\Users\danes\OneDrive\Desktop\Healthcheck-project\health-dashboard\venv\lib\site-packages\sqlalchemy\pool\base.py", line 712, in checkout
    rec = pool._do_get()
  File "C:\Users\danes\OneDrive\Desktop\Healthcheck-project\health-dashboard\venv\lib\site-packages\sqlalchemy\pool\impl.py", line 179, in _do_get
    self._dec_overflow()
  File "C:\Users\danes\OneDrive\Desktop\Healthcheck-project\health-dashboard\venv\lib\site-packages\sqlalchemy\util\langhelpers.py", line 122, in __exit__
    raise exc_value.with_traceback(exc_tb)
  File "C:\Users\danes\OneDrive\Desktop\Healthcheck-project\health-dashboard\venv\lib\site-packages\sqlalchemy\pool\impl.py", line 176, in _do_get
    return self._create_connection()
  File "C:\Users\danes\OneDrive\Desktop\Healthcheck-project\health-dashboard\venv\lib\site-packages\sqlalchemy\pool\base.py", line 389, in _create_connection
    return _ConnectionRecord(self)
  File "C:\Users\danes\OneDrive\Desktop\Healthcheck-project\health-dashboard\venv\lib\site-packages\sqlalchemy\pool\base.py", line 674, in __init__
    self.__connect()
  File "C:\Users\danes\OneDrive\Desktop\Healthcheck-project\health-dashboard\venv\lib\site-packages\sqlalchemy\pool\base.py", line 901, in __connect
    pool.logger.debug("Error on connect(): %s", e)
  File "C:\Users\danes\OneDrive\Desktop\Healthcheck-project\health-dashboard\venv\lib\site-packages\sqlalchemy\util\langhelpers.py", line 122, in __exit__
    raise exc_value.with_traceback(exc_tb)
  File "C:\Users\danes\OneDrive\Desktop\Healthcheck-project\health-dashboard\venv\lib\site-packages\sqlalchemy\pool\base.py", line 896, in __connect
    self.dbapi_connection = connection = pool._invoke_creator(self)
  File "C:\Users\danes\OneDrive\Desktop\Healthcheck-project\health-dashboard\venv\lib\site-packages\sqlalchemy\engine\create.py", line 667, in connect
    return dialect.connect(*cargs_tup, **cparams)
  File "C:\Users\danes\OneDrive\Desktop\Healthcheck-project\health-dashboard\venv\lib\site-packages\sqlalchemy\engine\default.py", line 630, in connect
    return self.loaded_dbapi.connect(*cargs, **cparams)  # type: ignore[no-any-return]  # NOQA: E501
  File "C:\Users\danes\OneDrive\Desktop\Healthcheck-project\health-dashboard\venv\lib\site-packages\psycopg2\__init__.py", line 154, in connect
    conn = _connect(dsn, connection_factory=connection_factory, **kwasync)
psycopg2.OperationalError: connection to server at "localhost" (::1), port 5432 failed: FATAL:  password authentication failed for user "postgres"


The above exception was the direct cause of the following exception:

Traceback (most recent call last):
  File "C:\Users\danes\OneDrive\Desktop\Healthcheck-project\health-monitoring-system\monitoring-dashboard\app\services\monitoring_service.py", line 121, in execute_health_checks
    services = db.query(Service).all()
  File "C:\Users\danes\OneDrive\Desktop\Healthcheck-project\health-dashboard\venv\lib\site-packages\sqlalchemy\orm\query.py", line 2711, in all
    return self._iter().all()  # type: ignore
  File "C:\Users\danes\OneDrive\Desktop\Healthcheck-project\health-dashboard\venv\lib\site-packages\sqlalchemy\orm\query.py", line 2864, in _iter
    result: Union[ScalarResult[_T], Result[_T]] = self.session.execute(
  File "C:\Users\danes\OneDrive\Desktop\Healthcheck-project\health-dashboard\venv\lib\site-packages\sqlalchemy\orm\session.py", line 2373, in execute
    return self._execute_internal(
  File "C:\Users\danes\OneDrive\Desktop\Healthcheck-project\health-dashboard\venv\lib\site-packages\sqlalchemy\orm\session.py", line 2261, in _execute_internal
    conn = self._connection_for_bind(bind)
  File "C:\Users\danes\OneDrive\Desktop\Healthcheck-project\health-dashboard\venv\lib\site-packages\sqlalchemy\orm\session.py", line 2113, in _connection_for_bind
    return trans._connection_for_bind(engine, execution_options)
  File "<string>", line 2, in _connection_for_bind
  File "C:\Users\danes\OneDrive\Desktop\Healthcheck-project\health-dashboard\venv\lib\site-packages\sqlalchemy\orm\state_changes.py", line 137, in _go
    ret_value = fn(self, *arg, **kw)
  File "C:\Users\danes\OneDrive\Desktop\Healthcheck-project\health-dashboard\venv\lib\site-packages\sqlalchemy\orm\session.py", line 1191, in _connection_for_bind
    conn = bind.connect()
  File "C:\Users\danes\OneDrive\Desktop\Healthcheck-project\health-dashboard\venv\lib\site-packages\sqlalchemy\engine\base.py", line 3295, in connect
    return self._connection_cls(self)
  File "C:\Users\danes\OneDrive\Desktop\Healthcheck-project\health-dashboard\venv\lib\site-packages\sqlalchemy\engine\base.py", line 146, in __init__
    Connection._handle_dbapi_exception_noconnection(
  File "C:\Users\danes\OneDrive\Desktop\Healthcheck-project\health-dashboard\venv\lib\site-packages\sqlalchemy\engine\base.py", line 2450, in _handle_dbapi_exception_noconnection
    raise sqlalchemy_exception.with_traceback(exc_info[2]) from e
  File "C:\Users\danes\OneDrive\Desktop\Healthcheck-project\health-dashboard\venv\lib\site-packages\sqlalchemy\engine\base.py", line 144, in __init__
    self._dbapi_connection = engine.raw_connection()
  File "C:\Users\danes\OneDrive\Desktop\Healthcheck-project\health-dashboard\venv\lib\site-packages\sqlalchemy\engine\base.py", line 3319, in raw_connection
    return self.pool.connect()
  File "C:\Users\danes\OneDrive\Desktop\Healthcheck-project\health-dashboard\venv\lib\site-packages\sqlalchemy\pool\base.py", line 448, in connect
    return _ConnectionFairy._checkout(self)
  File "C:\Users\danes\OneDrive\Desktop\Healthcheck-project\health-dashboard\venv\lib\site-packages\sqlalchemy\pool\base.py", line 1272, in _checkout
    fairy = _ConnectionRecord.checkout(pool)
  File "C:\Users\danes\OneDrive\Desktop\Healthcheck-project\health-dashboard\venv\lib\site-packages\sqlalchemy\pool\base.py", line 712, in checkout
    rec = pool._do_get()
  File "C:\Users\danes\OneDrive\Desktop\Healthcheck-project\health-dashboard\venv\lib\site-packages\sqlalchemy\pool\impl.py", line 179, in _do_get
    self._dec_overflow()
  File "C:\Users\danes\OneDrive\Desktop\Healthcheck-project\health-dashboard\venv\lib\site-packages\sqlalchemy\util\langhelpers.py", line 122, in __exit__
    raise exc_value.with_traceback(exc_tb)
  File "C:\Users\danes\OneDrive\Desktop\Healthcheck-project\health-dashboard\venv\lib\site-packages\sqlalchemy\pool\impl.py", line 176, in _do_get
    return self._create_connection()
  File "C:\Users\danes\OneDrive\Desktop\Healthcheck-project\health-dashboard\venv\lib\site-packages\sqlalchemy\pool\base.py", line 389, in _create_connection
    return _ConnectionRecord(self)
  File "C:\Users\danes\OneDrive\Desktop\Healthcheck-project\health-dashboard\venv\lib\site-packages\sqlalchemy\pool\base.py", line 674, in __init__
    self.__connect()
  File "C:\Users\danes\OneDrive\Desktop\Healthcheck-project\health-dashboard\venv\lib\site-packages\sqlalchemy\pool\base.py", line 901, in __connect
    pool.logger.debug("Error on connect(): %s", e)
  File "C:\Users\danes\OneDrive\Desktop\Healthcheck-project\health-dashboard\venv\lib\site-packages\sqlalchemy\util\langhelpers.py", line 122, in __exit__
    raise exc_value.with_traceback(exc_tb)
  File "C:\Users\danes\OneDrive\Desktop\Healthcheck-project\health-dashboard\venv\lib\site-packages\sqlalchemy\pool\base.py", line 896, in __connect
    self.dbapi_connection = connection = pool._invoke_creator(self)
  File "C:\Users\danes\OneDrive\Desktop\Healthcheck-project\health-dashboard\venv\lib\site-packages\sqlalchemy\engine\create.py", line 667, in connect
    return dialect.connect(*cargs_tup, **cparams)
  File "C:\Users\danes\OneDrive\Desktop\Healthcheck-project\health-dashboard\venv\lib\site-packages\sqlalchemy\engine\default.py", line 630, in connect
    return self.loaded_dbapi.connect(*cargs, **cparams)  # type: ignore[no-any-return]  # NOQA: E501
  File "C:\Users\danes\OneDrive\Desktop\Healthcheck-project\health-dashboard\venv\lib\site-packages\psycopg2\__init__.py", line 154, in connect
    conn = _connect(dsn, connection_factory=connection_factory, **kwasync)
sqlalchemy.exc.OperationalError: (psycopg2.OperationalError) connection to server at "localhost" (::1), port 5432 failed: FATAL:  password authentication failed for user "postgres"

(Background on this error at: https://sqlalche.me/e/20/e3q8)
2026-07-29 09:24:46,104 [INFO] apscheduler.executors.default - Job "execute_health_checks (trigger: interval[0:00:15], next run at: 2026-07-29 09:25:00 IST)" executed successfully
2026-07-29 09:25:00,986 [INFO] apscheduler.executors.default - Running job "execute_health_checks (trigger: interval[0:00:15], next run at: 2026-07-29 09:25:15 IST)" (scheduled at 2026-07-29 09:25:00.972273+05:30)
2026-07-29 09:25:01,054 [ERROR] scheduler - MonitoringService: Error in check scheduler execution: (psycopg2.OperationalError) connection to server at "localhost" (::1), port 5432 failed: FATAL:  password authentication failed for user "postgres"

(Background on this error at: https://sqlalche.me/e/20/e3q8)
Traceback (most recent call last):
  File "C:\Users\danes\OneDrive\Desktop\Healthcheck-project\health-dashboard\venv\lib\site-packages\sqlalchemy\engine\base.py", line 144, in __init__
    self._dbapi_connection = engine.raw_connection()
  File "C:\Users\danes\OneDrive\Desktop\Healthcheck-project\health-dashboard\venv\lib\site-packages\sqlalchemy\engine\base.py", line 3319, in raw_connection
    return self.pool.connect()
  File "C:\Users\danes\OneDrive\Desktop\Healthcheck-project\health-dashboard\venv\lib\site-packages\sqlalchemy\pool\base.py", line 448, in connect
    return _ConnectionFairy._checkout(self)
  File "C:\Users\danes\OneDrive\Desktop\Healthcheck-project\health-dashboard\venv\lib\site-packages\sqlalchemy\pool\base.py", line 1272, in _checkout
    fairy = _ConnectionRecord.checkout(pool)
  File "C:\Users\danes\OneDrive\Desktop\Healthcheck-project\health-dashboard\venv\lib\site-packages\sqlalchemy\pool\base.py", line 712, in checkout
    rec = pool._do_get()
  File "C:\Users\danes\OneDrive\Desktop\Healthcheck-project\health-dashboard\venv\lib\site-packages\sqlalchemy\pool\impl.py", line 179, in _do_get
    self._dec_overflow()
  File "C:\Users\danes\OneDrive\Desktop\Healthcheck-project\health-dashboard\venv\lib\site-packages\sqlalchemy\util\langhelpers.py", line 122, in __exit__
    raise exc_value.with_traceback(exc_tb)
  File "C:\Users\danes\OneDrive\Desktop\Healthcheck-project\health-dashboard\venv\lib\site-packages\sqlalchemy\pool\impl.py", line 176, in _do_get
    return self._create_connection()
  File "C:\Users\danes\OneDrive\Desktop\Healthcheck-project\health-dashboard\venv\lib\site-packages\sqlalchemy\pool\base.py", line 389, in _create_connection
    return _ConnectionRecord(self)
  File "C:\Users\danes\OneDrive\Desktop\Healthcheck-project\health-dashboard\venv\lib\site-packages\sqlalchemy\pool\base.py", line 674, in __init__
    self.__connect()
  File "C:\Users\danes\OneDrive\Desktop\Healthcheck-project\health-dashboard\venv\lib\site-packages\sqlalchemy\pool\base.py", line 901, in __connect
    pool.logger.debug("Error on connect(): %s", e)
  File "C:\Users\danes\OneDrive\Desktop\Healthcheck-project\health-dashboard\venv\lib\site-packages\sqlalchemy\util\langhelpers.py", line 122, in __exit__
    raise exc_value.with_traceback(exc_tb)
  File "C:\Users\danes\OneDrive\Desktop\Healthcheck-project\health-dashboard\venv\lib\site-packages\sqlalchemy\pool\base.py", line 896, in __connect
    self.dbapi_connection = connection = pool._invoke_creator(self)
  File "C:\Users\danes\OneDrive\Desktop\Healthcheck-project\health-dashboard\venv\lib\site-packages\sqlalchemy\engine\create.py", line 667, in connect
    return dialect.connect(*cargs_tup, **cparams)
  File "C:\Users\danes\OneDrive\Desktop\Healthcheck-project\health-dashboard\venv\lib\site-packages\sqlalchemy\engine\default.py", line 630, in connect
    return self.loaded_dbapi.connect(*cargs, **cparams)  # type: ignore[no-any-return]  # NOQA: E501
  File "C:\Users\danes\OneDrive\Desktop\Healthcheck-project\health-dashboard\venv\lib\site-packages\psycopg2\__init__.py", line 154, in connect
    conn = _connect(dsn, connection_factory=connection_factory, **kwasync)
psycopg2.OperationalError: connection to server at "localhost" (::1), port 5432 failed: FATAL:  password authentication failed for user "postgres"


The above exception was the direct cause of the following exception:

Traceback (most recent call last):
  File "C:\Users\danes\OneDrive\Desktop\Healthcheck-project\health-monitoring-system\monitoring-dashboard\app\services\monitoring_service.py", line 121, in execute_health_checks
    services = db.query(Service).all()
  File "C:\Users\danes\OneDrive\Desktop\Healthcheck-project\health-dashboard\venv\lib\site-packages\sqlalchemy\orm\query.py", line 2711, in all
    return self._iter().all()  # type: ignore
  File "C:\Users\danes\OneDrive\Desktop\Healthcheck-project\health-dashboard\venv\lib\site-packages\sqlalchemy\orm\query.py", line 2864, in _iter
    result: Union[ScalarResult[_T], Result[_T]] = self.session.execute(
  File "C:\Users\danes\OneDrive\Desktop\Healthcheck-project\health-dashboard\venv\lib\site-packages\sqlalchemy\orm\session.py", line 2373, in execute
    return self._execute_internal(
  File "C:\Users\danes\OneDrive\Desktop\Healthcheck-project\health-dashboard\venv\lib\site-packages\sqlalchemy\orm\session.py", line 2261, in _execute_internal
    conn = self._connection_for_bind(bind)
  File "C:\Users\danes\OneDrive\Desktop\Healthcheck-project\health-dashboard\venv\lib\site-packages\sqlalchemy\orm\session.py", line 2113, in _connection_for_bind
    return trans._connection_for_bind(engine, execution_options)
  File "<string>", line 2, in _connection_for_bind
  File "C:\Users\danes\OneDrive\Desktop\Healthcheck-project\health-dashboard\venv\lib\site-packages\sqlalchemy\orm\state_changes.py", line 137, in _go
    ret_value = fn(self, *arg, **kw)
  File "C:\Users\danes\OneDrive\Desktop\Healthcheck-project\health-dashboard\venv\lib\site-packages\sqlalchemy\orm\session.py", line 1191, in _connection_for_bind
    conn = bind.connect()
  File "C:\Users\danes\OneDrive\Desktop\Healthcheck-project\health-dashboard\venv\lib\site-packages\sqlalchemy\engine\base.py", line 3295, in connect
    return self._connection_cls(self)
  File "C:\Users\danes\OneDrive\Desktop\Healthcheck-project\health-dashboard\venv\lib\site-packages\sqlalchemy\engine\base.py", line 146, in __init__
    Connection._handle_dbapi_exception_noconnection(
  File "C:\Users\danes\OneDrive\Desktop\Healthcheck-project\health-dashboard\venv\lib\site-packages\sqlalchemy\engine\base.py", line 2450, in _handle_dbapi_exception_noconnection
    raise sqlalchemy_exception.with_traceback(exc_info[2]) from e
  File "C:\Users\danes\OneDrive\Desktop\Healthcheck-project\health-dashboard\venv\lib\site-packages\sqlalchemy\engine\base.py", line 144, in __init__
    self._dbapi_connection = engine.raw_connection()
  File "C:\Users\danes\OneDrive\Desktop\Healthcheck-project\health-dashboard\venv\lib\site-packages\sqlalchemy\engine\base.py", line 3319, in raw_connection
    return self.pool.connect()
  File "C:\Users\danes\OneDrive\Desktop\Healthcheck-project\health-dashboard\venv\lib\site-packages\sqlalchemy\pool\base.py", line 448, in connect
    return _ConnectionFairy._checkout(self)
  File "C:\Users\danes\OneDrive\Desktop\Healthcheck-project\health-dashboard\venv\lib\site-packages\sqlalchemy\pool\base.py", line 1272, in _checkout
    fairy = _ConnectionRecord.checkout(pool)
  File "C:\Users\danes\OneDrive\Desktop\Healthcheck-project\health-dashboard\venv\lib\site-packages\sqlalchemy\pool\base.py", line 712, in checkout
    rec = pool._do_get()
  File "C:\Users\danes\OneDrive\Desktop\Healthcheck-project\health-dashboard\venv\lib\site-packages\sqlalchemy\pool\impl.py", line 179, in _do_get
    self._dec_overflow()
  File "C:\Users\danes\OneDrive\Desktop\Healthcheck-project\health-dashboard\venv\lib\site-packages\sqlalchemy\util\langhelpers.py", line 122, in __exit__
    raise exc_value.with_traceback(exc_tb)
  File "C:\Users\danes\OneDrive\Desktop\Healthcheck-project\health-dashboard\venv\lib\site-packages\sqlalchemy\pool\impl.py", line 176, in _do_get
    return self._create_connection()
  File "C:\Users\danes\OneDrive\Desktop\Healthcheck-project\health-dashboard\venv\lib\site-packages\sqlalchemy\pool\base.py", line 389, in _create_connection
    return _ConnectionRecord(self)
  File "C:\Users\danes\OneDrive\Desktop\Healthcheck-project\health-dashboard\venv\lib\site-packages\sqlalchemy\pool\base.py", line 674, in __init__
    self.__connect()
  File "C:\Users\danes\OneDrive\Desktop\Healthcheck-project\health-dashboard\venv\lib\site-packages\sqlalchemy\pool\base.py", line 901, in __connect
    pool.logger.debug("Error on connect(): %s", e)
  File "C:\Users\danes\OneDrive\Desktop\Healthcheck-project\health-dashboard\venv\lib\site-packages\sqlalchemy\util\langhelpers.py", line 122, in __exit__
    raise exc_value.with_traceback(exc_tb)
  File "C:\Users\danes\OneDrive\Desktop\Healthcheck-project\health-dashboard\venv\lib\site-packages\sqlalchemy\pool\base.py", line 896, in __connect
    self.dbapi_connection = connection = pool._invoke_creator(self)
  File "C:\Users\danes\OneDrive\Desktop\Healthcheck-project\health-dashboard\venv\lib\site-packages\sqlalchemy\engine\create.py", line 667, in connect
    return dialect.connect(*cargs_tup, **cparams)
  File "C:\Users\danes\OneDrive\Desktop\Healthcheck-project\health-dashboard\venv\lib\site-packages\sqlalchemy\engine\default.py", line 630, in connect
    return self.loaded_dbapi.connect(*cargs, **cparams)  # type: ignore[no-any-return]  # NOQA: E501
  File "C:\Users\danes\OneDrive\Desktop\Healthcheck-project\health-dashboard\venv\lib\site-packages\psycopg2\__init__.py", line 154, in connect
    conn = _connect(dsn, connection_factory=connection_factory, **kwasync)
sqlalchemy.exc.OperationalError: (psycopg2.OperationalError) connection to server at "localhost" (::1), port 5432 failed: FATAL:  password authentication failed for user "postgres"

(Background on this error at: https://sqlalche.me/e/20/e3q8)
2026-07-29 09:25:01,059 [INFO] apscheduler.executors.default - Job "execute_health_checks (trigger: interval[0:00:15], next run at: 2026-07-29 09:25:15 IST)" executed successfully
2026-07-29 09:25:15,990 [INFO] apscheduler.executors.default - Running job "execute_health_checks (trigger: interval[0:00:15], next run at: 2026-07-29 09:25:30 IST)" (scheduled at 2026-07-29 09:25:15.972273+05:30)
2026-07-29 09:25:16,046 [ERROR] scheduler - MonitoringService: Error in check scheduler execution: (psycopg2.OperationalError) connection to server at "localhost" (::1), port 5432 failed: FATAL:  password authentication failed for user "postgres"

(Background on this error at: https://sqlalche.me/e/20/e3q8)
Traceback (most recent call last):
  File "C:\Users\danes\OneDrive\Desktop\Healthcheck-project\health-dashboard\venv\lib\site-packages\sqlalchemy\engine\base.py", line 144, in __init__
    self._dbapi_connection = engine.raw_connection()
  File "C:\Users\danes\OneDrive\Desktop\Healthcheck-project\health-dashboard\venv\lib\site-packages\sqlalchemy\engine\base.py", line 3319, in raw_connection
    return self.pool.connect()
  File "C:\Users\danes\OneDrive\Desktop\Healthcheck-project\health-dashboard\venv\lib\site-packages\sqlalchemy\pool\base.py", line 448, in connect
    return _ConnectionFairy._checkout(self)
  File "C:\Users\danes\OneDrive\Desktop\Healthcheck-project\health-dashboard\venv\lib\site-packages\sqlalchemy\pool\base.py", line 1272, in _checkout
    fairy = _ConnectionRecord.checkout(pool)
  File "C:\Users\danes\OneDrive\Desktop\Healthcheck-project\health-dashboard\venv\lib\site-packages\sqlalchemy\pool\base.py", line 712, in checkout
    rec = pool._do_get()
  File "C:\Users\danes\OneDrive\Desktop\Healthcheck-project\health-dashboard\venv\lib\site-packages\sqlalchemy\pool\impl.py", line 179, in _do_get
    self._dec_overflow()
  File "C:\Users\danes\OneDrive\Desktop\Healthcheck-project\health-dashboard\venv\lib\site-packages\sqlalchemy\util\langhelpers.py", line 122, in __exit__
    raise exc_value.with_traceback(exc_tb)
  File "C:\Users\danes\OneDrive\Desktop\Healthcheck-project\health-dashboard\venv\lib\site-packages\sqlalchemy\pool\impl.py", line 176, in _do_get
    return self._create_connection()
  File "C:\Users\danes\OneDrive\Desktop\Healthcheck-project\health-dashboard\venv\lib\site-packages\sqlalchemy\pool\base.py", line 389, in _create_connection
    return _ConnectionRecord(self)
  File "C:\Users\danes\OneDrive\Desktop\Healthcheck-project\health-dashboard\venv\lib\site-packages\sqlalchemy\pool\base.py", line 674, in __init__
    self.__connect()
  File "C:\Users\danes\OneDrive\Desktop\Healthcheck-project\health-dashboard\venv\lib\site-packages\sqlalchemy\pool\base.py", line 901, in __connect
    pool.logger.debug("Error on connect(): %s", e)
  File "C:\Users\danes\OneDrive\Desktop\Healthcheck-project\health-dashboard\venv\lib\site-packages\sqlalchemy\util\langhelpers.py", line 122, in __exit__
    raise exc_value.with_traceback(exc_tb)
  File "C:\Users\danes\OneDrive\Desktop\Healthcheck-project\health-dashboard\venv\lib\site-packages\sqlalchemy\pool\base.py", line 896, in __connect
    self.dbapi_connection = connection = pool._invoke_creator(self)
  File "C:\Users\danes\OneDrive\Desktop\Healthcheck-project\health-dashboard\venv\lib\site-packages\sqlalchemy\engine\create.py", line 667, in connect
    return dialect.connect(*cargs_tup, **cparams)
  File "C:\Users\danes\OneDrive\Desktop\Healthcheck-project\health-dashboard\venv\lib\site-packages\sqlalchemy\engine\default.py", line 630, in connect
    return self.loaded_dbapi.connect(*cargs, **cparams)  # type: ignore[no-any-return]  # NOQA: E501
  File "C:\Users\danes\OneDrive\Desktop\Healthcheck-project\health-dashboard\venv\lib\site-packages\psycopg2\__init__.py", line 154, in connect
    conn = _connect(dsn, connection_factory=connection_factory, **kwasync)
psycopg2.OperationalError: connection to server at "localhost" (::1), port 5432 failed: FATAL:  password authentication failed for user "postgres"


The above exception was the direct cause of the following exception:

Traceback (most recent call last):
  File "C:\Users\danes\OneDrive\Desktop\Healthcheck-project\health-monitoring-system\monitoring-dashboard\app\services\monitoring_service.py", line 121, in execute_health_checks
    services = db.query(Service).all()
  File "C:\Users\danes\OneDrive\Desktop\Healthcheck-project\health-dashboard\venv\lib\site-packages\sqlalchemy\orm\query.py", line 2711, in all
    return self._iter().all()  # type: ignore
  File "C:\Users\danes\OneDrive\Desktop\Healthcheck-project\health-dashboard\venv\lib\site-packages\sqlalchemy\orm\query.py", line 2864, in _iter
    result: Union[ScalarResult[_T], Result[_T]] = self.session.execute(
  File "C:\Users\danes\OneDrive\Desktop\Healthcheck-project\health-dashboard\venv\lib\site-packages\sqlalchemy\orm\session.py", line 2373, in execute
    return self._execute_internal(
  File "C:\Users\danes\OneDrive\Desktop\Healthcheck-project\health-dashboard\venv\lib\site-packages\sqlalchemy\orm\session.py", line 2261, in _execute_internal
    conn = self._connection_for_bind(bind)
  File "C:\Users\danes\OneDrive\Desktop\Healthcheck-project\health-dashboard\venv\lib\site-packages\sqlalchemy\orm\session.py", line 2113, in _connection_for_bind
    return trans._connection_for_bind(engine, execution_options)
  File "<string>", line 2, in _connection_for_bind
  File "C:\Users\danes\OneDrive\Desktop\Healthcheck-project\health-dashboard\venv\lib\site-packages\sqlalchemy\orm\state_changes.py", line 137, in _go
    ret_value = fn(self, *arg, **kw)
  File "C:\Users\danes\OneDrive\Desktop\Healthcheck-project\health-dashboard\venv\lib\site-packages\sqlalchemy\orm\session.py", line 1191, in _connection_for_bind
    conn = bind.connect()
  File "C:\Users\danes\OneDrive\Desktop\Healthcheck-project\health-dashboard\venv\lib\site-packages\sqlalchemy\engine\base.py", line 3295, in connect
    return self._connection_cls(self)
  File "C:\Users\danes\OneDrive\Desktop\Healthcheck-project\health-dashboard\venv\lib\site-packages\sqlalchemy\engine\base.py", line 146, in __init__
    Connection._handle_dbapi_exception_noconnection(
  File "C:\Users\danes\OneDrive\Desktop\Healthcheck-project\health-dashboard\venv\lib\site-packages\sqlalchemy\engine\base.py", line 2450, in _handle_dbapi_exception_noconnection
    raise sqlalchemy_exception.with_traceback(exc_info[2]) from e
  File "C:\Users\danes\OneDrive\Desktop\Healthcheck-project\health-dashboard\venv\lib\site-packages\sqlalchemy\engine\base.py", line 144, in __init__
    self._dbapi_connection = engine.raw_connection()
  File "C:\Users\danes\OneDrive\Desktop\Healthcheck-project\health-dashboard\venv\lib\site-packages\sqlalchemy\engine\base.py", line 3319, in raw_connection
    return self.pool.connect()
  File "C:\Users\danes\OneDrive\Desktop\Healthcheck-project\health-dashboard\venv\lib\site-packages\sqlalchemy\pool\base.py", line 448, in connect
    return _ConnectionFairy._checkout(self)
  File "C:\Users\danes\OneDrive\Desktop\Healthcheck-project\health-dashboard\venv\lib\site-packages\sqlalchemy\pool\base.py", line 1272, in _checkout
    fairy = _ConnectionRecord.checkout(pool)
  File "C:\Users\danes\OneDrive\Desktop\Healthcheck-project\health-dashboard\venv\lib\site-packages\sqlalchemy\pool\base.py", line 712, in checkout
    rec = pool._do_get()
  File "C:\Users\danes\OneDrive\Desktop\Healthcheck-project\health-dashboard\venv\lib\site-packages\sqlalchemy\pool\impl.py", line 179, in _do_get
    self._dec_overflow()
  File "C:\Users\danes\OneDrive\Desktop\Healthcheck-project\health-dashboard\venv\lib\site-packages\sqlalchemy\util\langhelpers.py", line 122, in __exit__
    raise exc_value.with_traceback(exc_tb)
  File "C:\Users\danes\OneDrive\Desktop\Healthcheck-project\health-dashboard\venv\lib\site-packages\sqlalchemy\pool\impl.py", line 176, in _do_get
    return self._create_connection()
  File "C:\Users\danes\OneDrive\Desktop\Healthcheck-project\health-dashboard\venv\lib\site-packages\sqlalchemy\pool\base.py", line 389, in _create_connection
    return _ConnectionRecord(self)
  File "C:\Users\danes\OneDrive\Desktop\Healthcheck-project\health-dashboard\venv\lib\site-packages\sqlalchemy\pool\base.py", line 674, in __init__
    self.__connect()
  File "C:\Users\danes\OneDrive\Desktop\Healthcheck-project\health-dashboard\venv\lib\site-packages\sqlalchemy\pool\base.py", line 901, in __connect
    pool.logger.debug("Error on connect(): %s", e)
  File "C:\Users\danes\OneDrive\Desktop\Healthcheck-project\health-dashboard\venv\lib\site-packages\sqlalchemy\util\langhelpers.py", line 122, in __exit__
    raise exc_value.with_traceback(exc_tb)
  File "C:\Users\danes\OneDrive\Desktop\Healthcheck-project\health-dashboard\venv\lib\site-packages\sqlalchemy\pool\base.py", line 896, in __connect
    self.dbapi_connection = connection = pool._invoke_creator(self)
  File "C:\Users\danes\OneDrive\Desktop\Healthcheck-project\health-dashboard\venv\lib\site-packages\sqlalchemy\engine\create.py", line 667, in connect
    return dialect.connect(*cargs_tup, **cparams)
  File "C:\Users\danes\OneDrive\Desktop\Healthcheck-project\health-dashboard\venv\lib\site-packages\sqlalchemy\engine\default.py", line 630, in connect
    return self.loaded_dbapi.connect(*cargs, **cparams)  # type: ignore[no-any-return]  # NOQA: E501
  File "C:\Users\danes\OneDrive\Desktop\Healthcheck-project\health-dashboard\venv\lib\site-packages\psycopg2\__init__.py", line 154, in connect
    conn = _connect(dsn, connection_factory=connection_factory, **kwasync)
sqlalchemy.exc.OperationalError: (psycopg2.OperationalError) connection to server at "localhost" (::1), port 5432 failed: FATAL:  password authentication failed for user "postgres"

(Background on this error at: https://sqlalche.me/e/20/e3q8)
2026-07-29 09:25:16,050 [INFO] apscheduler.executors.default - Job "execute_health_checks (trigger: interval[0:00:15], next run at: 2026-07-29 09:25:30 IST)" executed successfully
2026-07-29 09:25:30,983 [INFO] apscheduler.executors.default - Running job "execute_health_checks (trigger: interval[0:00:15], next run at: 2026-07-29 09:25:45 IST)" (scheduled at 2026-07-29 09:25:30.972273+05:30)
2026-07-29 09:25:31,173 [ERROR] scheduler - MonitoringService: Error in check scheduler execution: (psycopg2.OperationalError) connection to server at "localhost" (::1), port 5432 failed: FATAL:  password authentication failed for user "postgres"

(Background on this error at: https://sqlalche.me/e/20/e3q8)
Traceback (most recent call last):
  File "C:\Users\danes\OneDrive\Desktop\Healthcheck-project\health-dashboard\venv\lib\site-packages\sqlalchemy\engine\base.py", line 144, in __init__
    self._dbapi_connection = engine.raw_connection()
  File "C:\Users\danes\OneDrive\Desktop\Healthcheck-project\health-dashboard\venv\lib\site-packages\sqlalchemy\engine\base.py", line 3319, in raw_connection
    return self.pool.connect()
  File "C:\Users\danes\OneDrive\Desktop\Healthcheck-project\health-dashboard\venv\lib\site-packages\sqlalchemy\pool\base.py", line 448, in connect
    return _ConnectionFairy._checkout(self)
  File "C:\Users\danes\OneDrive\Desktop\Healthcheck-project\health-dashboard\venv\lib\site-packages\sqlalchemy\pool\base.py", line 1272, in _checkout
    fairy = _ConnectionRecord.checkout(pool)
  File "C:\Users\danes\OneDrive\Desktop\Healthcheck-project\health-dashboard\venv\lib\site-packages\sqlalchemy\pool\base.py", line 712, in checkout
    rec = pool._do_get()
  File "C:\Users\danes\OneDrive\Desktop\Healthcheck-project\health-dashboard\venv\lib\site-packages\sqlalchemy\pool\impl.py", line 179, in _do_get
    self._dec_overflow()
  File "C:\Users\danes\OneDrive\Desktop\Healthcheck-project\health-dashboard\venv\lib\site-packages\sqlalchemy\util\langhelpers.py", line 122, in __exit__
    raise exc_value.with_traceback(exc_tb)
  File "C:\Users\danes\OneDrive\Desktop\Healthcheck-project\health-dashboard\venv\lib\site-packages\sqlalchemy\pool\impl.py", line 176, in _do_get
    return self._create_connection()
  File "C:\Users\danes\OneDrive\Desktop\Healthcheck-project\health-dashboard\venv\lib\site-packages\sqlalchemy\pool\base.py", line 389, in _create_connection
    return _ConnectionRecord(self)
  File "C:\Users\danes\OneDrive\Desktop\Healthcheck-project\health-dashboard\venv\lib\site-packages\sqlalchemy\pool\base.py", line 674, in __init__
    self.__connect()
  File "C:\Users\danes\OneDrive\Desktop\Healthcheck-project\health-dashboard\venv\lib\site-packages\sqlalchemy\pool\base.py", line 901, in __connect
    pool.logger.debug("Error on connect(): %s", e)
  File "C:\Users\danes\OneDrive\Desktop\Healthcheck-project\health-dashboard\venv\lib\site-packages\sqlalchemy\util\langhelpers.py", line 122, in __exit__
    raise exc_value.with_traceback(exc_tb)
  File "C:\Users\danes\OneDrive\Desktop\Healthcheck-project\health-dashboard\venv\lib\site-packages\sqlalchemy\pool\base.py", line 896, in __connect
    self.dbapi_connection = connection = pool._invoke_creator(self)
  File "C:\Users\danes\OneDrive\Desktop\Healthcheck-project\health-dashboard\venv\lib\site-packages\sqlalchemy\engine\create.py", line 667, in connect
    return dialect.connect(*cargs_tup, **cparams)
  File "C:\Users\danes\OneDrive\Desktop\Healthcheck-project\health-dashboard\venv\lib\site-packages\sqlalchemy\engine\default.py", line 630, in connect
    return self.loaded_dbapi.connect(*cargs, **cparams)  # type: ignore[no-any-return]  # NOQA: E501
  File "C:\Users\danes\OneDrive\Desktop\Healthcheck-project\health-dashboard\venv\lib\site-packages\psycopg2\__init__.py", line 154, in connect
    conn = _connect(dsn, connection_factory=connection_factory, **kwasync)
psycopg2.OperationalError: connection to server at "localhost" (::1), port 5432 failed: FATAL:  password authentication failed for user "postgres"


The above exception was the direct cause of the following exception:

Traceback (most recent call last):
  File "C:\Users\danes\OneDrive\Desktop\Healthcheck-project\health-monitoring-system\monitoring-dashboard\app\services\monitoring_service.py", line 121, in execute_health_checks
    services = db.query(Service).all()
  File "C:\Users\danes\OneDrive\Desktop\Healthcheck-project\health-dashboard\venv\lib\site-packages\sqlalchemy\orm\query.py", line 2711, in all
    return self._iter().all()  # type: ignore
  File "C:\Users\danes\OneDrive\Desktop\Healthcheck-project\health-dashboard\venv\lib\site-packages\sqlalchemy\orm\query.py", line 2864, in _iter
    result: Union[ScalarResult[_T], Result[_T]] = self.session.execute(
  File "C:\Users\danes\OneDrive\Desktop\Healthcheck-project\health-dashboard\venv\lib\site-packages\sqlalchemy\orm\session.py", line 2373, in execute
    return self._execute_internal(
  File "C:\Users\danes\OneDrive\Desktop\Healthcheck-project\health-dashboard\venv\lib\site-packages\sqlalchemy\orm\session.py", line 2261, in _execute_internal
    conn = self._connection_for_bind(bind)
  File "C:\Users\danes\OneDrive\Desktop\Healthcheck-project\health-dashboard\venv\lib\site-packages\sqlalchemy\orm\session.py", line 2113, in _connection_for_bind
    return trans._connection_for_bind(engine, execution_options)
  File "<string>", line 2, in _connection_for_bind
  File "C:\Users\danes\OneDrive\Desktop\Healthcheck-project\health-dashboard\venv\lib\site-packages\sqlalchemy\orm\state_changes.py", line 137, in _go
    ret_value = fn(self, *arg, **kw)
  File "C:\Users\danes\OneDrive\Desktop\Healthcheck-project\health-dashboard\venv\lib\site-packages\sqlalchemy\orm\session.py", line 1191, in _connection_for_bind
    conn = bind.connect()
  File "C:\Users\danes\OneDrive\Desktop\Healthcheck-project\health-dashboard\venv\lib\site-packages\sqlalchemy\engine\base.py", line 3295, in connect
    return self._connection_cls(self)
  File "C:\Users\danes\OneDrive\Desktop\Healthcheck-project\health-dashboard\venv\lib\site-packages\sqlalchemy\engine\base.py", line 146, in __init__
    Connection._handle_dbapi_exception_noconnection(
  File "C:\Users\danes\OneDrive\Desktop\Healthcheck-project\health-dashboard\venv\lib\site-packages\sqlalchemy\engine\base.py", line 2450, in _handle_dbapi_exception_noconnection
    raise sqlalchemy_exception.with_traceback(exc_info[2]) from e
  File "C:\Users\danes\OneDrive\Desktop\Healthcheck-project\health-dashboard\venv\lib\site-packages\sqlalchemy\engine\base.py", line 144, in __init__
    self._dbapi_connection = engine.raw_connection()
  File "C:\Users\danes\OneDrive\Desktop\Healthcheck-project\health-dashboard\venv\lib\site-packages\sqlalchemy\engine\base.py", line 3319, in raw_connection
    return self.pool.connect()
  File "C:\Users\danes\OneDrive\Desktop\Healthcheck-project\health-dashboard\venv\lib\site-packages\sqlalchemy\pool\base.py", line 448, in connect
    return _ConnectionFairy._checkout(self)
  File "C:\Users\danes\OneDrive\Desktop\Healthcheck-project\health-dashboard\venv\lib\site-packages\sqlalchemy\pool\base.py", line 1272, in _checkout
    fairy = _ConnectionRecord.checkout(pool)
  File "C:\Users\danes\OneDrive\Desktop\Healthcheck-project\health-dashboard\venv\lib\site-packages\sqlalchemy\pool\base.py", line 712, in checkout
    rec = pool._do_get()
  File "C:\Users\danes\OneDrive\Desktop\Healthcheck-project\health-dashboard\venv\lib\site-packages\sqlalchemy\pool\impl.py", line 179, in _do_get
    self._dec_overflow()
  File "C:\Users\danes\OneDrive\Desktop\Healthcheck-project\health-dashboard\venv\lib\site-packages\sqlalchemy\util\langhelpers.py", line 122, in __exit__
    raise exc_value.with_traceback(exc_tb)
  File "C:\Users\danes\OneDrive\Desktop\Healthcheck-project\health-dashboard\venv\lib\site-packages\sqlalchemy\pool\impl.py", line 176, in _do_get
    return self._create_connection()
  File "C:\Users\danes\OneDrive\Desktop\Healthcheck-project\health-dashboard\venv\lib\site-packages\sqlalchemy\pool\base.py", line 389, in _create_connection
    return _ConnectionRecord(self)
  File "C:\Users\danes\OneDrive\Desktop\Healthcheck-project\health-dashboard\venv\lib\site-packages\sqlalchemy\pool\base.py", line 674, in __init__
    self.__connect()
  File "C:\Users\danes\OneDrive\Desktop\Healthcheck-project\health-dashboard\venv\lib\site-packages\sqlalchemy\pool\base.py", line 901, in __connect
    pool.logger.debug("Error on connect(): %s", e)
  File "C:\Users\danes\OneDrive\Desktop\Healthcheck-project\health-dashboard\venv\lib\site-packages\sqlalchemy\util\langhelpers.py", line 122, in __exit__
    raise exc_value.with_traceback(exc_tb)
  File "C:\Users\danes\OneDrive\Desktop\Healthcheck-project\health-dashboard\venv\lib\site-packages\sqlalchemy\pool\base.py", line 896, in __connect
    self.dbapi_connection = connection = pool._invoke_creator(self)
  File "C:\Users\danes\OneDrive\Desktop\Healthcheck-project\health-dashboard\venv\lib\site-packages\sqlalchemy\engine\create.py", line 667, in connect
    return dialect.connect(*cargs_tup, **cparams)
  File "C:\Users\danes\OneDrive\Desktop\Healthcheck-project\health-dashboard\venv\lib\site-packages\sqlalchemy\engine\default.py", line 630, in connect
    return self.loaded_dbapi.connect(*cargs, **cparams)  # type: ignore[no-any-return]  # NOQA: E501
  File "C:\Users\danes\OneDrive\Desktop\Healthcheck-project\health-dashboard\venv\lib\site-packages\psycopg2\__init__.py", line 154, in connect
    conn = _connect(dsn, connection_factory=connection_factory, **kwasync)
sqlalchemy.exc.OperationalError: (psycopg2.OperationalError) connection to server at "localhost" (::1), port 5432 failed: FATAL:  password authentication failed for user "postgres"

(Background on this error at: https://sqlalche.me/e/20/e3q8)
2026-07-29 09:25:31,175 [INFO] apscheduler.executors.default - Job "execute_health_checks (trigger: interval[0:00:15], next run at: 2026-07-29 09:25:45 IST)" executed successfully
2026-07-29 09:25:45,996 [INFO] apscheduler.executors.default - Running job "execute_health_checks (trigger: interval[0:00:15], next run at: 2026-07-29 09:26:00 IST)" (scheduled at 2026-07-29 09:25:45.972273+05:30)
2026-07-29 09:25:46,071 [ERROR] scheduler - MonitoringService: Error in check scheduler execution: (psycopg2.OperationalError) connection to server at "localhost" (::1), port 5432 failed: FATAL:  password authentication failed for user "postgres"

(Background on this error at: https://sqlalche.me/e/20/e3q8)
Traceback (most recent call last):
  File "C:\Users\danes\OneDrive\Desktop\Healthcheck-project\health-dashboard\venv\lib\site-packages\sqlalchemy\engine\base.py", line 144, in __init__
    self._dbapi_connection = engine.raw_connection()
  File "C:\Users\danes\OneDrive\Desktop\Healthcheck-project\health-dashboard\venv\lib\site-packages\sqlalchemy\engine\base.py", line 3319, in raw_connection
    return self.pool.connect()
  File "C:\Users\danes\OneDrive\Desktop\Healthcheck-project\health-dashboard\venv\lib\site-packages\sqlalchemy\pool\base.py", line 448, in connect
    return _ConnectionFairy._checkout(self)
  File "C:\Users\danes\OneDrive\Desktop\Healthcheck-project\health-dashboard\venv\lib\site-packages\sqlalchemy\pool\base.py", line 1272, in _checkout
    fairy = _ConnectionRecord.checkout(pool)
  File "C:\Users\danes\OneDrive\Desktop\Healthcheck-project\health-dashboard\venv\lib\site-packages\sqlalchemy\pool\base.py", line 712, in checkout
    rec = pool._do_get()
  File "C:\Users\danes\OneDrive\Desktop\Healthcheck-project\health-dashboard\venv\lib\site-packages\sqlalchemy\pool\impl.py", line 179, in _do_get
    self._dec_overflow()
  File "C:\Users\danes\OneDrive\Desktop\Healthcheck-project\health-dashboard\venv\lib\site-packages\sqlalchemy\util\langhelpers.py", line 122, in __exit__
    raise exc_value.with_traceback(exc_tb)
  File "C:\Users\danes\OneDrive\Desktop\Healthcheck-project\health-dashboard\venv\lib\site-packages\sqlalchemy\pool\impl.py", line 176, in _do_get
    return self._create_connection()
  File "C:\Users\danes\OneDrive\Desktop\Healthcheck-project\health-dashboard\venv\lib\site-packages\sqlalchemy\pool\base.py", line 389, in _create_connection
    return _ConnectionRecord(self)
  File "C:\Users\danes\OneDrive\Desktop\Healthcheck-project\health-dashboard\venv\lib\site-packages\sqlalchemy\pool\base.py", line 674, in __init__
    self.__connect()
  File "C:\Users\danes\OneDrive\Desktop\Healthcheck-project\health-dashboard\venv\lib\site-packages\sqlalchemy\pool\base.py", line 901, in __connect
    pool.logger.debug("Error on connect(): %s", e)
  File "C:\Users\danes\OneDrive\Desktop\Healthcheck-project\health-dashboard\venv\lib\site-packages\sqlalchemy\util\langhelpers.py", line 122, in __exit__
    raise exc_value.with_traceback(exc_tb)
  File "C:\Users\danes\OneDrive\Desktop\Healthcheck-project\health-dashboard\venv\lib\site-packages\sqlalchemy\pool\base.py", line 896, in __connect
    self.dbapi_connection = connection = pool._invoke_creator(self)
  File "C:\Users\danes\OneDrive\Desktop\Healthcheck-project\health-dashboard\venv\lib\site-packages\sqlalchemy\engine\create.py", line 667, in connect
    return dialect.connect(*cargs_tup, **cparams)
  File "C:\Users\danes\OneDrive\Desktop\Healthcheck-project\health-dashboard\venv\lib\site-packages\sqlalchemy\engine\default.py", line 630, in connect
    return self.loaded_dbapi.connect(*cargs, **cparams)  # type: ignore[no-any-return]  # NOQA: E501
  File "C:\Users\danes\OneDrive\Desktop\Healthcheck-project\health-dashboard\venv\lib\site-packages\psycopg2\__init__.py", line 154, in connect
    conn = _connect(dsn, connection_factory=connection_factory, **kwasync)
psycopg2.OperationalError: connection to server at "localhost" (::1), port 5432 failed: FATAL:  password authentication failed for user "postgres"


The above exception was the direct cause of the following exception:

Traceback (most recent call last):
  File "C:\Users\danes\OneDrive\Desktop\Healthcheck-project\health-monitoring-system\monitoring-dashboard\app\services\monitoring_service.py", line 121, in execute_health_checks
    services = db.query(Service).all()
  File "C:\Users\danes\OneDrive\Desktop\Healthcheck-project\health-dashboard\venv\lib\site-packages\sqlalchemy\orm\query.py", line 2711, in all
    return self._iter().all()  # type: ignore
  File "C:\Users\danes\OneDrive\Desktop\Healthcheck-project\health-dashboard\venv\lib\site-packages\sqlalchemy\orm\query.py", line 2864, in _iter
    result: Union[ScalarResult[_T], Result[_T]] = self.session.execute(
  File "C:\Users\danes\OneDrive\Desktop\Healthcheck-project\health-dashboard\venv\lib\site-packages\sqlalchemy\orm\session.py", line 2373, in execute
    return self._execute_internal(
  File "C:\Users\danes\OneDrive\Desktop\Healthcheck-project\health-dashboard\venv\lib\site-packages\sqlalchemy\orm\session.py", line 2261, in _execute_internal
    conn = self._connection_for_bind(bind)
  File "C:\Users\danes\OneDrive\Desktop\Healthcheck-project\health-dashboard\venv\lib\site-packages\sqlalchemy\orm\session.py", line 2113, in _connection_for_bind
    return trans._connection_for_bind(engine, execution_options)
  File "<string>", line 2, in _connection_for_bind
  File "C:\Users\danes\OneDrive\Desktop\Healthcheck-project\health-dashboard\venv\lib\site-packages\sqlalchemy\orm\state_changes.py", line 137, in _go
    ret_value = fn(self, *arg, **kw)
  File "C:\Users\danes\OneDrive\Desktop\Healthcheck-project\health-dashboard\venv\lib\site-packages\sqlalchemy\orm\session.py", line 1191, in _connection_for_bind
    conn = bind.connect()
  File "C:\Users\danes\OneDrive\Desktop\Healthcheck-project\health-dashboard\venv\lib\site-packages\sqlalchemy\engine\base.py", line 3295, in connect
    return self._connection_cls(self)
  File "C:\Users\danes\OneDrive\Desktop\Healthcheck-project\health-dashboard\venv\lib\site-packages\sqlalchemy\engine\base.py", line 146, in __init__
    Connection._handle_dbapi_exception_noconnection(
  File "C:\Users\danes\OneDrive\Desktop\Healthcheck-project\health-dashboard\venv\lib\site-packages\sqlalchemy\engine\base.py", line 2450, in _handle_dbapi_exception_noconnection
    raise sqlalchemy_exception.with_traceback(exc_info[2]) from e
  File "C:\Users\danes\OneDrive\Desktop\Healthcheck-project\health-dashboard\venv\lib\site-packages\sqlalchemy\engine\base.py", line 144, in __init__
    self._dbapi_connection = engine.raw_connection()
  File "C:\Users\danes\OneDrive\Desktop\Healthcheck-project\health-dashboard\venv\lib\site-packages\sqlalchemy\engine\base.py", line 3319, in raw_connection
    return self.pool.connect()
  File "C:\Users\danes\OneDrive\Desktop\Healthcheck-project\health-dashboard\venv\lib\site-packages\sqlalchemy\pool\base.py", line 448, in connect
    return _ConnectionFairy._checkout(self)
  File "C:\Users\danes\OneDrive\Desktop\Healthcheck-project\health-dashboard\venv\lib\site-packages\sqlalchemy\pool\base.py", line 1272, in _checkout
    fairy = _ConnectionRecord.checkout(pool)
  File "C:\Users\danes\OneDrive\Desktop\Healthcheck-project\health-dashboard\venv\lib\site-packages\sqlalchemy\pool\base.py", line 712, in checkout
    rec = pool._do_get()
  File "C:\Users\danes\OneDrive\Desktop\Healthcheck-project\health-dashboard\venv\lib\site-packages\sqlalchemy\pool\impl.py", line 179, in _do_get
    self._dec_overflow()
  File "C:\Users\danes\OneDrive\Desktop\Healthcheck-project\health-dashboard\venv\lib\site-packages\sqlalchemy\util\langhelpers.py", line 122, in __exit__
    raise exc_value.with_traceback(exc_tb)
  File "C:\Users\danes\OneDrive\Desktop\Healthcheck-project\health-dashboard\venv\lib\site-packages\sqlalchemy\pool\impl.py", line 176, in _do_get
    return self._create_connection()
  File "C:\Users\danes\OneDrive\Desktop\Healthcheck-project\health-dashboard\venv\lib\site-packages\sqlalchemy\pool\base.py", line 389, in _create_connection
    return _ConnectionRecord(self)
  File "C:\Users\danes\OneDrive\Desktop\Healthcheck-project\health-dashboard\venv\lib\site-packages\sqlalchemy\pool\base.py", line 674, in __init__
    self.__connect()
  File "C:\Users\danes\OneDrive\Desktop\Healthcheck-project\health-dashboard\venv\lib\site-packages\sqlalchemy\pool\base.py", line 901, in __connect
    pool.logger.debug("Error on connect(): %s", e)
  File "C:\Users\danes\OneDrive\Desktop\Healthcheck-project\health-dashboard\venv\lib\site-packages\sqlalchemy\util\langhelpers.py", line 122, in __exit__
    raise exc_value.with_traceback(exc_tb)
  File "C:\Users\danes\OneDrive\Desktop\Healthcheck-project\health-dashboard\venv\lib\site-packages\sqlalchemy\pool\base.py", line 896, in __connect
    self.dbapi_connection = connection = pool._invoke_creator(self)
  File "C:\Users\danes\OneDrive\Desktop\Healthcheck-project\health-dashboard\venv\lib\site-packages\sqlalchemy\engine\create.py", line 667, in connect
    return dialect.connect(*cargs_tup, **cparams)
  File "C:\Users\danes\OneDrive\Desktop\Healthcheck-project\health-dashboard\venv\lib\site-packages\sqlalchemy\engine\default.py", line 630, in connect
    return self.loaded_dbapi.connect(*cargs, **cparams)  # type: ignore[no-any-return]  # NOQA: E501
  File "C:\Users\danes\OneDrive\Desktop\Healthcheck-project\health-dashboard\venv\lib\site-packages\psycopg2\__init__.py", line 154, in connect
    conn = _connect(dsn, connection_factory=connection_factory, **kwasync)
sqlalchemy.exc.OperationalError: (psycopg2.OperationalError) connection to server at "localhost" (::1), port 5432 failed: FATAL:  password authentication failed for user "postgres"

(Background on this error at: https://sqlalche.me/e/20/e3q8)
2026-07-29 09:25:46,075 [INFO] apscheduler.executors.default - Job "execute_health_checks (trigger: interval[0:00:15], next run at: 2026-07-29 09:26:00 IST)" executed successfully
2026-07-29 09:26:00,977 [INFO] apscheduler.executors.default - Running job "execute_health_checks (trigger: interval[0:00:15], next run at: 2026-07-29 09:26:15 IST)" (scheduled at 2026-07-29 09:26:00.972273+05:30)
2026-07-29 09:26:01,019 [ERROR] scheduler - MonitoringService: Error in check scheduler execution: (psycopg2.OperationalError) connection to server at "localhost" (::1), port 5432 failed: FATAL:  password authentication failed for user "postgres"

(Background on this error at: https://sqlalche.me/e/20/e3q8)
Traceback (most recent call last):
  File "C:\Users\danes\OneDrive\Desktop\Healthcheck-project\health-dashboard\venv\lib\site-packages\sqlalchemy\engine\base.py", line 144, in __init__
    self._dbapi_connection = engine.raw_connection()
  File "C:\Users\danes\OneDrive\Desktop\Healthcheck-project\health-dashboard\venv\lib\site-packages\sqlalchemy\engine\base.py", line 3319, in raw_connection
    return self.pool.connect()
  File "C:\Users\danes\OneDrive\Desktop\Healthcheck-project\health-dashboard\venv\lib\site-packages\sqlalchemy\pool\base.py", line 448, in connect
    return _ConnectionFairy._checkout(self)
  File "C:\Users\danes\OneDrive\Desktop\Healthcheck-project\health-dashboard\venv\lib\site-packages\sqlalchemy\pool\base.py", line 1272, in _checkout
    fairy = _ConnectionRecord.checkout(pool)
  File "C:\Users\danes\OneDrive\Desktop\Healthcheck-project\health-dashboard\venv\lib\site-packages\sqlalchemy\pool\base.py", line 712, in checkout
    rec = pool._do_get()
  File "C:\Users\danes\OneDrive\Desktop\Healthcheck-project\health-dashboard\venv\lib\site-packages\sqlalchemy\pool\impl.py", line 179, in _do_get
    self._dec_overflow()
  File "C:\Users\danes\OneDrive\Desktop\Healthcheck-project\health-dashboard\venv\lib\site-packages\sqlalchemy\util\langhelpers.py", line 122, in __exit__
    raise exc_value.with_traceback(exc_tb)
  File "C:\Users\danes\OneDrive\Desktop\Healthcheck-project\health-dashboard\venv\lib\site-packages\sqlalchemy\pool\impl.py", line 176, in _do_get
    return self._create_connection()
  File "C:\Users\danes\OneDrive\Desktop\Healthcheck-project\health-dashboard\venv\lib\site-packages\sqlalchemy\pool\base.py", line 389, in _create_connection
    return _ConnectionRecord(self)
  File "C:\Users\danes\OneDrive\Desktop\Healthcheck-project\health-dashboard\venv\lib\site-packages\sqlalchemy\pool\base.py", line 674, in __init__
    self.__connect()
  File "C:\Users\danes\OneDrive\Desktop\Healthcheck-project\health-dashboard\venv\lib\site-packages\sqlalchemy\pool\base.py", line 901, in __connect
    pool.logger.debug("Error on connect(): %s", e)
  File "C:\Users\danes\OneDrive\Desktop\Healthcheck-project\health-dashboard\venv\lib\site-packages\sqlalchemy\util\langhelpers.py", line 122, in __exit__
    raise exc_value.with_traceback(exc_tb)
  File "C:\Users\danes\OneDrive\Desktop\Healthcheck-project\health-dashboard\venv\lib\site-packages\sqlalchemy\pool\base.py", line 896, in __connect
    self.dbapi_connection = connection = pool._invoke_creator(self)
  File "C:\Users\danes\OneDrive\Desktop\Healthcheck-project\health-dashboard\venv\lib\site-packages\sqlalchemy\engine\create.py", line 667, in connect
    return dialect.connect(*cargs_tup, **cparams)
  File "C:\Users\danes\OneDrive\Desktop\Healthcheck-project\health-dashboard\venv\lib\site-packages\sqlalchemy\engine\default.py", line 630, in connect
    return self.loaded_dbapi.connect(*cargs, **cparams)  # type: ignore[no-any-return]  # NOQA: E501
  File "C:\Users\danes\OneDrive\Desktop\Healthcheck-project\health-dashboard\venv\lib\site-packages\psycopg2\__init__.py", line 154, in connect
    conn = _connect(dsn, connection_factory=connection_factory, **kwasync)
psycopg2.OperationalError: connection to server at "localhost" (::1), port 5432 failed: FATAL:  password authentication failed for user "postgres"


The above exception was the direct cause of the following exception:

Traceback (most recent call last):
  File "C:\Users\danes\OneDrive\Desktop\Healthcheck-project\health-monitoring-system\monitoring-dashboard\app\services\monitoring_service.py", line 121, in execute_health_checks
    services = db.query(Service).all()
  File "C:\Users\danes\OneDrive\Desktop\Healthcheck-project\health-dashboard\venv\lib\site-packages\sqlalchemy\orm\query.py", line 2711, in all
    return self._iter().all()  # type: ignore
  File "C:\Users\danes\OneDrive\Desktop\Healthcheck-project\health-dashboard\venv\lib\site-packages\sqlalchemy\orm\query.py", line 2864, in _iter
    result: Union[ScalarResult[_T], Result[_T]] = self.session.execute(
  File "C:\Users\danes\OneDrive\Desktop\Healthcheck-project\health-dashboard\venv\lib\site-packages\sqlalchemy\orm\session.py", line 2373, in execute
    return self._execute_internal(
  File "C:\Users\danes\OneDrive\Desktop\Healthcheck-project\health-dashboard\venv\lib\site-packages\sqlalchemy\orm\session.py", line 2261, in _execute_internal
    conn = self._connection_for_bind(bind)
  File "C:\Users\danes\OneDrive\Desktop\Healthcheck-project\health-dashboard\venv\lib\site-packages\sqlalchemy\orm\session.py", line 2113, in _connection_for_bind
    return trans._connection_for_bind(engine, execution_options)
  File "<string>", line 2, in _connection_for_bind
  File "C:\Users\danes\OneDrive\Desktop\Healthcheck-project\health-dashboard\venv\lib\site-packages\sqlalchemy\orm\state_changes.py", line 137, in _go
    ret_value = fn(self, *arg, **kw)
  File "C:\Users\danes\OneDrive\Desktop\Healthcheck-project\health-dashboard\venv\lib\site-packages\sqlalchemy\orm\session.py", line 1191, in _connection_for_bind
    conn = bind.connect()
  File "C:\Users\danes\OneDrive\Desktop\Healthcheck-project\health-dashboard\venv\lib\site-packages\sqlalchemy\engine\base.py", line 3295, in connect
    return self._connection_cls(self)
  File "C:\Users\danes\OneDrive\Desktop\Healthcheck-project\health-dashboard\venv\lib\site-packages\sqlalchemy\engine\base.py", line 146, in __init__
    Connection._handle_dbapi_exception_noconnection(
  File "C:\Users\danes\OneDrive\Desktop\Healthcheck-project\health-dashboard\venv\lib\site-packages\sqlalchemy\engine\base.py", line 2450, in _handle_dbapi_exception_noconnection
    raise sqlalchemy_exception.with_traceback(exc_info[2]) from e
  File "C:\Users\danes\OneDrive\Desktop\Healthcheck-project\health-dashboard\venv\lib\site-packages\sqlalchemy\engine\base.py", line 144, in __init__
    self._dbapi_connection = engine.raw_connection()
  File "C:\Users\danes\OneDrive\Desktop\Healthcheck-project\health-dashboard\venv\lib\site-packages\sqlalchemy\engine\base.py", line 3319, in raw_connection
    return self.pool.connect()
  File "C:\Users\danes\OneDrive\Desktop\Healthcheck-project\health-dashboard\venv\lib\site-packages\sqlalchemy\pool\base.py", line 448, in connect
    return _ConnectionFairy._checkout(self)
  File "C:\Users\danes\OneDrive\Desktop\Healthcheck-project\health-dashboard\venv\lib\site-packages\sqlalchemy\pool\base.py", line 1272, in _checkout
    fairy = _ConnectionRecord.checkout(pool)
  File "C:\Users\danes\OneDrive\Desktop\Healthcheck-project\health-dashboard\venv\lib\site-packages\sqlalchemy\pool\base.py", line 712, in checkout
    rec = pool._do_get()
  File "C:\Users\danes\OneDrive\Desktop\Healthcheck-project\health-dashboard\venv\lib\site-packages\sqlalchemy\pool\impl.py", line 179, in _do_get
    self._dec_overflow()
  File "C:\Users\danes\OneDrive\Desktop\Healthcheck-project\health-dashboard\venv\lib\site-packages\sqlalchemy\util\langhelpers.py", line 122, in __exit__
    raise exc_value.with_traceback(exc_tb)
  File "C:\Users\danes\OneDrive\Desktop\Healthcheck-project\health-dashboard\venv\lib\site-packages\sqlalchemy\pool\impl.py", line 176, in _do_get
    return self._create_connection()
  File "C:\Users\danes\OneDrive\Desktop\Healthcheck-project\health-dashboard\venv\lib\site-packages\sqlalchemy\pool\base.py", line 389, in _create_connection
    return _ConnectionRecord(self)
  File "C:\Users\danes\OneDrive\Desktop\Healthcheck-project\health-dashboard\venv\lib\site-packages\sqlalchemy\pool\base.py", line 674, in __init__
    self.__connect()
  File "C:\Users\danes\OneDrive\Desktop\Healthcheck-project\health-dashboard\venv\lib\site-packages\sqlalchemy\pool\base.py", line 901, in __connect
    pool.logger.debug("Error on connect(): %s", e)
  File "C:\Users\danes\OneDrive\Desktop\Healthcheck-project\health-dashboard\venv\lib\site-packages\sqlalchemy\util\langhelpers.py", line 122, in __exit__
    raise exc_value.with_traceback(exc_tb)
  File "C:\Users\danes\OneDrive\Desktop\Healthcheck-project\health-dashboard\venv\lib\site-packages\sqlalchemy\pool\base.py", line 896, in __connect
    self.dbapi_connection = connection = pool._invoke_creator(self)
  File "C:\Users\danes\OneDrive\Desktop\Healthcheck-project\health-dashboard\venv\lib\site-packages\sqlalchemy\engine\create.py", line 667, in connect
    return dialect.connect(*cargs_tup, **cparams)
  File "C:\Users\danes\OneDrive\Desktop\Healthcheck-project\health-dashboard\venv\lib\site-packages\sqlalchemy\engine\default.py", line 630, in connect
    return self.loaded_dbapi.connect(*cargs, **cparams)  # type: ignore[no-any-return]  # NOQA: E501
  File "C:\Users\danes\OneDrive\Desktop\Healthcheck-project\health-dashboard\venv\lib\site-packages\psycopg2\__init__.py", line 154, in connect
    conn = _connect(dsn, connection_factory=connection_factory, **kwasync)
sqlalchemy.exc.OperationalError: (psycopg2.OperationalError) connection to server at "localhost" (::1), port 5432 failed: FATAL:  password authentication failed for user "postgres"

(Background on this error at: https://sqlalche.me/e/20/e3q8)
2026-07-29 09:26:01,023 [INFO] apscheduler.executors.default - Job "execute_health_checks (trigger: interval[0:00:15], next run at: 2026-07-29 09:26:15 IST)" executed successfully
2026-07-29 09:26:15,973 [INFO] apscheduler.executors.default - Running job "execute_health_checks (trigger: interval[0:00:15], next run at: 2026-07-29 09:26:30 IST)" (scheduled at 2026-07-29 09:26:15.972273+05:30)
2026-07-29 09:26:16,023 [ERROR] scheduler - MonitoringService: Error in check scheduler execution: (psycopg2.OperationalError) connection to server at "localhost" (::1), port 5432 failed: FATAL:  password authentication failed for user "postgres"

(Background on this error at: https://sqlalche.me/e/20/e3q8)
Traceback (most recent call last):
  File "C:\Users\danes\OneDrive\Desktop\Healthcheck-project\health-dashboard\venv\lib\site-packages\sqlalchemy\engine\base.py", line 144, in __init__
    self._dbapi_connection = engine.raw_connection()
  File "C:\Users\danes\OneDrive\Desktop\Healthcheck-project\health-dashboard\venv\lib\site-packages\sqlalchemy\engine\base.py", line 3319, in raw_connection
    return self.pool.connect()
  File "C:\Users\danes\OneDrive\Desktop\Healthcheck-project\health-dashboard\venv\lib\site-packages\sqlalchemy\pool\base.py", line 448, in connect
    return _ConnectionFairy._checkout(self)
  File "C:\Users\danes\OneDrive\Desktop\Healthcheck-project\health-dashboard\venv\lib\site-packages\sqlalchemy\pool\base.py", line 1272, in _checkout
    fairy = _ConnectionRecord.checkout(pool)
  File "C:\Users\danes\OneDrive\Desktop\Healthcheck-project\health-dashboard\venv\lib\site-packages\sqlalchemy\pool\base.py", line 712, in checkout
    rec = pool._do_get()
  File "C:\Users\danes\OneDrive\Desktop\Healthcheck-project\health-dashboard\venv\lib\site-packages\sqlalchemy\pool\impl.py", line 179, in _do_get
    self._dec_overflow()
  File "C:\Users\danes\OneDrive\Desktop\Healthcheck-project\health-dashboard\venv\lib\site-packages\sqlalchemy\util\langhelpers.py", line 122, in __exit__
    raise exc_value.with_traceback(exc_tb)
  File "C:\Users\danes\OneDrive\Desktop\Healthcheck-project\health-dashboard\venv\lib\site-packages\sqlalchemy\pool\impl.py", line 176, in _do_get
    return self._create_connection()
  File "C:\Users\danes\OneDrive\Desktop\Healthcheck-project\health-dashboard\venv\lib\site-packages\sqlalchemy\pool\base.py", line 389, in _create_connection
    return _ConnectionRecord(self)
  File "C:\Users\danes\OneDrive\Desktop\Healthcheck-project\health-dashboard\venv\lib\site-packages\sqlalchemy\pool\base.py", line 674, in __init__
    self.__connect()
  File "C:\Users\danes\OneDrive\Desktop\Healthcheck-project\health-dashboard\venv\lib\site-packages\sqlalchemy\pool\base.py", line 901, in __connect
    pool.logger.debug("Error on connect(): %s", e)
  File "C:\Users\danes\OneDrive\Desktop\Healthcheck-project\health-dashboard\venv\lib\site-packages\sqlalchemy\util\langhelpers.py", line 122, in __exit__
    raise exc_value.with_traceback(exc_tb)
  File "C:\Users\danes\OneDrive\Desktop\Healthcheck-project\health-dashboard\venv\lib\site-packages\sqlalchemy\pool\base.py", line 896, in __connect
    self.dbapi_connection = connection = pool._invoke_creator(self)
  File "C:\Users\danes\OneDrive\Desktop\Healthcheck-project\health-dashboard\venv\lib\site-packages\sqlalchemy\engine\create.py", line 667, in connect
    return dialect.connect(*cargs_tup, **cparams)
  File "C:\Users\danes\OneDrive\Desktop\Healthcheck-project\health-dashboard\venv\lib\site-packages\sqlalchemy\engine\default.py", line 630, in connect
    return self.loaded_dbapi.connect(*cargs, **cparams)  # type: ignore[no-any-return]  # NOQA: E501
  File "C:\Users\danes\OneDrive\Desktop\Healthcheck-project\health-dashboard\venv\lib\site-packages\psycopg2\__init__.py", line 154, in connect
    conn = _connect(dsn, connection_factory=connection_factory, **kwasync)
psycopg2.OperationalError: connection to server at "localhost" (::1), port 5432 failed: FATAL:  password authentication failed for user "postgres"


The above exception was the direct cause of the following exception:

Traceback (most recent call last):
  File "C:\Users\danes\OneDrive\Desktop\Healthcheck-project\health-monitoring-system\monitoring-dashboard\app\services\monitoring_service.py", line 121, in execute_health_checks
    services = db.query(Service).all()
  File "C:\Users\danes\OneDrive\Desktop\Healthcheck-project\health-dashboard\venv\lib\site-packages\sqlalchemy\orm\query.py", line 2711, in all
    return self._iter().all()  # type: ignore
  File "C:\Users\danes\OneDrive\Desktop\Healthcheck-project\health-dashboard\venv\lib\site-packages\sqlalchemy\orm\query.py", line 2864, in _iter
    result: Union[ScalarResult[_T], Result[_T]] = self.session.execute(
  File "C:\Users\danes\OneDrive\Desktop\Healthcheck-project\health-dashboard\venv\lib\site-packages\sqlalchemy\orm\session.py", line 2373, in execute
    return self._execute_internal(
  File "C:\Users\danes\OneDrive\Desktop\Healthcheck-project\health-dashboard\venv\lib\site-packages\sqlalchemy\orm\session.py", line 2261, in _execute_internal
    conn = self._connection_for_bind(bind)
  File "C:\Users\danes\OneDrive\Desktop\Healthcheck-project\health-dashboard\venv\lib\site-packages\sqlalchemy\orm\session.py", line 2113, in _connection_for_bind
    return trans._connection_for_bind(engine, execution_options)
  File "<string>", line 2, in _connection_for_bind
  File "C:\Users\danes\OneDrive\Desktop\Healthcheck-project\health-dashboard\venv\lib\site-packages\sqlalchemy\orm\state_changes.py", line 137, in _go
    ret_value = fn(self, *arg, **kw)
  File "C:\Users\danes\OneDrive\Desktop\Healthcheck-project\health-dashboard\venv\lib\site-packages\sqlalchemy\orm\session.py", line 1191, in _connection_for_bind
    conn = bind.connect()
  File "C:\Users\danes\OneDrive\Desktop\Healthcheck-project\health-dashboard\venv\lib\site-packages\sqlalchemy\engine\base.py", line 3295, in connect
    return self._connection_cls(self)
  File "C:\Users\danes\OneDrive\Desktop\Healthcheck-project\health-dashboard\venv\lib\site-packages\sqlalchemy\engine\base.py", line 146, in __init__
    Connection._handle_dbapi_exception_noconnection(
  File "C:\Users\danes\OneDrive\Desktop\Healthcheck-project\health-dashboard\venv\lib\site-packages\sqlalchemy\engine\base.py", line 2450, in _handle_dbapi_exception_noconnection
    raise sqlalchemy_exception.with_traceback(exc_info[2]) from e
  File "C:\Users\danes\OneDrive\Desktop\Healthcheck-project\health-dashboard\venv\lib\site-packages\sqlalchemy\engine\base.py", line 144, in __init__
    self._dbapi_connection = engine.raw_connection()
  File "C:\Users\danes\OneDrive\Desktop\Healthcheck-project\health-dashboard\venv\lib\site-packages\sqlalchemy\engine\base.py", line 3319, in raw_connection
    return self.pool.connect()
  File "C:\Users\danes\OneDrive\Desktop\Healthcheck-project\health-dashboard\venv\lib\site-packages\sqlalchemy\pool\base.py", line 448, in connect
    return _ConnectionFairy._checkout(self)
  File "C:\Users\danes\OneDrive\Desktop\Healthcheck-project\health-dashboard\venv\lib\site-packages\sqlalchemy\pool\base.py", line 1272, in _checkout
    fairy = _ConnectionRecord.checkout(pool)
  File "C:\Users\danes\OneDrive\Desktop\Healthcheck-project\health-dashboard\venv\lib\site-packages\sqlalchemy\pool\base.py", line 712, in checkout
    rec = pool._do_get()
  File "C:\Users\danes\OneDrive\Desktop\Healthcheck-project\health-dashboard\venv\lib\site-packages\sqlalchemy\pool\impl.py", line 179, in _do_get
    self._dec_overflow()
  File "C:\Users\danes\OneDrive\Desktop\Healthcheck-project\health-dashboard\venv\lib\site-packages\sqlalchemy\util\langhelpers.py", line 122, in __exit__
    raise exc_value.with_traceback(exc_tb)
  File "C:\Users\danes\OneDrive\Desktop\Healthcheck-project\health-dashboard\venv\lib\site-packages\sqlalchemy\pool\impl.py", line 176, in _do_get
    return self._create_connection()
  File "C:\Users\danes\OneDrive\Desktop\Healthcheck-project\health-dashboard\venv\lib\site-packages\sqlalchemy\pool\base.py", line 389, in _create_connection
    return _ConnectionRecord(self)
  File "C:\Users\danes\OneDrive\Desktop\Healthcheck-project\health-dashboard\venv\lib\site-packages\sqlalchemy\pool\base.py", line 674, in __init__
    self.__connect()
  File "C:\Users\danes\OneDrive\Desktop\Healthcheck-project\health-dashboard\venv\lib\site-packages\sqlalchemy\pool\base.py", line 901, in __connect
    pool.logger.debug("Error on connect(): %s", e)
  File "C:\Users\danes\OneDrive\Desktop\Healthcheck-project\health-dashboard\venv\lib\site-packages\sqlalchemy\util\langhelpers.py", line 122, in __exit__
    raise exc_value.with_traceback(exc_tb)
  File "C:\Users\danes\OneDrive\Desktop\Healthcheck-project\health-dashboard\venv\lib\site-packages\sqlalchemy\pool\base.py", line 896, in __connect
    self.dbapi_connection = connection = pool._invoke_creator(self)
  File "C:\Users\danes\OneDrive\Desktop\Healthcheck-project\health-dashboard\venv\lib\site-packages\sqlalchemy\engine\create.py", line 667, in connect
    return dialect.connect(*cargs_tup, **cparams)
  File "C:\Users\danes\OneDrive\Desktop\Healthcheck-project\health-dashboard\venv\lib\site-packages\sqlalchemy\engine\default.py", line 630, in connect
    return self.loaded_dbapi.connect(*cargs, **cparams)  # type: ignore[no-any-return]  # NOQA: E501
  File "C:\Users\danes\OneDrive\Desktop\Healthcheck-project\health-dashboard\venv\lib\site-packages\psycopg2\__init__.py", line 154, in connect
    conn = _connect(dsn, connection_factory=connection_factory, **kwasync)
sqlalchemy.exc.OperationalError: (psycopg2.OperationalError) connection to server at "localhost" (::1), port 5432 failed: FATAL:  password authentication failed for user "postgres"

(Background on this error at: https://sqlalche.me/e/20/e3q8)
2026-07-29 09:26:16,027 [INFO] apscheduler.executors.default - Job "execute_health_checks (trigger: interval[0:00:15], next run at: 2026-07-29 09:26:30 IST)" executed successfully
2026-07-29 09:26:30,978 [INFO] apscheduler.executors.default - Running job "execute_health_checks (trigger: interval[0:00:15], next run at: 2026-07-29 09:26:45 IST)" (scheduled at 2026-07-29 09:26:30.972273+05:30)
2026-07-29 09:26:31,039 [ERROR] scheduler - MonitoringService: Error in check scheduler execution: (psycopg2.OperationalError) connection to server at "localhost" (::1), port 5432 failed: FATAL:  password authentication failed for user "postgres"

(Background on this error at: https://sqlalche.me/e/20/e3q8)
Traceback (most recent call last):
  File "C:\Users\danes\OneDrive\Desktop\Healthcheck-project\health-dashboard\venv\lib\site-packages\sqlalchemy\engine\base.py", line 144, in __init__
    self._dbapi_connection = engine.raw_connection()
  File "C:\Users\danes\OneDrive\Desktop\Healthcheck-project\health-dashboard\venv\lib\site-packages\sqlalchemy\engine\base.py", line 3319, in raw_connection
    return self.pool.connect()
  File "C:\Users\danes\OneDrive\Desktop\Healthcheck-project\health-dashboard\venv\lib\site-packages\sqlalchemy\pool\base.py", line 448, in connect
    return _ConnectionFairy._checkout(self)
  File "C:\Users\danes\OneDrive\Desktop\Healthcheck-project\health-dashboard\venv\lib\site-packages\sqlalchemy\pool\base.py", line 1272, in _checkout
    fairy = _ConnectionRecord.checkout(pool)
  File "C:\Users\danes\OneDrive\Desktop\Healthcheck-project\health-dashboard\venv\lib\site-packages\sqlalchemy\pool\base.py", line 712, in checkout
    rec = pool._do_get()
  File "C:\Users\danes\OneDrive\Desktop\Healthcheck-project\health-dashboard\venv\lib\site-packages\sqlalchemy\pool\impl.py", line 179, in _do_get
    self._dec_overflow()
  File "C:\Users\danes\OneDrive\Desktop\Healthcheck-project\health-dashboard\venv\lib\site-packages\sqlalchemy\util\langhelpers.py", line 122, in __exit__
    raise exc_value.with_traceback(exc_tb)
  File "C:\Users\danes\OneDrive\Desktop\Healthcheck-project\health-dashboard\venv\lib\site-packages\sqlalchemy\pool\impl.py", line 176, in _do_get
    return self._create_connection()
  File "C:\Users\danes\OneDrive\Desktop\Healthcheck-project\health-dashboard\venv\lib\site-packages\sqlalchemy\pool\base.py", line 389, in _create_connection
    return _ConnectionRecord(self)
  File "C:\Users\danes\OneDrive\Desktop\Healthcheck-project\health-dashboard\venv\lib\site-packages\sqlalchemy\pool\base.py", line 674, in __init__
    self.__connect()
  File "C:\Users\danes\OneDrive\Desktop\Healthcheck-project\health-dashboard\venv\lib\site-packages\sqlalchemy\pool\base.py", line 901, in __connect
    pool.logger.debug("Error on connect(): %s", e)
  File "C:\Users\danes\OneDrive\Desktop\Healthcheck-project\health-dashboard\venv\lib\site-packages\sqlalchemy\util\langhelpers.py", line 122, in __exit__
    raise exc_value.with_traceback(exc_tb)
  File "C:\Users\danes\OneDrive\Desktop\Healthcheck-project\health-dashboard\venv\lib\site-packages\sqlalchemy\pool\base.py", line 896, in __connect
    self.dbapi_connection = connection = pool._invoke_creator(self)
  File "C:\Users\danes\OneDrive\Desktop\Healthcheck-project\health-dashboard\venv\lib\site-packages\sqlalchemy\engine\create.py", line 667, in connect
    return dialect.connect(*cargs_tup, **cparams)
  File "C:\Users\danes\OneDrive\Desktop\Healthcheck-project\health-dashboard\venv\lib\site-packages\sqlalchemy\engine\default.py", line 630, in connect
    return self.loaded_dbapi.connect(*cargs, **cparams)  # type: ignore[no-any-return]  # NOQA: E501
  File "C:\Users\danes\OneDrive\Desktop\Healthcheck-project\health-dashboard\venv\lib\site-packages\psycopg2\__init__.py", line 154, in connect
    conn = _connect(dsn, connection_factory=connection_factory, **kwasync)
psycopg2.OperationalError: connection to server at "localhost" (::1), port 5432 failed: FATAL:  password authentication failed for user "postgres"


The above exception was the direct cause of the following exception:

Traceback (most recent call last):
  File "C:\Users\danes\OneDrive\Desktop\Healthcheck-project\health-monitoring-system\monitoring-dashboard\app\services\monitoring_service.py", line 121, in execute_health_checks
    services = db.query(Service).all()
  File "C:\Users\danes\OneDrive\Desktop\Healthcheck-project\health-dashboard\venv\lib\site-packages\sqlalchemy\orm\query.py", line 2711, in all
    return self._iter().all()  # type: ignore
  File "C:\Users\danes\OneDrive\Desktop\Healthcheck-project\health-dashboard\venv\lib\site-packages\sqlalchemy\orm\query.py", line 2864, in _iter
    result: Union[ScalarResult[_T], Result[_T]] = self.session.execute(
  File "C:\Users\danes\OneDrive\Desktop\Healthcheck-project\health-dashboard\venv\lib\site-packages\sqlalchemy\orm\session.py", line 2373, in execute
    return self._execute_internal(
  File "C:\Users\danes\OneDrive\Desktop\Healthcheck-project\health-dashboard\venv\lib\site-packages\sqlalchemy\orm\session.py", line 2261, in _execute_internal
    conn = self._connection_for_bind(bind)
  File "C:\Users\danes\OneDrive\Desktop\Healthcheck-project\health-dashboard\venv\lib\site-packages\sqlalchemy\orm\session.py", line 2113, in _connection_for_bind
    return trans._connection_for_bind(engine, execution_options)
  File "<string>", line 2, in _connection_for_bind
  File "C:\Users\danes\OneDrive\Desktop\Healthcheck-project\health-dashboard\venv\lib\site-packages\sqlalchemy\orm\state_changes.py", line 137, in _go
    ret_value = fn(self, *arg, **kw)
  File "C:\Users\danes\OneDrive\Desktop\Healthcheck-project\health-dashboard\venv\lib\site-packages\sqlalchemy\orm\session.py", line 1191, in _connection_for_bind
    conn = bind.connect()
  File "C:\Users\danes\OneDrive\Desktop\Healthcheck-project\health-dashboard\venv\lib\site-packages\sqlalchemy\engine\base.py", line 3295, in connect
    return self._connection_cls(self)
  File "C:\Users\danes\OneDrive\Desktop\Healthcheck-project\health-dashboard\venv\lib\site-packages\sqlalchemy\engine\base.py", line 146, in __init__
    Connection._handle_dbapi_exception_noconnection(
  File "C:\Users\danes\OneDrive\Desktop\Healthcheck-project\health-dashboard\venv\lib\site-packages\sqlalchemy\engine\base.py", line 2450, in _handle_dbapi_exception_noconnection
    raise sqlalchemy_exception.with_traceback(exc_info[2]) from e
  File "C:\Users\danes\OneDrive\Desktop\Healthcheck-project\health-dashboard\venv\lib\site-packages\sqlalchemy\engine\base.py", line 144, in __init__
    self._dbapi_connection = engine.raw_connection()
  File "C:\Users\danes\OneDrive\Desktop\Healthcheck-project\health-dashboard\venv\lib\site-packages\sqlalchemy\engine\base.py", line 3319, in raw_connection
    return self.pool.connect()
  File "C:\Users\danes\OneDrive\Desktop\Healthcheck-project\health-dashboard\venv\lib\site-packages\sqlalchemy\pool\base.py", line 448, in connect
    return _ConnectionFairy._checkout(self)
  File "C:\Users\danes\OneDrive\Desktop\Healthcheck-project\health-dashboard\venv\lib\site-packages\sqlalchemy\pool\base.py", line 1272, in _checkout
    fairy = _ConnectionRecord.checkout(pool)
  File "C:\Users\danes\OneDrive\Desktop\Healthcheck-project\health-dashboard\venv\lib\site-packages\sqlalchemy\pool\base.py", line 712, in checkout
    rec = pool._do_get()
  File "C:\Users\danes\OneDrive\Desktop\Healthcheck-project\health-dashboard\venv\lib\site-packages\sqlalchemy\pool\impl.py", line 179, in _do_get
    self._dec_overflow()
  File "C:\Users\danes\OneDrive\Desktop\Healthcheck-project\health-dashboard\venv\lib\site-packages\sqlalchemy\util\langhelpers.py", line 122, in __exit__
    raise exc_value.with_traceback(exc_tb)
  File "C:\Users\danes\OneDrive\Desktop\Healthcheck-project\health-dashboard\venv\lib\site-packages\sqlalchemy\pool\impl.py", line 176, in _do_get
    return self._create_connection()
  File "C:\Users\danes\OneDrive\Desktop\Healthcheck-project\health-dashboard\venv\lib\site-packages\sqlalchemy\pool\base.py", line 389, in _create_connection
    return _ConnectionRecord(self)
  File "C:\Users\danes\OneDrive\Desktop\Healthcheck-project\health-dashboard\venv\lib\site-packages\sqlalchemy\pool\base.py", line 674, in __init__
    self.__connect()
  File "C:\Users\danes\OneDrive\Desktop\Healthcheck-project\health-dashboard\venv\lib\site-packages\sqlalchemy\pool\base.py", line 901, in __connect
    pool.logger.debug("Error on connect(): %s", e)
  File "C:\Users\danes\OneDrive\Desktop\Healthcheck-project\health-dashboard\venv\lib\site-packages\sqlalchemy\util\langhelpers.py", line 122, in __exit__
    raise exc_value.with_traceback(exc_tb)
  File "C:\Users\danes\OneDrive\Desktop\Healthcheck-project\health-dashboard\venv\lib\site-packages\sqlalchemy\pool\base.py", line 896, in __connect
    self.dbapi_connection = connection = pool._invoke_creator(self)
  File "C:\Users\danes\OneDrive\Desktop\Healthcheck-project\health-dashboard\venv\lib\site-packages\sqlalchemy\engine\create.py", line 667, in connect
    return dialect.connect(*cargs_tup, **cparams)
  File "C:\Users\danes\OneDrive\Desktop\Healthcheck-project\health-dashboard\venv\lib\site-packages\sqlalchemy\engine\default.py", line 630, in connect
    return self.loaded_dbapi.connect(*cargs, **cparams)  # type: ignore[no-any-return]  # NOQA: E501
  File "C:\Users\danes\OneDrive\Desktop\Healthcheck-project\health-dashboard\venv\lib\site-packages\psycopg2\__init__.py", line 154, in connect
    conn = _connect(dsn, connection_factory=connection_factory, **kwasync)
sqlalchemy.exc.OperationalError: (psycopg2.OperationalError) connection to server at "localhost" (::1), port 5432 failed: FATAL:  password authentication failed for user "postgres"

(Background on this error at: https://sqlalche.me/e/20/e3q8)
2026-07-29 09:26:31,041 [INFO] apscheduler.executors.default - Job "execute_health_checks (trigger: interval[0:00:15], next run at: 2026-07-29 09:26:45 IST)" executed successfully
2026-07-29 09:26:45,975 [INFO] apscheduler.executors.default - Running job "execute_health_checks (trigger: interval[0:00:15], next run at: 2026-07-29 09:27:00 IST)" (scheduled at 2026-07-29 09:26:45.972273+05:30)
2026-07-29 09:26:46,036 [ERROR] scheduler - MonitoringService: Error in check scheduler execution: (psycopg2.OperationalError) connection to server at "localhost" (::1), port 5432 failed: FATAL:  password authentication failed for user "postgres"

(Background on this error at: https://sqlalche.me/e/20/e3q8)
Traceback (most recent call last):
  File "C:\Users\danes\OneDrive\Desktop\Healthcheck-project\health-dashboard\venv\lib\site-packages\sqlalchemy\engine\base.py", line 144, in __init__
    self._dbapi_connection = engine.raw_connection()
  File "C:\Users\danes\OneDrive\Desktop\Healthcheck-project\health-dashboard\venv\lib\site-packages\sqlalchemy\engine\base.py", line 3319, in raw_connection
    return self.pool.connect()
  File "C:\Users\danes\OneDrive\Desktop\Healthcheck-project\health-dashboard\venv\lib\site-packages\sqlalchemy\pool\base.py", line 448, in connect
    return _ConnectionFairy._checkout(self)
  File "C:\Users\danes\OneDrive\Desktop\Healthcheck-project\health-dashboard\venv\lib\site-packages\sqlalchemy\pool\base.py", line 1272, in _checkout
    fairy = _ConnectionRecord.checkout(pool)
  File "C:\Users\danes\OneDrive\Desktop\Healthcheck-project\health-dashboard\venv\lib\site-packages\sqlalchemy\pool\base.py", line 712, in checkout
    rec = pool._do_get()
  File "C:\Users\danes\OneDrive\Desktop\Healthcheck-project\health-dashboard\venv\lib\site-packages\sqlalchemy\pool\impl.py", line 179, in _do_get
    self._dec_overflow()
  File "C:\Users\danes\OneDrive\Desktop\Healthcheck-project\health-dashboard\venv\lib\site-packages\sqlalchemy\util\langhelpers.py", line 122, in __exit__
    raise exc_value.with_traceback(exc_tb)
  File "C:\Users\danes\OneDrive\Desktop\Healthcheck-project\health-dashboard\venv\lib\site-packages\sqlalchemy\pool\impl.py", line 176, in _do_get
    return self._create_connection()
  File "C:\Users\danes\OneDrive\Desktop\Healthcheck-project\health-dashboard\venv\lib\site-packages\sqlalchemy\pool\base.py", line 389, in _create_connection
    return _ConnectionRecord(self)
  File "C:\Users\danes\OneDrive\Desktop\Healthcheck-project\health-dashboard\venv\lib\site-packages\sqlalchemy\pool\base.py", line 674, in __init__
    self.__connect()
  File "C:\Users\danes\OneDrive\Desktop\Healthcheck-project\health-dashboard\venv\lib\site-packages\sqlalchemy\pool\base.py", line 901, in __connect
    pool.logger.debug("Error on connect(): %s", e)
  File "C:\Users\danes\OneDrive\Desktop\Healthcheck-project\health-dashboard\venv\lib\site-packages\sqlalchemy\util\langhelpers.py", line 122, in __exit__
    raise exc_value.with_traceback(exc_tb)
  File "C:\Users\danes\OneDrive\Desktop\Healthcheck-project\health-dashboard\venv\lib\site-packages\sqlalchemy\pool\base.py", line 896, in __connect
    self.dbapi_connection = connection = pool._invoke_creator(self)
  File "C:\Users\danes\OneDrive\Desktop\Healthcheck-project\health-dashboard\venv\lib\site-packages\sqlalchemy\engine\create.py", line 667, in connect
    return dialect.connect(*cargs_tup, **cparams)
  File "C:\Users\danes\OneDrive\Desktop\Healthcheck-project\health-dashboard\venv\lib\site-packages\sqlalchemy\engine\default.py", line 630, in connect
    return self.loaded_dbapi.connect(*cargs, **cparams)  # type: ignore[no-any-return]  # NOQA: E501
  File "C:\Users\danes\OneDrive\Desktop\Healthcheck-project\health-dashboard\venv\lib\site-packages\psycopg2\__init__.py", line 154, in connect
    conn = _connect(dsn, connection_factory=connection_factory, **kwasync)
psycopg2.OperationalError: connection to server at "localhost" (::1), port 5432 failed: FATAL:  password authentication failed for user "postgres"


The above exception was the direct cause of the following exception:

Traceback (most recent call last):
  File "C:\Users\danes\OneDrive\Desktop\Healthcheck-project\health-monitoring-system\monitoring-dashboard\app\services\monitoring_service.py", line 121, in execute_health_checks
    services = db.query(Service).all()
  File "C:\Users\danes\OneDrive\Desktop\Healthcheck-project\health-dashboard\venv\lib\site-packages\sqlalchemy\orm\query.py", line 2711, in all
    return self._iter().all()  # type: ignore
  File "C:\Users\danes\OneDrive\Desktop\Healthcheck-project\health-dashboard\venv\lib\site-packages\sqlalchemy\orm\query.py", line 2864, in _iter
    result: Union[ScalarResult[_T], Result[_T]] = self.session.execute(
  File "C:\Users\danes\OneDrive\Desktop\Healthcheck-project\health-dashboard\venv\lib\site-packages\sqlalchemy\orm\session.py", line 2373, in execute
    return self._execute_internal(
  File "C:\Users\danes\OneDrive\Desktop\Healthcheck-project\health-dashboard\venv\lib\site-packages\sqlalchemy\orm\session.py", line 2261, in _execute_internal
    conn = self._connection_for_bind(bind)
  File "C:\Users\danes\OneDrive\Desktop\Healthcheck-project\health-dashboard\venv\lib\site-packages\sqlalchemy\orm\session.py", line 2113, in _connection_for_bind
    return trans._connection_for_bind(engine, execution_options)
  File "<string>", line 2, in _connection_for_bind
  File "C:\Users\danes\OneDrive\Desktop\Healthcheck-project\health-dashboard\venv\lib\site-packages\sqlalchemy\orm\state_changes.py", line 137, in _go
    ret_value = fn(self, *arg, **kw)
  File "C:\Users\danes\OneDrive\Desktop\Healthcheck-project\health-dashboard\venv\lib\site-packages\sqlalchemy\orm\session.py", line 1191, in _connection_for_bind
    conn = bind.connect()
  File "C:\Users\danes\OneDrive\Desktop\Healthcheck-project\health-dashboard\venv\lib\site-packages\sqlalchemy\engine\base.py", line 3295, in connect
    return self._connection_cls(self)
  File "C:\Users\danes\OneDrive\Desktop\Healthcheck-project\health-dashboard\venv\lib\site-packages\sqlalchemy\engine\base.py", line 146, in __init__
    Connection._handle_dbapi_exception_noconnection(
  File "C:\Users\danes\OneDrive\Desktop\Healthcheck-project\health-dashboard\venv\lib\site-packages\sqlalchemy\engine\base.py", line 2450, in _handle_dbapi_exception_noconnection
    raise sqlalchemy_exception.with_traceback(exc_info[2]) from e
  File "C:\Users\danes\OneDrive\Desktop\Healthcheck-project\health-dashboard\venv\lib\site-packages\sqlalchemy\engine\base.py", line 144, in __init__
    self._dbapi_connection = engine.raw_connection()
  File "C:\Users\danes\OneDrive\Desktop\Healthcheck-project\health-dashboard\venv\lib\site-packages\sqlalchemy\engine\base.py", line 3319, in raw_connection
    return self.pool.connect()
  File "C:\Users\danes\OneDrive\Desktop\Healthcheck-project\health-dashboard\venv\lib\site-packages\sqlalchemy\pool\base.py", line 448, in connect
    return _ConnectionFairy._checkout(self)
  File "C:\Users\danes\OneDrive\Desktop\Healthcheck-project\health-dashboard\venv\lib\site-packages\sqlalchemy\pool\base.py", line 1272, in _checkout
    fairy = _ConnectionRecord.checkout(pool)
  File "C:\Users\danes\OneDrive\Desktop\Healthcheck-project\health-dashboard\venv\lib\site-packages\sqlalchemy\pool\base.py", line 712, in checkout
    rec = pool._do_get()
  File "C:\Users\danes\OneDrive\Desktop\Healthcheck-project\health-dashboard\venv\lib\site-packages\sqlalchemy\pool\impl.py", line 179, in _do_get
    self._dec_overflow()
  File "C:\Users\danes\OneDrive\Desktop\Healthcheck-project\health-dashboard\venv\lib\site-packages\sqlalchemy\util\langhelpers.py", line 122, in __exit__
    raise exc_value.with_traceback(exc_tb)
  File "C:\Users\danes\OneDrive\Desktop\Healthcheck-project\health-dashboard\venv\lib\site-packages\sqlalchemy\pool\impl.py", line 176, in _do_get
    return self._create_connection()
  File "C:\Users\danes\OneDrive\Desktop\Healthcheck-project\health-dashboard\venv\lib\site-packages\sqlalchemy\pool\base.py", line 389, in _create_connection
    return _ConnectionRecord(self)
  File "C:\Users\danes\OneDrive\Desktop\Healthcheck-project\health-dashboard\venv\lib\site-packages\sqlalchemy\pool\base.py", line 674, in __init__
    self.__connect()
  File "C:\Users\danes\OneDrive\Desktop\Healthcheck-project\health-dashboard\venv\lib\site-packages\sqlalchemy\pool\base.py", line 901, in __connect
    pool.logger.debug("Error on connect(): %s", e)
  File "C:\Users\danes\OneDrive\Desktop\Healthcheck-project\health-dashboard\venv\lib\site-packages\sqlalchemy\util\langhelpers.py", line 122, in __exit__
    raise exc_value.with_traceback(exc_tb)
  File "C:\Users\danes\OneDrive\Desktop\Healthcheck-project\health-dashboard\venv\lib\site-packages\sqlalchemy\pool\base.py", line 896, in __connect
    self.dbapi_connection = connection = pool._invoke_creator(self)
  File "C:\Users\danes\OneDrive\Desktop\Healthcheck-project\health-dashboard\venv\lib\site-packages\sqlalchemy\engine\create.py", line 667, in connect
    return dialect.connect(*cargs_tup, **cparams)
  File "C:\Users\danes\OneDrive\Desktop\Healthcheck-project\health-dashboard\venv\lib\site-packages\sqlalchemy\engine\default.py", line 630, in connect
    return self.loaded_dbapi.connect(*cargs, **cparams)  # type: ignore[no-any-return]  # NOQA: E501
  File "C:\Users\danes\OneDrive\Desktop\Healthcheck-project\health-dashboard\venv\lib\site-packages\psycopg2\__init__.py", line 154, in connect
    conn = _connect(dsn, connection_factory=connection_factory, **kwasync)
sqlalchemy.exc.OperationalError: (psycopg2.OperationalError) connection to server at "localhost" (::1), port 5432 failed: FATAL:  password authentication failed for user "postgres"

(Background on this error at: https://sqlalche.me/e/20/e3q8)
2026-07-29 09:26:46,042 [INFO] apscheduler.executors.default - Job "execute_health_checks (trigger: interval[0:00:15], next run at: 2026-07-29 09:27:00 IST)" executed successfully
2026-07-29 09:27:00,988 [INFO] apscheduler.executors.default - Running job "execute_health_checks (trigger: interval[0:00:15], next run at: 2026-07-29 09:27:15 IST)" (scheduled at 2026-07-29 09:27:00.972273+05:30)
2026-07-29 09:27:01,162 [ERROR] scheduler - MonitoringService: Error in check scheduler execution: (psycopg2.OperationalError) connection to server at "localhost" (::1), port 5432 failed: FATAL:  password authentication failed for user "postgres"

(Background on this error at: https://sqlalche.me/e/20/e3q8)
Traceback (most recent call last):
  File "C:\Users\danes\OneDrive\Desktop\Healthcheck-project\health-dashboard\venv\lib\site-packages\sqlalchemy\engine\base.py", line 144, in __init__
    self._dbapi_connection = engine.raw_connection()
  File "C:\Users\danes\OneDrive\Desktop\Healthcheck-project\health-dashboard\venv\lib\site-packages\sqlalchemy\engine\base.py", line 3319, in raw_connection
    return self.pool.connect()
  File "C:\Users\danes\OneDrive\Desktop\Healthcheck-project\health-dashboard\venv\lib\site-packages\sqlalchemy\pool\base.py", line 448, in connect
    return _ConnectionFairy._checkout(self)
  File "C:\Users\danes\OneDrive\Desktop\Healthcheck-project\health-dashboard\venv\lib\site-packages\sqlalchemy\pool\base.py", line 1272, in _checkout
    fairy = _ConnectionRecord.checkout(pool)
  File "C:\Users\danes\OneDrive\Desktop\Healthcheck-project\health-dashboard\venv\lib\site-packages\sqlalchemy\pool\base.py", line 712, in checkout
    rec = pool._do_get()
  File "C:\Users\danes\OneDrive\Desktop\Healthcheck-project\health-dashboard\venv\lib\site-packages\sqlalchemy\pool\impl.py", line 179, in _do_get
    self._dec_overflow()
  File "C:\Users\danes\OneDrive\Desktop\Healthcheck-project\health-dashboard\venv\lib\site-packages\sqlalchemy\util\langhelpers.py", line 122, in __exit__
    raise exc_value.with_traceback(exc_tb)
  File "C:\Users\danes\OneDrive\Desktop\Healthcheck-project\health-dashboard\venv\lib\site-packages\sqlalchemy\pool\impl.py", line 176, in _do_get
    return self._create_connection()
  File "C:\Users\danes\OneDrive\Desktop\Healthcheck-project\health-dashboard\venv\lib\site-packages\sqlalchemy\pool\base.py", line 389, in _create_connection
    return _ConnectionRecord(self)
  File "C:\Users\danes\OneDrive\Desktop\Healthcheck-project\health-dashboard\venv\lib\site-packages\sqlalchemy\pool\base.py", line 674, in __init__
    self.__connect()
  File "C:\Users\danes\OneDrive\Desktop\Healthcheck-project\health-dashboard\venv\lib\site-packages\sqlalchemy\pool\base.py", line 901, in __connect
    pool.logger.debug("Error on connect(): %s", e)
  File "C:\Users\danes\OneDrive\Desktop\Healthcheck-project\health-dashboard\venv\lib\site-packages\sqlalchemy\util\langhelpers.py", line 122, in __exit__
    raise exc_value.with_traceback(exc_tb)
  File "C:\Users\danes\OneDrive\Desktop\Healthcheck-project\health-dashboard\venv\lib\site-packages\sqlalchemy\pool\base.py", line 896, in __connect
    self.dbapi_connection = connection = pool._invoke_creator(self)
  File "C:\Users\danes\OneDrive\Desktop\Healthcheck-project\health-dashboard\venv\lib\site-packages\sqlalchemy\engine\create.py", line 667, in connect
    return dialect.connect(*cargs_tup, **cparams)
  File "C:\Users\danes\OneDrive\Desktop\Healthcheck-project\health-dashboard\venv\lib\site-packages\sqlalchemy\engine\default.py", line 630, in connect
    return self.loaded_dbapi.connect(*cargs, **cparams)  # type: ignore[no-any-return]  # NOQA: E501
  File "C:\Users\danes\OneDrive\Desktop\Healthcheck-project\health-dashboard\venv\lib\site-packages\psycopg2\__init__.py", line 154, in connect
    conn = _connect(dsn, connection_factory=connection_factory, **kwasync)
psycopg2.OperationalError: connection to server at "localhost" (::1), port 5432 failed: FATAL:  password authentication failed for user "postgres"


The above exception was the direct cause of the following exception:

Traceback (most recent call last):
  File "C:\Users\danes\OneDrive\Desktop\Healthcheck-project\health-monitoring-system\monitoring-dashboard\app\services\monitoring_service.py", line 121, in execute_health_checks
    services = db.query(Service).all()
  File "C:\Users\danes\OneDrive\Desktop\Healthcheck-project\health-dashboard\venv\lib\site-packages\sqlalchemy\orm\query.py", line 2711, in all
    return self._iter().all()  # type: ignore
  File "C:\Users\danes\OneDrive\Desktop\Healthcheck-project\health-dashboard\venv\lib\site-packages\sqlalchemy\orm\query.py", line 2864, in _iter
    result: Union[ScalarResult[_T], Result[_T]] = self.session.execute(
  File "C:\Users\danes\OneDrive\Desktop\Healthcheck-project\health-dashboard\venv\lib\site-packages\sqlalchemy\orm\session.py", line 2373, in execute
    return self._execute_internal(
  File "C:\Users\danes\OneDrive\Desktop\Healthcheck-project\health-dashboard\venv\lib\site-packages\sqlalchemy\orm\session.py", line 2261, in _execute_internal
    conn = self._connection_for_bind(bind)
  File "C:\Users\danes\OneDrive\Desktop\Healthcheck-project\health-dashboard\venv\lib\site-packages\sqlalchemy\orm\session.py", line 2113, in _connection_for_bind
    return trans._connection_for_bind(engine, execution_options)
  File "<string>", line 2, in _connection_for_bind
  File "C:\Users\danes\OneDrive\Desktop\Healthcheck-project\health-dashboard\venv\lib\site-packages\sqlalchemy\orm\state_changes.py", line 137, in _go
    ret_value = fn(self, *arg, **kw)
  File "C:\Users\danes\OneDrive\Desktop\Healthcheck-project\health-dashboard\venv\lib\site-packages\sqlalchemy\orm\session.py", line 1191, in _connection_for_bind
    conn = bind.connect()
  File "C:\Users\danes\OneDrive\Desktop\Healthcheck-project\health-dashboard\venv\lib\site-packages\sqlalchemy\engine\base.py", line 3295, in connect
    return self._connection_cls(self)
  File "C:\Users\danes\OneDrive\Desktop\Healthcheck-project\health-dashboard\venv\lib\site-packages\sqlalchemy\engine\base.py", line 146, in __init__
    Connection._handle_dbapi_exception_noconnection(
  File "C:\Users\danes\OneDrive\Desktop\Healthcheck-project\health-dashboard\venv\lib\site-packages\sqlalchemy\engine\base.py", line 2450, in _handle_dbapi_exception_noconnection
    raise sqlalchemy_exception.with_traceback(exc_info[2]) from e
  File "C:\Users\danes\OneDrive\Desktop\Healthcheck-project\health-dashboard\venv\lib\site-packages\sqlalchemy\engine\base.py", line 144, in __init__
    self._dbapi_connection = engine.raw_connection()
  File "C:\Users\danes\OneDrive\Desktop\Healthcheck-project\health-dashboard\venv\lib\site-packages\sqlalchemy\engine\base.py", line 3319, in raw_connection
    return self.pool.connect()
  File "C:\Users\danes\OneDrive\Desktop\Healthcheck-project\health-dashboard\venv\lib\site-packages\sqlalchemy\pool\base.py", line 448, in connect
    return _ConnectionFairy._checkout(self)
  File "C:\Users\danes\OneDrive\Desktop\Healthcheck-project\health-dashboard\venv\lib\site-packages\sqlalchemy\pool\base.py", line 1272, in _checkout
    fairy = _ConnectionRecord.checkout(pool)
  File "C:\Users\danes\OneDrive\Desktop\Healthcheck-project\health-dashboard\venv\lib\site-packages\sqlalchemy\pool\base.py", line 712, in checkout
    rec = pool._do_get()
  File "C:\Users\danes\OneDrive\Desktop\Healthcheck-project\health-dashboard\venv\lib\site-packages\sqlalchemy\pool\impl.py", line 179, in _do_get
    self._dec_overflow()
  File "C:\Users\danes\OneDrive\Desktop\Healthcheck-project\health-dashboard\venv\lib\site-packages\sqlalchemy\util\langhelpers.py", line 122, in __exit__
    raise exc_value.with_traceback(exc_tb)
  File "C:\Users\danes\OneDrive\Desktop\Healthcheck-project\health-dashboard\venv\lib\site-packages\sqlalchemy\pool\impl.py", line 176, in _do_get
    return self._create_connection()
  File "C:\Users\danes\OneDrive\Desktop\Healthcheck-project\health-dashboard\venv\lib\site-packages\sqlalchemy\pool\base.py", line 389, in _create_connection
    return _ConnectionRecord(self)
  File "C:\Users\danes\OneDrive\Desktop\Healthcheck-project\health-dashboard\venv\lib\site-packages\sqlalchemy\pool\base.py", line 674, in __init__
    self.__connect()
  File "C:\Users\danes\OneDrive\Desktop\Healthcheck-project\health-dashboard\venv\lib\site-packages\sqlalchemy\pool\base.py", line 901, in __connect
    pool.logger.debug("Error on connect(): %s", e)
  File "C:\Users\danes\OneDrive\Desktop\Healthcheck-project\health-dashboard\venv\lib\site-packages\sqlalchemy\util\langhelpers.py", line 122, in __exit__
    raise exc_value.with_traceback(exc_tb)
  File "C:\Users\danes\OneDrive\Desktop\Healthcheck-project\health-dashboard\venv\lib\site-packages\sqlalchemy\pool\base.py", line 896, in __connect
    self.dbapi_connection = connection = pool._invoke_creator(self)
  File "C:\Users\danes\OneDrive\Desktop\Healthcheck-project\health-dashboard\venv\lib\site-packages\sqlalchemy\engine\create.py", line 667, in connect
    return dialect.connect(*cargs_tup, **cparams)
  File "C:\Users\danes\OneDrive\Desktop\Healthcheck-project\health-dashboard\venv\lib\site-packages\sqlalchemy\engine\default.py", line 630, in connect
    return self.loaded_dbapi.connect(*cargs, **cparams)  # type: ignore[no-any-return]  # NOQA: E501
  File "C:\Users\danes\OneDrive\Desktop\Healthcheck-project\health-dashboard\venv\lib\site-packages\psycopg2\__init__.py", line 154, in connect
    conn = _connect(dsn, connection_factory=connection_factory, **kwasync)
sqlalchemy.exc.OperationalError: (psycopg2.OperationalError) connection to server at "localhost" (::1), port 5432 failed: FATAL:  password authentication failed for user "postgres"

(Background on this error at: https://sqlalche.me/e/20/e3q8)
2026-07-29 09:27:01,167 [INFO] apscheduler.executors.default - Job "execute_health_checks (trigger: interval[0:00:15], next run at: 2026-07-29 09:27:15 IST)" executed successfully
2026-07-29 09:27:15,976 [INFO] apscheduler.executors.default - Running job "execute_health_checks (trigger: interval[0:00:15], next run at: 2026-07-29 09:27:30 IST)" (scheduled at 2026-07-29 09:27:15.972273+05:30)
2026-07-29 09:27:16,058 [ERROR] scheduler - MonitoringService: Error in check scheduler execution: (psycopg2.OperationalError) connection to server at "localhost" (::1), port 5432 failed: FATAL:  password authentication failed for user "postgres"

(Background on this error at: https://sqlalche.me/e/20/e3q8)
Traceback (most recent call last):
  File "C:\Users\danes\OneDrive\Desktop\Healthcheck-project\health-dashboard\venv\lib\site-packages\sqlalchemy\engine\base.py", line 144, in __init__
    self._dbapi_connection = engine.raw_connection()
  File "C:\Users\danes\OneDrive\Desktop\Healthcheck-project\health-dashboard\venv\lib\site-packages\sqlalchemy\engine\base.py", line 3319, in raw_connection
    return self.pool.connect()
  File "C:\Users\danes\OneDrive\Desktop\Healthcheck-project\health-dashboard\venv\lib\site-packages\sqlalchemy\pool\base.py", line 448, in connect
    return _ConnectionFairy._checkout(self)
  File "C:\Users\danes\OneDrive\Desktop\Healthcheck-project\health-dashboard\venv\lib\site-packages\sqlalchemy\pool\base.py", line 1272, in _checkout
    fairy = _ConnectionRecord.checkout(pool)
  File "C:\Users\danes\OneDrive\Desktop\Healthcheck-project\health-dashboard\venv\lib\site-packages\sqlalchemy\pool\base.py", line 712, in checkout
    rec = pool._do_get()
  File "C:\Users\danes\OneDrive\Desktop\Healthcheck-project\health-dashboard\venv\lib\site-packages\sqlalchemy\pool\impl.py", line 179, in _do_get
    self._dec_overflow()
  File "C:\Users\danes\OneDrive\Desktop\Healthcheck-project\health-dashboard\venv\lib\site-packages\sqlalchemy\util\langhelpers.py", line 122, in __exit__
    raise exc_value.with_traceback(exc_tb)
  File "C:\Users\danes\OneDrive\Desktop\Healthcheck-project\health-dashboard\venv\lib\site-packages\sqlalchemy\pool\impl.py", line 176, in _do_get
    return self._create_connection()
  File "C:\Users\danes\OneDrive\Desktop\Healthcheck-project\health-dashboard\venv\lib\site-packages\sqlalchemy\pool\base.py", line 389, in _create_connection
    return _ConnectionRecord(self)
  File "C:\Users\danes\OneDrive\Desktop\Healthcheck-project\health-dashboard\venv\lib\site-packages\sqlalchemy\pool\base.py", line 674, in __init__
    self.__connect()
  File "C:\Users\danes\OneDrive\Desktop\Healthcheck-project\health-dashboard\venv\lib\site-packages\sqlalchemy\pool\base.py", line 901, in __connect
    pool.logger.debug("Error on connect(): %s", e)
  File "C:\Users\danes\OneDrive\Desktop\Healthcheck-project\health-dashboard\venv\lib\site-packages\sqlalchemy\util\langhelpers.py", line 122, in __exit__
    raise exc_value.with_traceback(exc_tb)
  File "C:\Users\danes\OneDrive\Desktop\Healthcheck-project\health-dashboard\venv\lib\site-packages\sqlalchemy\pool\base.py", line 896, in __connect
    self.dbapi_connection = connection = pool._invoke_creator(self)
  File "C:\Users\danes\OneDrive\Desktop\Healthcheck-project\health-dashboard\venv\lib\site-packages\sqlalchemy\engine\create.py", line 667, in connect
    return dialect.connect(*cargs_tup, **cparams)
  File "C:\Users\danes\OneDrive\Desktop\Healthcheck-project\health-dashboard\venv\lib\site-packages\sqlalchemy\engine\default.py", line 630, in connect
    return self.loaded_dbapi.connect(*cargs, **cparams)  # type: ignore[no-any-return]  # NOQA: E501
  File "C:\Users\danes\OneDrive\Desktop\Healthcheck-project\health-dashboard\venv\lib\site-packages\psycopg2\__init__.py", line 154, in connect
    conn = _connect(dsn, connection_factory=connection_factory, **kwasync)
psycopg2.OperationalError: connection to server at "localhost" (::1), port 5432 failed: FATAL:  password authentication failed for user "postgres"


The above exception was the direct cause of the following exception:

Traceback (most recent call last):
  File "C:\Users\danes\OneDrive\Desktop\Healthcheck-project\health-monitoring-system\monitoring-dashboard\app\services\monitoring_service.py", line 121, in execute_health_checks
    services = db.query(Service).all()
  File "C:\Users\danes\OneDrive\Desktop\Healthcheck-project\health-dashboard\venv\lib\site-packages\sqlalchemy\orm\query.py", line 2711, in all
    return self._iter().all()  # type: ignore
  File "C:\Users\danes\OneDrive\Desktop\Healthcheck-project\health-dashboard\venv\lib\site-packages\sqlalchemy\orm\query.py", line 2864, in _iter
    result: Union[ScalarResult[_T], Result[_T]] = self.session.execute(
  File "C:\Users\danes\OneDrive\Desktop\Healthcheck-project\health-dashboard\venv\lib\site-packages\sqlalchemy\orm\session.py", line 2373, in execute
    return self._execute_internal(
  File "C:\Users\danes\OneDrive\Desktop\Healthcheck-project\health-dashboard\venv\lib\site-packages\sqlalchemy\orm\session.py", line 2261, in _execute_internal
    conn = self._connection_for_bind(bind)
  File "C:\Users\danes\OneDrive\Desktop\Healthcheck-project\health-dashboard\venv\lib\site-packages\sqlalchemy\orm\session.py", line 2113, in _connection_for_bind
    return trans._connection_for_bind(engine, execution_options)
  File "<string>", line 2, in _connection_for_bind
  File "C:\Users\danes\OneDrive\Desktop\Healthcheck-project\health-dashboard\venv\lib\site-packages\sqlalchemy\orm\state_changes.py", line 137, in _go
    ret_value = fn(self, *arg, **kw)
  File "C:\Users\danes\OneDrive\Desktop\Healthcheck-project\health-dashboard\venv\lib\site-packages\sqlalchemy\orm\session.py", line 1191, in _connection_for_bind
    conn = bind.connect()
  File "C:\Users\danes\OneDrive\Desktop\Healthcheck-project\health-dashboard\venv\lib\site-packages\sqlalchemy\engine\base.py", line 3295, in connect
    return self._connection_cls(self)
  File "C:\Users\danes\OneDrive\Desktop\Healthcheck-project\health-dashboard\venv\lib\site-packages\sqlalchemy\engine\base.py", line 146, in __init__
    Connection._handle_dbapi_exception_noconnection(
  File "C:\Users\danes\OneDrive\Desktop\Healthcheck-project\health-dashboard\venv\lib\site-packages\sqlalchemy\engine\base.py", line 2450, in _handle_dbapi_exception_noconnection
    raise sqlalchemy_exception.with_traceback(exc_info[2]) from e
  File "C:\Users\danes\OneDrive\Desktop\Healthcheck-project\health-dashboard\venv\lib\site-packages\sqlalchemy\engine\base.py", line 144, in __init__
    self._dbapi_connection = engine.raw_connection()
  File "C:\Users\danes\OneDrive\Desktop\Healthcheck-project\health-dashboard\venv\lib\site-packages\sqlalchemy\engine\base.py", line 3319, in raw_connection
    return self.pool.connect()
  File "C:\Users\danes\OneDrive\Desktop\Healthcheck-project\health-dashboard\venv\lib\site-packages\sqlalchemy\pool\base.py", line 448, in connect
    return _ConnectionFairy._checkout(self)
  File "C:\Users\danes\OneDrive\Desktop\Healthcheck-project\health-dashboard\venv\lib\site-packages\sqlalchemy\pool\base.py", line 1272, in _checkout
    fairy = _ConnectionRecord.checkout(pool)
  File "C:\Users\danes\OneDrive\Desktop\Healthcheck-project\health-dashboard\venv\lib\site-packages\sqlalchemy\pool\base.py", line 712, in checkout
    rec = pool._do_get()
  File "C:\Users\danes\OneDrive\Desktop\Healthcheck-project\health-dashboard\venv\lib\site-packages\sqlalchemy\pool\impl.py", line 179, in _do_get
    self._dec_overflow()
  File "C:\Users\danes\OneDrive\Desktop\Healthcheck-project\health-dashboard\venv\lib\site-packages\sqlalchemy\util\langhelpers.py", line 122, in __exit__
    raise exc_value.with_traceback(exc_tb)
  File "C:\Users\danes\OneDrive\Desktop\Healthcheck-project\health-dashboard\venv\lib\site-packages\sqlalchemy\pool\impl.py", line 176, in _do_get
    return self._create_connection()
  File "C:\Users\danes\OneDrive\Desktop\Healthcheck-project\health-dashboard\venv\lib\site-packages\sqlalchemy\pool\base.py", line 389, in _create_connection
    return _ConnectionRecord(self)
  File "C:\Users\danes\OneDrive\Desktop\Healthcheck-project\health-dashboard\venv\lib\site-packages\sqlalchemy\pool\base.py", line 674, in __init__
    self.__connect()
  File "C:\Users\danes\OneDrive\Desktop\Healthcheck-project\health-dashboard\venv\lib\site-packages\sqlalchemy\pool\base.py", line 901, in __connect
    pool.logger.debug("Error on connect(): %s", e)
  File "C:\Users\danes\OneDrive\Desktop\Healthcheck-project\health-dashboard\venv\lib\site-packages\sqlalchemy\util\langhelpers.py", line 122, in __exit__
    raise exc_value.with_traceback(exc_tb)
  File "C:\Users\danes\OneDrive\Desktop\Healthcheck-project\health-dashboard\venv\lib\site-packages\sqlalchemy\pool\base.py", line 896, in __connect
    self.dbapi_connection = connection = pool._invoke_creator(self)
  File "C:\Users\danes\OneDrive\Desktop\Healthcheck-project\health-dashboard\venv\lib\site-packages\sqlalchemy\engine\create.py", line 667, in connect
    return dialect.connect(*cargs_tup, **cparams)
  File "C:\Users\danes\OneDrive\Desktop\Healthcheck-project\health-dashboard\venv\lib\site-packages\sqlalchemy\engine\default.py", line 630, in connect
    return self.loaded_dbapi.connect(*cargs, **cparams)  # type: ignore[no-any-return]  # NOQA: E501
  File "C:\Users\danes\OneDrive\Desktop\Healthcheck-project\health-dashboard\venv\lib\site-packages\psycopg2\__init__.py", line 154, in connect
    conn = _connect(dsn, connection_factory=connection_factory, **kwasync)
sqlalchemy.exc.OperationalError: (psycopg2.OperationalError) connection to server at "localhost" (::1), port 5432 failed: FATAL:  password authentication failed for user "postgres"

(Background on this error at: https://sqlalche.me/e/20/e3q8)
2026-07-29 09:27:16,065 [INFO] apscheduler.executors.default - Job "execute_health_checks (trigger: interval[0:00:15], next run at: 2026-07-29 09:27:30 IST)" executed successfully
2026-07-29 09:27:30,977 [INFO] apscheduler.executors.default - Running job "execute_health_checks (trigger: interval[0:00:15], next run at: 2026-07-29 09:27:45 IST)" (scheduled at 2026-07-29 09:27:30.972273+05:30)
2026-07-29 09:27:31,042 [ERROR] scheduler - MonitoringService: Error in check scheduler execution: (psycopg2.OperationalError) connection to server at "localhost" (::1), port 5432 failed: FATAL:  password authentication failed for user "postgres"

(Background on this error at: https://sqlalche.me/e/20/e3q8)
Traceback (most recent call last):
  File "C:\Users\danes\OneDrive\Desktop\Healthcheck-project\health-dashboard\venv\lib\site-packages\sqlalchemy\engine\base.py", line 144, in __init__
    self._dbapi_connection = engine.raw_connection()
  File "C:\Users\danes\OneDrive\Desktop\Healthcheck-project\health-dashboard\venv\lib\site-packages\sqlalchemy\engine\base.py", line 3319, in raw_connection
    return self.pool.connect()
  File "C:\Users\danes\OneDrive\Desktop\Healthcheck-project\health-dashboard\venv\lib\site-packages\sqlalchemy\pool\base.py", line 448, in connect
    return _ConnectionFairy._checkout(self)
  File "C:\Users\danes\OneDrive\Desktop\Healthcheck-project\health-dashboard\venv\lib\site-packages\sqlalchemy\pool\base.py", line 1272, in _checkout
    fairy = _ConnectionRecord.checkout(pool)
  File "C:\Users\danes\OneDrive\Desktop\Healthcheck-project\health-dashboard\venv\lib\site-packages\sqlalchemy\pool\base.py", line 712, in checkout
    rec = pool._do_get()
  File "C:\Users\danes\OneDrive\Desktop\Healthcheck-project\health-dashboard\venv\lib\site-packages\sqlalchemy\pool\impl.py", line 179, in _do_get
    self._dec_overflow()
  File "C:\Users\danes\OneDrive\Desktop\Healthcheck-project\health-dashboard\venv\lib\site-packages\sqlalchemy\util\langhelpers.py", line 122, in __exit__
    raise exc_value.with_traceback(exc_tb)
  File "C:\Users\danes\OneDrive\Desktop\Healthcheck-project\health-dashboard\venv\lib\site-packages\sqlalchemy\pool\impl.py", line 176, in _do_get
    return self._create_connection()
  File "C:\Users\danes\OneDrive\Desktop\Healthcheck-project\health-dashboard\venv\lib\site-packages\sqlalchemy\pool\base.py", line 389, in _create_connection
    return _ConnectionRecord(self)
  File "C:\Users\danes\OneDrive\Desktop\Healthcheck-project\health-dashboard\venv\lib\site-packages\sqlalchemy\pool\base.py", line 674, in __init__
    self.__connect()
  File "C:\Users\danes\OneDrive\Desktop\Healthcheck-project\health-dashboard\venv\lib\site-packages\sqlalchemy\pool\base.py", line 901, in __connect
    pool.logger.debug("Error on connect(): %s", e)
  File "C:\Users\danes\OneDrive\Desktop\Healthcheck-project\health-dashboard\venv\lib\site-packages\sqlalchemy\util\langhelpers.py", line 122, in __exit__
    raise exc_value.with_traceback(exc_tb)
  File "C:\Users\danes\OneDrive\Desktop\Healthcheck-project\health-dashboard\venv\lib\site-packages\sqlalchemy\pool\base.py", line 896, in __connect
    self.dbapi_connection = connection = pool._invoke_creator(self)
  File "C:\Users\danes\OneDrive\Desktop\Healthcheck-project\health-dashboard\venv\lib\site-packages\sqlalchemy\engine\create.py", line 667, in connect
    return dialect.connect(*cargs_tup, **cparams)
  File "C:\Users\danes\OneDrive\Desktop\Healthcheck-project\health-dashboard\venv\lib\site-packages\sqlalchemy\engine\default.py", line 630, in connect
    return self.loaded_dbapi.connect(*cargs, **cparams)  # type: ignore[no-any-return]  # NOQA: E501
  File "C:\Users\danes\OneDrive\Desktop\Healthcheck-project\health-dashboard\venv\lib\site-packages\psycopg2\__init__.py", line 154, in connect
    conn = _connect(dsn, connection_factory=connection_factory, **kwasync)
psycopg2.OperationalError: connection to server at "localhost" (::1), port 5432 failed: FATAL:  password authentication failed for user "postgres"


The above exception was the direct cause of the following exception:

Traceback (most recent call last):
  File "C:\Users\danes\OneDrive\Desktop\Healthcheck-project\health-monitoring-system\monitoring-dashboard\app\services\monitoring_service.py", line 121, in execute_health_checks
    services = db.query(Service).all()
  File "C:\Users\danes\OneDrive\Desktop\Healthcheck-project\health-dashboard\venv\lib\site-packages\sqlalchemy\orm\query.py", line 2711, in all
    return self._iter().all()  # type: ignore
  File "C:\Users\danes\OneDrive\Desktop\Healthcheck-project\health-dashboard\venv\lib\site-packages\sqlalchemy\orm\query.py", line 2864, in _iter
    result: Union[ScalarResult[_T], Result[_T]] = self.session.execute(
  File "C:\Users\danes\OneDrive\Desktop\Healthcheck-project\health-dashboard\venv\lib\site-packages\sqlalchemy\orm\session.py", line 2373, in execute
    return self._execute_internal(
  File "C:\Users\danes\OneDrive\Desktop\Healthcheck-project\health-dashboard\venv\lib\site-packages\sqlalchemy\orm\session.py", line 2261, in _execute_internal
    conn = self._connection_for_bind(bind)
  File "C:\Users\danes\OneDrive\Desktop\Healthcheck-project\health-dashboard\venv\lib\site-packages\sqlalchemy\orm\session.py", line 2113, in _connection_for_bind
    return trans._connection_for_bind(engine, execution_options)
  File "<string>", line 2, in _connection_for_bind
  File "C:\Users\danes\OneDrive\Desktop\Healthcheck-project\health-dashboard\venv\lib\site-packages\sqlalchemy\orm\state_changes.py", line 137, in _go
    ret_value = fn(self, *arg, **kw)
  File "C:\Users\danes\OneDrive\Desktop\Healthcheck-project\health-dashboard\venv\lib\site-packages\sqlalchemy\orm\session.py", line 1191, in _connection_for_bind
    conn = bind.connect()
  File "C:\Users\danes\OneDrive\Desktop\Healthcheck-project\health-dashboard\venv\lib\site-packages\sqlalchemy\engine\base.py", line 3295, in connect
    return self._connection_cls(self)
  File "C:\Users\danes\OneDrive\Desktop\Healthcheck-project\health-dashboard\venv\lib\site-packages\sqlalchemy\engine\base.py", line 146, in __init__
    Connection._handle_dbapi_exception_noconnection(
  File "C:\Users\danes\OneDrive\Desktop\Healthcheck-project\health-dashboard\venv\lib\site-packages\sqlalchemy\engine\base.py", line 2450, in _handle_dbapi_exception_noconnection
    raise sqlalchemy_exception.with_traceback(exc_info[2]) from e
  File "C:\Users\danes\OneDrive\Desktop\Healthcheck-project\health-dashboard\venv\lib\site-packages\sqlalchemy\engine\base.py", line 144, in __init__
    self._dbapi_connection = engine.raw_connection()
  File "C:\Users\danes\OneDrive\Desktop\Healthcheck-project\health-dashboard\venv\lib\site-packages\sqlalchemy\engine\base.py", line 3319, in raw_connection
    return self.pool.connect()
  File "C:\Users\danes\OneDrive\Desktop\Healthcheck-project\health-dashboard\venv\lib\site-packages\sqlalchemy\pool\base.py", line 448, in connect
    return _ConnectionFairy._checkout(self)
  File "C:\Users\danes\OneDrive\Desktop\Healthcheck-project\health-dashboard\venv\lib\site-packages\sqlalchemy\pool\base.py", line 1272, in _checkout
    fairy = _ConnectionRecord.checkout(pool)
  File "C:\Users\danes\OneDrive\Desktop\Healthcheck-project\health-dashboard\venv\lib\site-packages\sqlalchemy\pool\base.py", line 712, in checkout
    rec = pool._do_get()
  File "C:\Users\danes\OneDrive\Desktop\Healthcheck-project\health-dashboard\venv\lib\site-packages\sqlalchemy\pool\impl.py", line 179, in _do_get
    self._dec_overflow()
  File "C:\Users\danes\OneDrive\Desktop\Healthcheck-project\health-dashboard\venv\lib\site-packages\sqlalchemy\util\langhelpers.py", line 122, in __exit__
    raise exc_value.with_traceback(exc_tb)
  File "C:\Users\danes\OneDrive\Desktop\Healthcheck-project\health-dashboard\venv\lib\site-packages\sqlalchemy\pool\impl.py", line 176, in _do_get
    return self._create_connection()
  File "C:\Users\danes\OneDrive\Desktop\Healthcheck-project\health-dashboard\venv\lib\site-packages\sqlalchemy\pool\base.py", line 389, in _create_connection
    return _ConnectionRecord(self)
  File "C:\Users\danes\OneDrive\Desktop\Healthcheck-project\health-dashboard\venv\lib\site-packages\sqlalchemy\pool\base.py", line 674, in __init__
    self.__connect()
  File "C:\Users\danes\OneDrive\Desktop\Healthcheck-project\health-dashboard\venv\lib\site-packages\sqlalchemy\pool\base.py", line 901, in __connect
    pool.logger.debug("Error on connect(): %s", e)
  File "C:\Users\danes\OneDrive\Desktop\Healthcheck-project\health-dashboard\venv\lib\site-packages\sqlalchemy\util\langhelpers.py", line 122, in __exit__
    raise exc_value.with_traceback(exc_tb)
  File "C:\Users\danes\OneDrive\Desktop\Healthcheck-project\health-dashboard\venv\lib\site-packages\sqlalchemy\pool\base.py", line 896, in __connect
    self.dbapi_connection = connection = pool._invoke_creator(self)
  File "C:\Users\danes\OneDrive\Desktop\Healthcheck-project\health-dashboard\venv\lib\site-packages\sqlalchemy\engine\create.py", line 667, in connect
    return dialect.connect(*cargs_tup, **cparams)
  File "C:\Users\danes\OneDrive\Desktop\Healthcheck-project\health-dashboard\venv\lib\site-packages\sqlalchemy\engine\default.py", line 630, in connect
    return self.loaded_dbapi.connect(*cargs, **cparams)  # type: ignore[no-any-return]  # NOQA: E501
  File "C:\Users\danes\OneDrive\Desktop\Healthcheck-project\health-dashboard\venv\lib\site-packages\psycopg2\__init__.py", line 154, in connect
    conn = _connect(dsn, connection_factory=connection_factory, **kwasync)
sqlalchemy.exc.OperationalError: (psycopg2.OperationalError) connection to server at "localhost" (::1), port 5432 failed: FATAL:  password authentication failed for user "postgres"

(Background on this error at: https://sqlalche.me/e/20/e3q8)
2026-07-29 09:27:31,045 [INFO] apscheduler.executors.default - Job "execute_health_checks (trigger: interval[0:00:15], next run at: 2026-07-29 09:27:45 IST)" executed successfully
2026-07-29 09:27:45,982 [INFO] apscheduler.executors.default - Running job "execute_health_checks (trigger: interval[0:00:15], next run at: 2026-07-29 09:28:00 IST)" (scheduled at 2026-07-29 09:27:45.972273+05:30)
2026-07-29 09:27:46,023 [ERROR] scheduler - MonitoringService: Error in check scheduler execution: (psycopg2.OperationalError) connection to server at "localhost" (::1), port 5432 failed: FATAL:  password authentication failed for user "postgres"

(Background on this error at: https://sqlalche.me/e/20/e3q8)
Traceback (most recent call last):
  File "C:\Users\danes\OneDrive\Desktop\Healthcheck-project\health-dashboard\venv\lib\site-packages\sqlalchemy\engine\base.py", line 144, in __init__
    self._dbapi_connection = engine.raw_connection()
  File "C:\Users\danes\OneDrive\Desktop\Healthcheck-project\health-dashboard\venv\lib\site-packages\sqlalchemy\engine\base.py", line 3319, in raw_connection
    return self.pool.connect()
  File "C:\Users\danes\OneDrive\Desktop\Healthcheck-project\health-dashboard\venv\lib\site-packages\sqlalchemy\pool\base.py", line 448, in connect
    return _ConnectionFairy._checkout(self)
  File "C:\Users\danes\OneDrive\Desktop\Healthcheck-project\health-dashboard\venv\lib\site-packages\sqlalchemy\pool\base.py", line 1272, in _checkout
    fairy = _ConnectionRecord.checkout(pool)
  File "C:\Users\danes\OneDrive\Desktop\Healthcheck-project\health-dashboard\venv\lib\site-packages\sqlalchemy\pool\base.py", line 712, in checkout
    rec = pool._do_get()
  File "C:\Users\danes\OneDrive\Desktop\Healthcheck-project\health-dashboard\venv\lib\site-packages\sqlalchemy\pool\impl.py", line 179, in _do_get
    self._dec_overflow()
  File "C:\Users\danes\OneDrive\Desktop\Healthcheck-project\health-dashboard\venv\lib\site-packages\sqlalchemy\util\langhelpers.py", line 122, in __exit__
    raise exc_value.with_traceback(exc_tb)
  File "C:\Users\danes\OneDrive\Desktop\Healthcheck-project\health-dashboard\venv\lib\site-packages\sqlalchemy\pool\impl.py", line 176, in _do_get
    return self._create_connection()
  File "C:\Users\danes\OneDrive\Desktop\Healthcheck-project\health-dashboard\venv\lib\site-packages\sqlalchemy\pool\base.py", line 389, in _create_connection
    return _ConnectionRecord(self)
  File "C:\Users\danes\OneDrive\Desktop\Healthcheck-project\health-dashboard\venv\lib\site-packages\sqlalchemy\pool\base.py", line 674, in __init__
    self.__connect()
  File "C:\Users\danes\OneDrive\Desktop\Healthcheck-project\health-dashboard\venv\lib\site-packages\sqlalchemy\pool\base.py", line 901, in __connect
    pool.logger.debug("Error on connect(): %s", e)
  File "C:\Users\danes\OneDrive\Desktop\Healthcheck-project\health-dashboard\venv\lib\site-packages\sqlalchemy\util\langhelpers.py", line 122, in __exit__
    raise exc_value.with_traceback(exc_tb)
  File "C:\Users\danes\OneDrive\Desktop\Healthcheck-project\health-dashboard\venv\lib\site-packages\sqlalchemy\pool\base.py", line 896, in __connect
    self.dbapi_connection = connection = pool._invoke_creator(self)
  File "C:\Users\danes\OneDrive\Desktop\Healthcheck-project\health-dashboard\venv\lib\site-packages\sqlalchemy\engine\create.py", line 667, in connect
    return dialect.connect(*cargs_tup, **cparams)
  File "C:\Users\danes\OneDrive\Desktop\Healthcheck-project\health-dashboard\venv\lib\site-packages\sqlalchemy\engine\default.py", line 630, in connect
    return self.loaded_dbapi.connect(*cargs, **cparams)  # type: ignore[no-any-return]  # NOQA: E501
  File "C:\Users\danes\OneDrive\Desktop\Healthcheck-project\health-dashboard\venv\lib\site-packages\psycopg2\__init__.py", line 154, in connect
    conn = _connect(dsn, connection_factory=connection_factory, **kwasync)
psycopg2.OperationalError: connection to server at "localhost" (::1), port 5432 failed: FATAL:  password authentication failed for user "postgres"


The above exception was the direct cause of the following exception:

Traceback (most recent call last):
  File "C:\Users\danes\OneDrive\Desktop\Healthcheck-project\health-monitoring-system\monitoring-dashboard\app\services\monitoring_service.py", line 121, in execute_health_checks
    services = db.query(Service).all()
  File "C:\Users\danes\OneDrive\Desktop\Healthcheck-project\health-dashboard\venv\lib\site-packages\sqlalchemy\orm\query.py", line 2711, in all
    return self._iter().all()  # type: ignore
  File "C:\Users\danes\OneDrive\Desktop\Healthcheck-project\health-dashboard\venv\lib\site-packages\sqlalchemy\orm\query.py", line 2864, in _iter
    result: Union[ScalarResult[_T], Result[_T]] = self.session.execute(
  File "C:\Users\danes\OneDrive\Desktop\Healthcheck-project\health-dashboard\venv\lib\site-packages\sqlalchemy\orm\session.py", line 2373, in execute
    return self._execute_internal(
  File "C:\Users\danes\OneDrive\Desktop\Healthcheck-project\health-dashboard\venv\lib\site-packages\sqlalchemy\orm\session.py", line 2261, in _execute_internal
    conn = self._connection_for_bind(bind)
  File "C:\Users\danes\OneDrive\Desktop\Healthcheck-project\health-dashboard\venv\lib\site-packages\sqlalchemy\orm\session.py", line 2113, in _connection_for_bind
    return trans._connection_for_bind(engine, execution_options)
  File "<string>", line 2, in _connection_for_bind
  File "C:\Users\danes\OneDrive\Desktop\Healthcheck-project\health-dashboard\venv\lib\site-packages\sqlalchemy\orm\state_changes.py", line 137, in _go
    ret_value = fn(self, *arg, **kw)
  File "C:\Users\danes\OneDrive\Desktop\Healthcheck-project\health-dashboard\venv\lib\site-packages\sqlalchemy\orm\session.py", line 1191, in _connection_for_bind
    conn = bind.connect()
  File "C:\Users\danes\OneDrive\Desktop\Healthcheck-project\health-dashboard\venv\lib\site-packages\sqlalchemy\engine\base.py", line 3295, in connect
    return self._connection_cls(self)
  File "C:\Users\danes\OneDrive\Desktop\Healthcheck-project\health-dashboard\venv\lib\site-packages\sqlalchemy\engine\base.py", line 146, in __init__
    Connection._handle_dbapi_exception_noconnection(
  File "C:\Users\danes\OneDrive\Desktop\Healthcheck-project\health-dashboard\venv\lib\site-packages\sqlalchemy\engine\base.py", line 2450, in _handle_dbapi_exception_noconnection
    raise sqlalchemy_exception.with_traceback(exc_info[2]) from e
  File "C:\Users\danes\OneDrive\Desktop\Healthcheck-project\health-dashboard\venv\lib\site-packages\sqlalchemy\engine\base.py", line 144, in __init__
    self._dbapi_connection = engine.raw_connection()
  File "C:\Users\danes\OneDrive\Desktop\Healthcheck-project\health-dashboard\venv\lib\site-packages\sqlalchemy\engine\base.py", line 3319, in raw_connection
    return self.pool.connect()
  File "C:\Users\danes\OneDrive\Desktop\Healthcheck-project\health-dashboard\venv\lib\site-packages\sqlalchemy\pool\base.py", line 448, in connect
    return _ConnectionFairy._checkout(self)
  File "C:\Users\danes\OneDrive\Desktop\Healthcheck-project\health-dashboard\venv\lib\site-packages\sqlalchemy\pool\base.py", line 1272, in _checkout
    fairy = _ConnectionRecord.checkout(pool)
  File "C:\Users\danes\OneDrive\Desktop\Healthcheck-project\health-dashboard\venv\lib\site-packages\sqlalchemy\pool\base.py", line 712, in checkout
    rec = pool._do_get()
  File "C:\Users\danes\OneDrive\Desktop\Healthcheck-project\health-dashboard\venv\lib\site-packages\sqlalchemy\pool\impl.py", line 179, in _do_get
    self._dec_overflow()
  File "C:\Users\danes\OneDrive\Desktop\Healthcheck-project\health-dashboard\venv\lib\site-packages\sqlalchemy\util\langhelpers.py", line 122, in __exit__
    raise exc_value.with_traceback(exc_tb)
  File "C:\Users\danes\OneDrive\Desktop\Healthcheck-project\health-dashboard\venv\lib\site-packages\sqlalchemy\pool\impl.py", line 176, in _do_get
    return self._create_connection()
  File "C:\Users\danes\OneDrive\Desktop\Healthcheck-project\health-dashboard\venv\lib\site-packages\sqlalchemy\pool\base.py", line 389, in _create_connection
    return _ConnectionRecord(self)
  File "C:\Users\danes\OneDrive\Desktop\Healthcheck-project\health-dashboard\venv\lib\site-packages\sqlalchemy\pool\base.py", line 674, in __init__
    self.__connect()
  File "C:\Users\danes\OneDrive\Desktop\Healthcheck-project\health-dashboard\venv\lib\site-packages\sqlalchemy\pool\base.py", line 901, in __connect
    pool.logger.debug("Error on connect(): %s", e)
  File "C:\Users\danes\OneDrive\Desktop\Healthcheck-project\health-dashboard\venv\lib\site-packages\sqlalchemy\util\langhelpers.py", line 122, in __exit__
    raise exc_value.with_traceback(exc_tb)
  File "C:\Users\danes\OneDrive\Desktop\Healthcheck-project\health-dashboard\venv\lib\site-packages\sqlalchemy\pool\base.py", line 896, in __connect
    self.dbapi_connection = connection = pool._invoke_creator(self)
  File "C:\Users\danes\OneDrive\Desktop\Healthcheck-project\health-dashboard\venv\lib\site-packages\sqlalchemy\engine\create.py", line 667, in connect
    return dialect.connect(*cargs_tup, **cparams)
  File "C:\Users\danes\OneDrive\Desktop\Healthcheck-project\health-dashboard\venv\lib\site-packages\sqlalchemy\engine\default.py", line 630, in connect
    return self.loaded_dbapi.connect(*cargs, **cparams)  # type: ignore[no-any-return]  # NOQA: E501
  File "C:\Users\danes\OneDrive\Desktop\Healthcheck-project\health-dashboard\venv\lib\site-packages\psycopg2\__init__.py", line 154, in connect
    conn = _connect(dsn, connection_factory=connection_factory, **kwasync)
sqlalchemy.exc.OperationalError: (psycopg2.OperationalError) connection to server at "localhost" (::1), port 5432 failed: FATAL:  password authentication failed for user "postgres"

(Background on this error at: https://sqlalche.me/e/20/e3q8)
2026-07-29 09:27:46,026 [INFO] apscheduler.executors.default - Job "execute_health_checks (trigger: interval[0:00:15], next run at: 2026-07-29 09:28:00 IST)" executed successfully
2026-07-29 09:28:00,978 [INFO] apscheduler.executors.default - Running job "execute_health_checks (trigger: interval[0:00:15], next run at: 2026-07-29 09:28:15 IST)" (scheduled at 2026-07-29 09:28:00.972273+05:30)
2026-07-29 09:28:01,027 [ERROR] scheduler - MonitoringService: Error in check scheduler execution: (psycopg2.OperationalError) connection to server at "localhost" (::1), port 5432 failed: FATAL:  password authentication failed for user "postgres"

(Background on this error at: https://sqlalche.me/e/20/e3q8)
Traceback (most recent call last):
  File "C:\Users\danes\OneDrive\Desktop\Healthcheck-project\health-dashboard\venv\lib\site-packages\sqlalchemy\engine\base.py", line 144, in __init__
    self._dbapi_connection = engine.raw_connection()
  File "C:\Users\danes\OneDrive\Desktop\Healthcheck-project\health-dashboard\venv\lib\site-packages\sqlalchemy\engine\base.py", line 3319, in raw_connection
    return self.pool.connect()
  File "C:\Users\danes\OneDrive\Desktop\Healthcheck-project\health-dashboard\venv\lib\site-packages\sqlalchemy\pool\base.py", line 448, in connect
    return _ConnectionFairy._checkout(self)
  File "C:\Users\danes\OneDrive\Desktop\Healthcheck-project\health-dashboard\venv\lib\site-packages\sqlalchemy\pool\base.py", line 1272, in _checkout
    fairy = _ConnectionRecord.checkout(pool)
  File "C:\Users\danes\OneDrive\Desktop\Healthcheck-project\health-dashboard\venv\lib\site-packages\sqlalchemy\pool\base.py", line 712, in checkout
    rec = pool._do_get()
  File "C:\Users\danes\OneDrive\Desktop\Healthcheck-project\health-dashboard\venv\lib\site-packages\sqlalchemy\pool\impl.py", line 179, in _do_get
    self._dec_overflow()
  File "C:\Users\danes\OneDrive\Desktop\Healthcheck-project\health-dashboard\venv\lib\site-packages\sqlalchemy\util\langhelpers.py", line 122, in __exit__
    raise exc_value.with_traceback(exc_tb)
  File "C:\Users\danes\OneDrive\Desktop\Healthcheck-project\health-dashboard\venv\lib\site-packages\sqlalchemy\pool\impl.py", line 176, in _do_get
    return self._create_connection()
  File "C:\Users\danes\OneDrive\Desktop\Healthcheck-project\health-dashboard\venv\lib\site-packages\sqlalchemy\pool\base.py", line 389, in _create_connection
    return _ConnectionRecord(self)
  File "C:\Users\danes\OneDrive\Desktop\Healthcheck-project\health-dashboard\venv\lib\site-packages\sqlalchemy\pool\base.py", line 674, in __init__
    self.__connect()
  File "C:\Users\danes\OneDrive\Desktop\Healthcheck-project\health-dashboard\venv\lib\site-packages\sqlalchemy\pool\base.py", line 901, in __connect
    pool.logger.debug("Error on connect(): %s", e)
  File "C:\Users\danes\OneDrive\Desktop\Healthcheck-project\health-dashboard\venv\lib\site-packages\sqlalchemy\util\langhelpers.py", line 122, in __exit__
    raise exc_value.with_traceback(exc_tb)
  File "C:\Users\danes\OneDrive\Desktop\Healthcheck-project\health-dashboard\venv\lib\site-packages\sqlalchemy\pool\base.py", line 896, in __connect
    self.dbapi_connection = connection = pool._invoke_creator(self)
  File "C:\Users\danes\OneDrive\Desktop\Healthcheck-project\health-dashboard\venv\lib\site-packages\sqlalchemy\engine\create.py", line 667, in connect
    return dialect.connect(*cargs_tup, **cparams)
  File "C:\Users\danes\OneDrive\Desktop\Healthcheck-project\health-dashboard\venv\lib\site-packages\sqlalchemy\engine\default.py", line 630, in connect
    return self.loaded_dbapi.connect(*cargs, **cparams)  # type: ignore[no-any-return]  # NOQA: E501
  File "C:\Users\danes\OneDrive\Desktop\Healthcheck-project\health-dashboard\venv\lib\site-packages\psycopg2\__init__.py", line 154, in connect
    conn = _connect(dsn, connection_factory=connection_factory, **kwasync)
psycopg2.OperationalError: connection to server at "localhost" (::1), port 5432 failed: FATAL:  password authentication failed for user "postgres"


The above exception was the direct cause of the following exception:

Traceback (most recent call last):
  File "C:\Users\danes\OneDrive\Desktop\Healthcheck-project\health-monitoring-system\monitoring-dashboard\app\services\monitoring_service.py", line 121, in execute_health_checks
    services = db.query(Service).all()
  File "C:\Users\danes\OneDrive\Desktop\Healthcheck-project\health-dashboard\venv\lib\site-packages\sqlalchemy\orm\query.py", line 2711, in all
    return self._iter().all()  # type: ignore
  File "C:\Users\danes\OneDrive\Desktop\Healthcheck-project\health-dashboard\venv\lib\site-packages\sqlalchemy\orm\query.py", line 2864, in _iter
    result: Union[ScalarResult[_T], Result[_T]] = self.session.execute(
  File "C:\Users\danes\OneDrive\Desktop\Healthcheck-project\health-dashboard\venv\lib\site-packages\sqlalchemy\orm\session.py", line 2373, in execute
    return self._execute_internal(
  File "C:\Users\danes\OneDrive\Desktop\Healthcheck-project\health-dashboard\venv\lib\site-packages\sqlalchemy\orm\session.py", line 2261, in _execute_internal
    conn = self._connection_for_bind(bind)
  File "C:\Users\danes\OneDrive\Desktop\Healthcheck-project\health-dashboard\venv\lib\site-packages\sqlalchemy\orm\session.py", line 2113, in _connection_for_bind
    return trans._connection_for_bind(engine, execution_options)
  File "<string>", line 2, in _connection_for_bind
  File "C:\Users\danes\OneDrive\Desktop\Healthcheck-project\health-dashboard\venv\lib\site-packages\sqlalchemy\orm\state_changes.py", line 137, in _go
    ret_value = fn(self, *arg, **kw)
  File "C:\Users\danes\OneDrive\Desktop\Healthcheck-project\health-dashboard\venv\lib\site-packages\sqlalchemy\orm\session.py", line 1191, in _connection_for_bind
    conn = bind.connect()
  File "C:\Users\danes\OneDrive\Desktop\Healthcheck-project\health-dashboard\venv\lib\site-packages\sqlalchemy\engine\base.py", line 3295, in connect
    return self._connection_cls(self)
  File "C:\Users\danes\OneDrive\Desktop\Healthcheck-project\health-dashboard\venv\lib\site-packages\sqlalchemy\engine\base.py", line 146, in __init__
    Connection._handle_dbapi_exception_noconnection(
  File "C:\Users\danes\OneDrive\Desktop\Healthcheck-project\health-dashboard\venv\lib\site-packages\sqlalchemy\engine\base.py", line 2450, in _handle_dbapi_exception_noconnection
    raise sqlalchemy_exception.with_traceback(exc_info[2]) from e
  File "C:\Users\danes\OneDrive\Desktop\Healthcheck-project\health-dashboard\venv\lib\site-packages\sqlalchemy\engine\base.py", line 144, in __init__
    self._dbapi_connection = engine.raw_connection()
  File "C:\Users\danes\OneDrive\Desktop\Healthcheck-project\health-dashboard\venv\lib\site-packages\sqlalchemy\engine\base.py", line 3319, in raw_connection
    return self.pool.connect()
  File "C:\Users\danes\OneDrive\Desktop\Healthcheck-project\health-dashboard\venv\lib\site-packages\sqlalchemy\pool\base.py", line 448, in connect
    return _ConnectionFairy._checkout(self)
  File "C:\Users\danes\OneDrive\Desktop\Healthcheck-project\health-dashboard\venv\lib\site-packages\sqlalchemy\pool\base.py", line 1272, in _checkout
    fairy = _ConnectionRecord.checkout(pool)
  File "C:\Users\danes\OneDrive\Desktop\Healthcheck-project\health-dashboard\venv\lib\site-packages\sqlalchemy\pool\base.py", line 712, in checkout
    rec = pool._do_get()
  File "C:\Users\danes\OneDrive\Desktop\Healthcheck-project\health-dashboard\venv\lib\site-packages\sqlalchemy\pool\impl.py", line 179, in _do_get
    self._dec_overflow()
  File "C:\Users\danes\OneDrive\Desktop\Healthcheck-project\health-dashboard\venv\lib\site-packages\sqlalchemy\util\langhelpers.py", line 122, in __exit__
    raise exc_value.with_traceback(exc_tb)
  File "C:\Users\danes\OneDrive\Desktop\Healthcheck-project\health-dashboard\venv\lib\site-packages\sqlalchemy\pool\impl.py", line 176, in _do_get
    return self._create_connection()
  File "C:\Users\danes\OneDrive\Desktop\Healthcheck-project\health-dashboard\venv\lib\site-packages\sqlalchemy\pool\base.py", line 389, in _create_connection
    return _ConnectionRecord(self)
  File "C:\Users\danes\OneDrive\Desktop\Healthcheck-project\health-dashboard\venv\lib\site-packages\sqlalchemy\pool\base.py", line 674, in __init__
    self.__connect()
  File "C:\Users\danes\OneDrive\Desktop\Healthcheck-project\health-dashboard\venv\lib\site-packages\sqlalchemy\pool\base.py", line 901, in __connect
    pool.logger.debug("Error on connect(): %s", e)
  File "C:\Users\danes\OneDrive\Desktop\Healthcheck-project\health-dashboard\venv\lib\site-packages\sqlalchemy\util\langhelpers.py", line 122, in __exit__
    raise exc_value.with_traceback(exc_tb)
  File "C:\Users\danes\OneDrive\Desktop\Healthcheck-project\health-dashboard\venv\lib\site-packages\sqlalchemy\pool\base.py", line 896, in __connect
    self.dbapi_connection = connection = pool._invoke_creator(self)
  File "C:\Users\danes\OneDrive\Desktop\Healthcheck-project\health-dashboard\venv\lib\site-packages\sqlalchemy\engine\create.py", line 667, in connect
    return dialect.connect(*cargs_tup, **cparams)
  File "C:\Users\danes\OneDrive\Desktop\Healthcheck-project\health-dashboard\venv\lib\site-packages\sqlalchemy\engine\default.py", line 630, in connect
    return self.loaded_dbapi.connect(*cargs, **cparams)  # type: ignore[no-any-return]  # NOQA: E501
  File "C:\Users\danes\OneDrive\Desktop\Healthcheck-project\health-dashboard\venv\lib\site-packages\psycopg2\__init__.py", line 154, in connect
    conn = _connect(dsn, connection_factory=connection_factory, **kwasync)
sqlalchemy.exc.OperationalError: (psycopg2.OperationalError) connection to server at "localhost" (::1), port 5432 failed: FATAL:  password authentication failed for user "postgres"

(Background on this error at: https://sqlalche.me/e/20/e3q8)
2026-07-29 09:28:01,033 [INFO] apscheduler.executors.default - Job "execute_health_checks (trigger: interval[0:00:15], next run at: 2026-07-29 09:28:15 IST)" executed successfully
2026-07-29 09:28:04,484 [INFO] apscheduler.scheduler - Adding job tentatively -- it will be properly scheduled when the scheduler starts
2026-07-29 09:28:04,485 [INFO] apscheduler.scheduler - Added job "execute_health_checks" to job store "default"
2026-07-29 09:28:04,485 [INFO] apscheduler.scheduler - Scheduler started
2026-07-29 09:28:04,487 [INFO] scheduler - MonitoringService: Started SRE monitoring scheduler daemon
2026-07-29 09:28:04,820 [INFO] scheduler - MonitoringService: Stopped SRE monitoring scheduler daemon
2026-07-29 09:28:04,820 [INFO] apscheduler.scheduler - Scheduler has been shut down
2026-07-29 09:28:04,832 [INFO] apscheduler.scheduler - Adding job tentatively -- it will be properly scheduled when the scheduler starts
2026-07-29 09:28:04,832 [INFO] apscheduler.scheduler - Adding job tentatively -- it will be properly scheduled when the scheduler starts
2026-07-29 09:28:04,832 [INFO] apscheduler.scheduler - Added job "execute_health_checks" to job store "default"
2026-07-29 09:28:04,832 [INFO] apscheduler.scheduler - Added job "execute_health_checks" to job store "default"
2026-07-29 09:28:04,833 [INFO] apscheduler.scheduler - Scheduler started
2026-07-29 09:28:04,833 [INFO] apscheduler.scheduler - Scheduler started
2026-07-29 09:28:04,833 [INFO] scheduler - MonitoringService: Started SRE monitoring scheduler daemon
2026-07-29 09:28:04,833 [INFO] scheduler - MonitoringService: Started SRE monitoring scheduler daemon
2026-07-29 09:28:04,843 [INFO] scheduler - MonitoringService: Stopped SRE monitoring scheduler daemon
2026-07-29 09:28:04,843 [INFO] scheduler - MonitoringService: Stopped SRE monitoring scheduler daemon
2026-07-29 09:28:04,843 [INFO] apscheduler.scheduler - Scheduler has been shut down
2026-07-29 09:28:04,843 [INFO] apscheduler.scheduler - Scheduler has been shut down
2026-07-29 09:28:04,851 [INFO] apscheduler.scheduler - Adding job tentatively -- it will be properly scheduled when the scheduler starts
2026-07-29 09:28:04,851 [INFO] apscheduler.scheduler - Adding job tentatively -- it will be properly scheduled when the scheduler starts
2026-07-29 09:28:04,851 [INFO] apscheduler.scheduler - Adding job tentatively -- it will be properly scheduled when the scheduler starts
2026-07-29 09:28:04,851 [INFO] apscheduler.scheduler - Added job "execute_health_checks" to job store "default"
2026-07-29 09:28:04,851 [INFO] apscheduler.scheduler - Added job "execute_health_checks" to job store "default"
2026-07-29 09:28:04,851 [INFO] apscheduler.scheduler - Added job "execute_health_checks" to job store "default"
2026-07-29 09:28:04,851 [INFO] apscheduler.scheduler - Scheduler started
2026-07-29 09:28:04,851 [INFO] apscheduler.scheduler - Scheduler started
2026-07-29 09:28:04,851 [INFO] apscheduler.scheduler - Scheduler started
2026-07-29 09:28:04,851 [INFO] scheduler - MonitoringService: Started SRE monitoring scheduler daemon
2026-07-29 09:28:04,851 [INFO] scheduler - MonitoringService: Started SRE monitoring scheduler daemon
2026-07-29 09:28:04,851 [INFO] scheduler - MonitoringService: Started SRE monitoring scheduler daemon
2026-07-29 09:28:04,857 [INFO] scheduler - MonitoringService: Stopped SRE monitoring scheduler daemon
2026-07-29 09:28:04,857 [INFO] scheduler - MonitoringService: Stopped SRE monitoring scheduler daemon
2026-07-29 09:28:04,857 [INFO] scheduler - MonitoringService: Stopped SRE monitoring scheduler daemon
2026-07-29 09:28:04,857 [INFO] apscheduler.scheduler - Scheduler has been shut down
2026-07-29 09:28:04,857 [INFO] apscheduler.scheduler - Scheduler has been shut down
2026-07-29 09:28:04,857 [INFO] apscheduler.scheduler - Scheduler has been shut down
2026-07-29 09:28:04,867 [INFO] apscheduler.scheduler - Adding job tentatively -- it will be properly scheduled when the scheduler starts
2026-07-29 09:28:04,867 [INFO] apscheduler.scheduler - Adding job tentatively -- it will be properly scheduled when the scheduler starts
2026-07-29 09:28:04,867 [INFO] apscheduler.scheduler - Adding job tentatively -- it will be properly scheduled when the scheduler starts
2026-07-29 09:28:04,867 [INFO] apscheduler.scheduler - Adding job tentatively -- it will be properly scheduled when the scheduler starts
2026-07-29 09:28:04,868 [INFO] apscheduler.scheduler - Added job "execute_health_checks" to job store "default"
2026-07-29 09:28:04,868 [INFO] apscheduler.scheduler - Added job "execute_health_checks" to job store "default"
2026-07-29 09:28:04,868 [INFO] apscheduler.scheduler - Added job "execute_health_checks" to job store "default"
2026-07-29 09:28:04,868 [INFO] apscheduler.scheduler - Added job "execute_health_checks" to job store "default"
2026-07-29 09:28:04,868 [INFO] apscheduler.scheduler - Scheduler started
2026-07-29 09:28:04,868 [INFO] apscheduler.scheduler - Scheduler started
2026-07-29 09:28:04,868 [INFO] apscheduler.scheduler - Scheduler started
2026-07-29 09:28:04,868 [INFO] apscheduler.scheduler - Scheduler started
2026-07-29 09:28:04,868 [INFO] scheduler - MonitoringService: Started SRE monitoring scheduler daemon
2026-07-29 09:28:04,868 [INFO] scheduler - MonitoringService: Started SRE monitoring scheduler daemon
2026-07-29 09:28:04,868 [INFO] scheduler - MonitoringService: Started SRE monitoring scheduler daemon
2026-07-29 09:28:04,868 [INFO] scheduler - MonitoringService: Started SRE monitoring scheduler daemon
2026-07-29 09:28:05,097 [INFO] scheduler - MonitoringService: Stopped SRE monitoring scheduler daemon
2026-07-29 09:28:05,097 [INFO] scheduler - MonitoringService: Stopped SRE monitoring scheduler daemon
2026-07-29 09:28:05,097 [INFO] scheduler - MonitoringService: Stopped SRE monitoring scheduler daemon
2026-07-29 09:28:05,097 [INFO] scheduler - MonitoringService: Stopped SRE monitoring scheduler daemon
2026-07-29 09:28:05,098 [INFO] apscheduler.scheduler - Scheduler has been shut down
2026-07-29 09:28:05,098 [INFO] apscheduler.scheduler - Scheduler has been shut down
2026-07-29 09:28:05,098 [INFO] apscheduler.scheduler - Scheduler has been shut down
2026-07-29 09:28:05,098 [INFO] apscheduler.scheduler - Scheduler has been shut down
2026-07-29 09:28:05,105 [INFO] apscheduler.scheduler - Adding job tentatively -- it will be properly scheduled when the scheduler starts
2026-07-29 09:28:05,105 [INFO] apscheduler.scheduler - Adding job tentatively -- it will be properly scheduled when the scheduler starts
2026-07-29 09:28:05,105 [INFO] apscheduler.scheduler - Adding job tentatively -- it will be properly scheduled when the scheduler starts
2026-07-29 09:28:05,105 [INFO] apscheduler.scheduler - Adding job tentatively -- it will be properly scheduled when the scheduler starts
2026-07-29 09:28:05,105 [INFO] apscheduler.scheduler - Adding job tentatively -- it will be properly scheduled when the scheduler starts
2026-07-29 09:28:05,105 [INFO] apscheduler.scheduler - Added job "execute_health_checks" to job store "default"
2026-07-29 09:28:05,105 [INFO] apscheduler.scheduler - Added job "execute_health_checks" to job store "default"
2026-07-29 09:28:05,105 [INFO] apscheduler.scheduler - Added job "execute_health_checks" to job store "default"
2026-07-29 09:28:05,105 [INFO] apscheduler.scheduler - Added job "execute_health_checks" to job store "default"
2026-07-29 09:28:05,105 [INFO] apscheduler.scheduler - Added job "execute_health_checks" to job store "default"
2026-07-29 09:28:05,105 [INFO] apscheduler.scheduler - Scheduler started
2026-07-29 09:28:05,105 [INFO] apscheduler.scheduler - Scheduler started
2026-07-29 09:28:05,105 [INFO] apscheduler.scheduler - Scheduler started
2026-07-29 09:28:05,105 [INFO] apscheduler.scheduler - Scheduler started
2026-07-29 09:28:05,105 [INFO] apscheduler.scheduler - Scheduler started
2026-07-29 09:28:05,105 [INFO] scheduler - MonitoringService: Started SRE monitoring scheduler daemon
2026-07-29 09:28:05,105 [INFO] scheduler - MonitoringService: Started SRE monitoring scheduler daemon
2026-07-29 09:28:05,105 [INFO] scheduler - MonitoringService: Started SRE monitoring scheduler daemon
2026-07-29 09:28:05,105 [INFO] scheduler - MonitoringService: Started SRE monitoring scheduler daemon
2026-07-29 09:28:05,105 [INFO] scheduler - MonitoringService: Started SRE monitoring scheduler daemon
2026-07-29 09:28:05,545 [INFO] scheduler - MonitoringService: Stopped SRE monitoring scheduler daemon
2026-07-29 09:28:05,545 [INFO] scheduler - MonitoringService: Stopped SRE monitoring scheduler daemon
2026-07-29 09:28:05,545 [INFO] scheduler - MonitoringService: Stopped SRE monitoring scheduler daemon
2026-07-29 09:28:05,545 [INFO] scheduler - MonitoringService: Stopped SRE monitoring scheduler daemon
2026-07-29 09:28:05,545 [INFO] scheduler - MonitoringService: Stopped SRE monitoring scheduler daemon
2026-07-29 09:28:05,545 [INFO] apscheduler.scheduler - Scheduler has been shut down
2026-07-29 09:28:05,545 [INFO] apscheduler.scheduler - Scheduler has been shut down
2026-07-29 09:28:05,545 [INFO] apscheduler.scheduler - Scheduler has been shut down
2026-07-29 09:28:05,545 [INFO] apscheduler.scheduler - Scheduler has been shut down
2026-07-29 09:28:05,545 [INFO] apscheduler.scheduler - Scheduler has been shut down
2026-07-29 09:28:05,551 [INFO] apscheduler.scheduler - Adding job tentatively -- it will be properly scheduled when the scheduler starts
2026-07-29 09:28:05,551 [INFO] apscheduler.scheduler - Adding job tentatively -- it will be properly scheduled when the scheduler starts
2026-07-29 09:28:05,551 [INFO] apscheduler.scheduler - Adding job tentatively -- it will be properly scheduled when the scheduler starts
2026-07-29 09:28:05,551 [INFO] apscheduler.scheduler - Adding job tentatively -- it will be properly scheduled when the scheduler starts
2026-07-29 09:28:05,551 [INFO] apscheduler.scheduler - Adding job tentatively -- it will be properly scheduled when the scheduler starts
2026-07-29 09:28:05,551 [INFO] apscheduler.scheduler - Adding job tentatively -- it will be properly scheduled when the scheduler starts
2026-07-29 09:28:05,551 [INFO] apscheduler.scheduler - Added job "execute_health_checks" to job store "default"
2026-07-29 09:28:05,551 [INFO] apscheduler.scheduler - Added job "execute_health_checks" to job store "default"
2026-07-29 09:28:05,551 [INFO] apscheduler.scheduler - Added job "execute_health_checks" to job store "default"
2026-07-29 09:28:05,551 [INFO] apscheduler.scheduler - Added job "execute_health_checks" to job store "default"
2026-07-29 09:28:05,551 [INFO] apscheduler.scheduler - Added job "execute_health_checks" to job store "default"
2026-07-29 09:28:05,551 [INFO] apscheduler.scheduler - Added job "execute_health_checks" to job store "default"
2026-07-29 09:28:05,551 [INFO] apscheduler.scheduler - Scheduler started
2026-07-29 09:28:05,551 [INFO] apscheduler.scheduler - Scheduler started
2026-07-29 09:28:05,551 [INFO] apscheduler.scheduler - Scheduler started
2026-07-29 09:28:05,551 [INFO] apscheduler.scheduler - Scheduler started
2026-07-29 09:28:05,551 [INFO] apscheduler.scheduler - Scheduler started
2026-07-29 09:28:05,551 [INFO] apscheduler.scheduler - Scheduler started
2026-07-29 09:28:05,552 [INFO] scheduler - MonitoringService: Started SRE monitoring scheduler daemon
2026-07-29 09:28:05,552 [INFO] scheduler - MonitoringService: Started SRE monitoring scheduler daemon
2026-07-29 09:28:05,552 [INFO] scheduler - MonitoringService: Started SRE monitoring scheduler daemon
2026-07-29 09:28:05,552 [INFO] scheduler - MonitoringService: Started SRE monitoring scheduler daemon
2026-07-29 09:28:05,552 [INFO] scheduler - MonitoringService: Started SRE monitoring scheduler daemon
2026-07-29 09:28:05,552 [INFO] scheduler - MonitoringService: Started SRE monitoring scheduler daemon
2026-07-29 09:28:05,560 [INFO] scheduler - MonitoringService: Stopped SRE monitoring scheduler daemon
2026-07-29 09:28:05,560 [INFO] scheduler - MonitoringService: Stopped SRE monitoring scheduler daemon
2026-07-29 09:28:05,560 [INFO] scheduler - MonitoringService: Stopped SRE monitoring scheduler daemon
2026-07-29 09:28:05,560 [INFO] scheduler - MonitoringService: Stopped SRE monitoring scheduler daemon
2026-07-29 09:28:05,560 [INFO] scheduler - MonitoringService: Stopped SRE monitoring scheduler daemon
2026-07-29 09:28:05,560 [INFO] scheduler - MonitoringService: Stopped SRE monitoring scheduler daemon
2026-07-29 09:28:05,561 [INFO] apscheduler.scheduler - Scheduler has been shut down
2026-07-29 09:28:05,561 [INFO] apscheduler.scheduler - Scheduler has been shut down
2026-07-29 09:28:05,561 [INFO] apscheduler.scheduler - Scheduler has been shut down
2026-07-29 09:28:05,561 [INFO] apscheduler.scheduler - Scheduler has been shut down
2026-07-29 09:28:05,561 [INFO] apscheduler.scheduler - Scheduler has been shut down
2026-07-29 09:28:05,561 [INFO] apscheduler.scheduler - Scheduler has been shut down
2026-07-29 09:28:05,568 [INFO] apscheduler.scheduler - Adding job tentatively -- it will be properly scheduled when the scheduler starts
2026-07-29 09:28:05,568 [INFO] apscheduler.scheduler - Adding job tentatively -- it will be properly scheduled when the scheduler starts
2026-07-29 09:28:05,568 [INFO] apscheduler.scheduler - Adding job tentatively -- it will be properly scheduled when the scheduler starts
2026-07-29 09:28:05,568 [INFO] apscheduler.scheduler - Adding job tentatively -- it will be properly scheduled when the scheduler starts
2026-07-29 09:28:05,568 [INFO] apscheduler.scheduler - Adding job tentatively -- it will be properly scheduled when the scheduler starts
2026-07-29 09:28:05,568 [INFO] apscheduler.scheduler - Adding job tentatively -- it will be properly scheduled when the scheduler starts
2026-07-29 09:28:05,568 [INFO] apscheduler.scheduler - Adding job tentatively -- it will be properly scheduled when the scheduler starts
2026-07-29 09:28:05,568 [INFO] apscheduler.scheduler - Added job "execute_health_checks" to job store "default"
2026-07-29 09:28:05,568 [INFO] apscheduler.scheduler - Added job "execute_health_checks" to job store "default"
2026-07-29 09:28:05,568 [INFO] apscheduler.scheduler - Added job "execute_health_checks" to job store "default"
2026-07-29 09:28:05,568 [INFO] apscheduler.scheduler - Added job "execute_health_checks" to job store "default"
2026-07-29 09:28:05,568 [INFO] apscheduler.scheduler - Added job "execute_health_checks" to job store "default"
2026-07-29 09:28:05,568 [INFO] apscheduler.scheduler - Added job "execute_health_checks" to job store "default"
2026-07-29 09:28:05,568 [INFO] apscheduler.scheduler - Added job "execute_health_checks" to job store "default"
2026-07-29 09:28:05,568 [INFO] apscheduler.scheduler - Scheduler started
2026-07-29 09:28:05,568 [INFO] apscheduler.scheduler - Scheduler started
2026-07-29 09:28:05,568 [INFO] apscheduler.scheduler - Scheduler started
2026-07-29 09:28:05,568 [INFO] apscheduler.scheduler - Scheduler started
2026-07-29 09:28:05,568 [INFO] apscheduler.scheduler - Scheduler started
2026-07-29 09:28:05,568 [INFO] apscheduler.scheduler - Scheduler started
2026-07-29 09:28:05,568 [INFO] apscheduler.scheduler - Scheduler started
2026-07-29 09:28:05,568 [INFO] scheduler - MonitoringService: Started SRE monitoring scheduler daemon
2026-07-29 09:28:05,568 [INFO] scheduler - MonitoringService: Started SRE monitoring scheduler daemon
2026-07-29 09:28:05,568 [INFO] scheduler - MonitoringService: Started SRE monitoring scheduler daemon
2026-07-29 09:28:05,568 [INFO] scheduler - MonitoringService: Started SRE monitoring scheduler daemon
2026-07-29 09:28:05,568 [INFO] scheduler - MonitoringService: Started SRE monitoring scheduler daemon
2026-07-29 09:28:05,568 [INFO] scheduler - MonitoringService: Started SRE monitoring scheduler daemon
2026-07-29 09:28:05,568 [INFO] scheduler - MonitoringService: Started SRE monitoring scheduler daemon
2026-07-29 09:28:05,574 [INFO] scheduler - MonitoringService: Stopped SRE monitoring scheduler daemon
2026-07-29 09:28:05,574 [INFO] scheduler - MonitoringService: Stopped SRE monitoring scheduler daemon
2026-07-29 09:28:05,574 [INFO] scheduler - MonitoringService: Stopped SRE monitoring scheduler daemon
2026-07-29 09:28:05,574 [INFO] scheduler - MonitoringService: Stopped SRE monitoring scheduler daemon
2026-07-29 09:28:05,574 [INFO] scheduler - MonitoringService: Stopped SRE monitoring scheduler daemon
2026-07-29 09:28:05,574 [INFO] scheduler - MonitoringService: Stopped SRE monitoring scheduler daemon
2026-07-29 09:28:05,574 [INFO] scheduler - MonitoringService: Stopped SRE monitoring scheduler daemon
2026-07-29 09:28:05,575 [INFO] apscheduler.scheduler - Scheduler has been shut down
2026-07-29 09:28:05,575 [INFO] apscheduler.scheduler - Scheduler has been shut down
2026-07-29 09:28:05,575 [INFO] apscheduler.scheduler - Scheduler has been shut down
2026-07-29 09:28:05,575 [INFO] apscheduler.scheduler - Scheduler has been shut down
2026-07-29 09:28:05,575 [INFO] apscheduler.scheduler - Scheduler has been shut down
2026-07-29 09:28:05,575 [INFO] apscheduler.scheduler - Scheduler has been shut down
2026-07-29 09:28:05,575 [INFO] apscheduler.scheduler - Scheduler has been shut down
2026-07-29 09:28:05,579 [INFO] apscheduler.scheduler - Adding job tentatively -- it will be properly scheduled when the scheduler starts
2026-07-29 09:28:05,579 [INFO] apscheduler.scheduler - Adding job tentatively -- it will be properly scheduled when the scheduler starts
2026-07-29 09:28:05,579 [INFO] apscheduler.scheduler - Adding job tentatively -- it will be properly scheduled when the scheduler starts
2026-07-29 09:28:05,579 [INFO] apscheduler.scheduler - Adding job tentatively -- it will be properly scheduled when the scheduler starts
2026-07-29 09:28:05,579 [INFO] apscheduler.scheduler - Adding job tentatively -- it will be properly scheduled when the scheduler starts
2026-07-29 09:28:05,579 [INFO] apscheduler.scheduler - Adding job tentatively -- it will be properly scheduled when the scheduler starts
2026-07-29 09:28:05,579 [INFO] apscheduler.scheduler - Adding job tentatively -- it will be properly scheduled when the scheduler starts
2026-07-29 09:28:05,579 [INFO] apscheduler.scheduler - Adding job tentatively -- it will be properly scheduled when the scheduler starts
2026-07-29 09:28:05,579 [INFO] apscheduler.scheduler - Added job "execute_health_checks" to job store "default"
2026-07-29 09:28:05,579 [INFO] apscheduler.scheduler - Added job "execute_health_checks" to job store "default"
2026-07-29 09:28:05,579 [INFO] apscheduler.scheduler - Added job "execute_health_checks" to job store "default"
2026-07-29 09:28:05,579 [INFO] apscheduler.scheduler - Added job "execute_health_checks" to job store "default"
2026-07-29 09:28:05,579 [INFO] apscheduler.scheduler - Added job "execute_health_checks" to job store "default"
2026-07-29 09:28:05,579 [INFO] apscheduler.scheduler - Added job "execute_health_checks" to job store "default"
2026-07-29 09:28:05,579 [INFO] apscheduler.scheduler - Added job "execute_health_checks" to job store "default"
2026-07-29 09:28:05,579 [INFO] apscheduler.scheduler - Added job "execute_health_checks" to job store "default"
2026-07-29 09:28:05,580 [INFO] apscheduler.scheduler - Scheduler started
2026-07-29 09:28:05,580 [INFO] apscheduler.scheduler - Scheduler started
2026-07-29 09:28:05,580 [INFO] apscheduler.scheduler - Scheduler started
2026-07-29 09:28:05,580 [INFO] apscheduler.scheduler - Scheduler started
2026-07-29 09:28:05,580 [INFO] apscheduler.scheduler - Scheduler started
2026-07-29 09:28:05,580 [INFO] apscheduler.scheduler - Scheduler started
2026-07-29 09:28:05,580 [INFO] apscheduler.scheduler - Scheduler started
2026-07-29 09:28:05,580 [INFO] apscheduler.scheduler - Scheduler started
2026-07-29 09:28:05,580 [INFO] scheduler - MonitoringService: Started SRE monitoring scheduler daemon
2026-07-29 09:28:05,580 [INFO] scheduler - MonitoringService: Started SRE monitoring scheduler daemon
2026-07-29 09:28:05,580 [INFO] scheduler - MonitoringService: Started SRE monitoring scheduler daemon
2026-07-29 09:28:05,580 [INFO] scheduler - MonitoringService: Started SRE monitoring scheduler daemon
2026-07-29 09:28:05,580 [INFO] scheduler - MonitoringService: Started SRE monitoring scheduler daemon
2026-07-29 09:28:05,580 [INFO] scheduler - MonitoringService: Started SRE monitoring scheduler daemon
2026-07-29 09:28:05,580 [INFO] scheduler - MonitoringService: Started SRE monitoring scheduler daemon
2026-07-29 09:28:05,580 [INFO] scheduler - MonitoringService: Started SRE monitoring scheduler daemon
2026-07-29 09:28:06,081 [INFO] scheduler - MonitoringService: Stopped SRE monitoring scheduler daemon
2026-07-29 09:28:06,081 [INFO] scheduler - MonitoringService: Stopped SRE monitoring scheduler daemon
2026-07-29 09:28:06,081 [INFO] scheduler - MonitoringService: Stopped SRE monitoring scheduler daemon
2026-07-29 09:28:06,081 [INFO] scheduler - MonitoringService: Stopped SRE monitoring scheduler daemon
2026-07-29 09:28:06,081 [INFO] scheduler - MonitoringService: Stopped SRE monitoring scheduler daemon
2026-07-29 09:28:06,081 [INFO] scheduler - MonitoringService: Stopped SRE monitoring scheduler daemon
2026-07-29 09:28:06,081 [INFO] scheduler - MonitoringService: Stopped SRE monitoring scheduler daemon
2026-07-29 09:28:06,081 [INFO] scheduler - MonitoringService: Stopped SRE monitoring scheduler daemon
2026-07-29 09:28:06,081 [INFO] apscheduler.scheduler - Scheduler has been shut down
2026-07-29 09:28:06,081 [INFO] apscheduler.scheduler - Scheduler has been shut down
2026-07-29 09:28:06,081 [INFO] apscheduler.scheduler - Scheduler has been shut down
2026-07-29 09:28:06,081 [INFO] apscheduler.scheduler - Scheduler has been shut down
2026-07-29 09:28:06,081 [INFO] apscheduler.scheduler - Scheduler has been shut down
2026-07-29 09:28:06,081 [INFO] apscheduler.scheduler - Scheduler has been shut down
2026-07-29 09:28:06,081 [INFO] apscheduler.scheduler - Scheduler has been shut down
2026-07-29 09:28:06,081 [INFO] apscheduler.scheduler - Scheduler has been shut down
2026-07-29 09:28:06,086 [INFO] apscheduler.scheduler - Adding job tentatively -- it will be properly scheduled when the scheduler starts
2026-07-29 09:28:06,086 [INFO] apscheduler.scheduler - Adding job tentatively -- it will be properly scheduled when the scheduler starts
2026-07-29 09:28:06,086 [INFO] apscheduler.scheduler - Adding job tentatively -- it will be properly scheduled when the scheduler starts
2026-07-29 09:28:06,086 [INFO] apscheduler.scheduler - Adding job tentatively -- it will be properly scheduled when the scheduler starts
2026-07-29 09:28:06,086 [INFO] apscheduler.scheduler - Adding job tentatively -- it will be properly scheduled when the scheduler starts
2026-07-29 09:28:06,086 [INFO] apscheduler.scheduler - Adding job tentatively -- it will be properly scheduled when the scheduler starts
2026-07-29 09:28:06,086 [INFO] apscheduler.scheduler - Adding job tentatively -- it will be properly scheduled when the scheduler starts
2026-07-29 09:28:06,086 [INFO] apscheduler.scheduler - Adding job tentatively -- it will be properly scheduled when the scheduler starts
2026-07-29 09:28:06,086 [INFO] apscheduler.scheduler - Adding job tentatively -- it will be properly scheduled when the scheduler starts
2026-07-29 09:28:06,087 [INFO] apscheduler.scheduler - Added job "execute_health_checks" to job store "default"
2026-07-29 09:28:06,087 [INFO] apscheduler.scheduler - Added job "execute_health_checks" to job store "default"
2026-07-29 09:28:06,087 [INFO] apscheduler.scheduler - Added job "execute_health_checks" to job store "default"
2026-07-29 09:28:06,087 [INFO] apscheduler.scheduler - Added job "execute_health_checks" to job store "default"
2026-07-29 09:28:06,087 [INFO] apscheduler.scheduler - Added job "execute_health_checks" to job store "default"
2026-07-29 09:28:06,087 [INFO] apscheduler.scheduler - Added job "execute_health_checks" to job store "default"
2026-07-29 09:28:06,087 [INFO] apscheduler.scheduler - Added job "execute_health_checks" to job store "default"
2026-07-29 09:28:06,087 [INFO] apscheduler.scheduler - Added job "execute_health_checks" to job store "default"
2026-07-29 09:28:06,087 [INFO] apscheduler.scheduler - Added job "execute_health_checks" to job store "default"
2026-07-29 09:28:06,087 [INFO] apscheduler.scheduler - Scheduler started
2026-07-29 09:28:06,087 [INFO] apscheduler.scheduler - Scheduler started
2026-07-29 09:28:06,087 [INFO] apscheduler.scheduler - Scheduler started
2026-07-29 09:28:06,087 [INFO] apscheduler.scheduler - Scheduler started
2026-07-29 09:28:06,087 [INFO] apscheduler.scheduler - Scheduler started
2026-07-29 09:28:06,087 [INFO] apscheduler.scheduler - Scheduler started
2026-07-29 09:28:06,087 [INFO] apscheduler.scheduler - Scheduler started
2026-07-29 09:28:06,087 [INFO] apscheduler.scheduler - Scheduler started
2026-07-29 09:28:06,087 [INFO] apscheduler.scheduler - Scheduler started
2026-07-29 09:28:06,088 [INFO] scheduler - MonitoringService: Started SRE monitoring scheduler daemon
2026-07-29 09:28:06,088 [INFO] scheduler - MonitoringService: Started SRE monitoring scheduler daemon
2026-07-29 09:28:06,088 [INFO] scheduler - MonitoringService: Started SRE monitoring scheduler daemon
2026-07-29 09:28:06,088 [INFO] scheduler - MonitoringService: Started SRE monitoring scheduler daemon
2026-07-29 09:28:06,088 [INFO] scheduler - MonitoringService: Started SRE monitoring scheduler daemon
2026-07-29 09:28:06,088 [INFO] scheduler - MonitoringService: Started SRE monitoring scheduler daemon
2026-07-29 09:28:06,088 [INFO] scheduler - MonitoringService: Started SRE monitoring scheduler daemon
2026-07-29 09:28:06,088 [INFO] scheduler - MonitoringService: Started SRE monitoring scheduler daemon
2026-07-29 09:28:06,088 [INFO] scheduler - MonitoringService: Started SRE monitoring scheduler daemon
2026-07-29 09:28:06,544 [INFO] scheduler - MonitoringService: Stopped SRE monitoring scheduler daemon
2026-07-29 09:28:06,544 [INFO] scheduler - MonitoringService: Stopped SRE monitoring scheduler daemon
2026-07-29 09:28:06,544 [INFO] scheduler - MonitoringService: Stopped SRE monitoring scheduler daemon
2026-07-29 09:28:06,544 [INFO] scheduler - MonitoringService: Stopped SRE monitoring scheduler daemon
2026-07-29 09:28:06,544 [INFO] scheduler - MonitoringService: Stopped SRE monitoring scheduler daemon
2026-07-29 09:28:06,544 [INFO] scheduler - MonitoringService: Stopped SRE monitoring scheduler daemon
2026-07-29 09:28:06,544 [INFO] scheduler - MonitoringService: Stopped SRE monitoring scheduler daemon
2026-07-29 09:28:06,544 [INFO] scheduler - MonitoringService: Stopped SRE monitoring scheduler daemon
2026-07-29 09:28:06,544 [INFO] scheduler - MonitoringService: Stopped SRE monitoring scheduler daemon
2026-07-29 09:28:06,544 [INFO] apscheduler.scheduler - Scheduler has been shut down
2026-07-29 09:28:06,544 [INFO] apscheduler.scheduler - Scheduler has been shut down
2026-07-29 09:28:06,544 [INFO] apscheduler.scheduler - Scheduler has been shut down
2026-07-29 09:28:06,544 [INFO] apscheduler.scheduler - Scheduler has been shut down
2026-07-29 09:28:06,544 [INFO] apscheduler.scheduler - Scheduler has been shut down
2026-07-29 09:28:06,544 [INFO] apscheduler.scheduler - Scheduler has been shut down
2026-07-29 09:28:06,544 [INFO] apscheduler.scheduler - Scheduler has been shut down
2026-07-29 09:28:06,544 [INFO] apscheduler.scheduler - Scheduler has been shut down
2026-07-29 09:28:06,544 [INFO] apscheduler.scheduler - Scheduler has been shut down
2026-07-29 09:28:06,648 [INFO] apscheduler.scheduler - Adding job tentatively -- it will be properly scheduled when the scheduler starts
2026-07-29 09:28:06,648 [INFO] apscheduler.scheduler - Adding job tentatively -- it will be properly scheduled when the scheduler starts
2026-07-29 09:28:06,648 [INFO] apscheduler.scheduler - Adding job tentatively -- it will be properly scheduled when the scheduler starts
2026-07-29 09:28:06,648 [INFO] apscheduler.scheduler - Adding job tentatively -- it will be properly scheduled when the scheduler starts
2026-07-29 09:28:06,648 [INFO] apscheduler.scheduler - Adding job tentatively -- it will be properly scheduled when the scheduler starts
2026-07-29 09:28:06,648 [INFO] apscheduler.scheduler - Adding job tentatively -- it will be properly scheduled when the scheduler starts
2026-07-29 09:28:06,648 [INFO] apscheduler.scheduler - Adding job tentatively -- it will be properly scheduled when the scheduler starts
2026-07-29 09:28:06,648 [INFO] apscheduler.scheduler - Adding job tentatively -- it will be properly scheduled when the scheduler starts
2026-07-29 09:28:06,648 [INFO] apscheduler.scheduler - Adding job tentatively -- it will be properly scheduled when the scheduler starts
2026-07-29 09:28:06,648 [INFO] apscheduler.scheduler - Adding job tentatively -- it will be properly scheduled when the scheduler starts
2026-07-29 09:28:06,649 [INFO] apscheduler.scheduler - Added job "execute_health_checks" to job store "default"
2026-07-29 09:28:06,649 [INFO] apscheduler.scheduler - Added job "execute_health_checks" to job store "default"
2026-07-29 09:28:06,649 [INFO] apscheduler.scheduler - Added job "execute_health_checks" to job store "default"
2026-07-29 09:28:06,649 [INFO] apscheduler.scheduler - Added job "execute_health_checks" to job store "default"
2026-07-29 09:28:06,649 [INFO] apscheduler.scheduler - Added job "execute_health_checks" to job store "default"
2026-07-29 09:28:06,649 [INFO] apscheduler.scheduler - Added job "execute_health_checks" to job store "default"
2026-07-29 09:28:06,649 [INFO] apscheduler.scheduler - Added job "execute_health_checks" to job store "default"
2026-07-29 09:28:06,649 [INFO] apscheduler.scheduler - Added job "execute_health_checks" to job store "default"
2026-07-29 09:28:06,649 [INFO] apscheduler.scheduler - Added job "execute_health_checks" to job store "default"
2026-07-29 09:28:06,649 [INFO] apscheduler.scheduler - Added job "execute_health_checks" to job store "default"
2026-07-29 09:28:06,649 [INFO] apscheduler.scheduler - Scheduler started
2026-07-29 09:28:06,649 [INFO] apscheduler.scheduler - Scheduler started
2026-07-29 09:28:06,649 [INFO] apscheduler.scheduler - Scheduler started
2026-07-29 09:28:06,649 [INFO] apscheduler.scheduler - Scheduler started
2026-07-29 09:28:06,649 [INFO] apscheduler.scheduler - Scheduler started
2026-07-29 09:28:06,649 [INFO] apscheduler.scheduler - Scheduler started
2026-07-29 09:28:06,649 [INFO] apscheduler.scheduler - Scheduler started
2026-07-29 09:28:06,649 [INFO] apscheduler.scheduler - Scheduler started
2026-07-29 09:28:06,649 [INFO] apscheduler.scheduler - Scheduler started
2026-07-29 09:28:06,649 [INFO] apscheduler.scheduler - Scheduler started
2026-07-29 09:28:06,649 [INFO] scheduler - MonitoringService: Started SRE monitoring scheduler daemon
2026-07-29 09:28:06,649 [INFO] scheduler - MonitoringService: Started SRE monitoring scheduler daemon
2026-07-29 09:28:06,649 [INFO] scheduler - MonitoringService: Started SRE monitoring scheduler daemon
2026-07-29 09:28:06,649 [INFO] scheduler - MonitoringService: Started SRE monitoring scheduler daemon
2026-07-29 09:28:06,649 [INFO] scheduler - MonitoringService: Started SRE monitoring scheduler daemon
2026-07-29 09:28:06,649 [INFO] scheduler - MonitoringService: Started SRE monitoring scheduler daemon
2026-07-29 09:28:06,649 [INFO] scheduler - MonitoringService: Started SRE monitoring scheduler daemon
2026-07-29 09:28:06,649 [INFO] scheduler - MonitoringService: Started SRE monitoring scheduler daemon
2026-07-29 09:28:06,649 [INFO] scheduler - MonitoringService: Started SRE monitoring scheduler daemon
2026-07-29 09:28:06,649 [INFO] scheduler - MonitoringService: Started SRE monitoring scheduler daemon
2026-07-29 09:28:07,121 [INFO] scheduler - MonitoringService: Stopped SRE monitoring scheduler daemon
2026-07-29 09:28:07,121 [INFO] scheduler - MonitoringService: Stopped SRE monitoring scheduler daemon
2026-07-29 09:28:07,121 [INFO] scheduler - MonitoringService: Stopped SRE monitoring scheduler daemon
2026-07-29 09:28:07,121 [INFO] scheduler - MonitoringService: Stopped SRE monitoring scheduler daemon
2026-07-29 09:28:07,121 [INFO] scheduler - MonitoringService: Stopped SRE monitoring scheduler daemon
2026-07-29 09:28:07,121 [INFO] scheduler - MonitoringService: Stopped SRE monitoring scheduler daemon
2026-07-29 09:28:07,121 [INFO] scheduler - MonitoringService: Stopped SRE monitoring scheduler daemon
2026-07-29 09:28:07,121 [INFO] scheduler - MonitoringService: Stopped SRE monitoring scheduler daemon
2026-07-29 09:28:07,121 [INFO] scheduler - MonitoringService: Stopped SRE monitoring scheduler daemon
2026-07-29 09:28:07,121 [INFO] scheduler - MonitoringService: Stopped SRE monitoring scheduler daemon
2026-07-29 09:28:07,122 [INFO] apscheduler.scheduler - Scheduler has been shut down
2026-07-29 09:28:07,122 [INFO] apscheduler.scheduler - Scheduler has been shut down
2026-07-29 09:28:07,122 [INFO] apscheduler.scheduler - Scheduler has been shut down
2026-07-29 09:28:07,122 [INFO] apscheduler.scheduler - Scheduler has been shut down
2026-07-29 09:28:07,122 [INFO] apscheduler.scheduler - Scheduler has been shut down
2026-07-29 09:28:07,122 [INFO] apscheduler.scheduler - Scheduler has been shut down
2026-07-29 09:28:07,122 [INFO] apscheduler.scheduler - Scheduler has been shut down
2026-07-29 09:28:07,122 [INFO] apscheduler.scheduler - Scheduler has been shut down
2026-07-29 09:28:07,122 [INFO] apscheduler.scheduler - Scheduler has been shut down
2026-07-29 09:28:07,122 [INFO] apscheduler.scheduler - Scheduler has been shut down
2026-07-29 09:28:07,128 [INFO] apscheduler.scheduler - Adding job tentatively -- it will be properly scheduled when the scheduler starts
2026-07-29 09:28:07,128 [INFO] apscheduler.scheduler - Adding job tentatively -- it will be properly scheduled when the scheduler starts
2026-07-29 09:28:07,128 [INFO] apscheduler.scheduler - Adding job tentatively -- it will be properly scheduled when the scheduler starts
2026-07-29 09:28:07,128 [INFO] apscheduler.scheduler - Adding job tentatively -- it will be properly scheduled when the scheduler starts
2026-07-29 09:28:07,128 [INFO] apscheduler.scheduler - Adding job tentatively -- it will be properly scheduled when the scheduler starts
2026-07-29 09:28:07,128 [INFO] apscheduler.scheduler - Adding job tentatively -- it will be properly scheduled when the scheduler starts
2026-07-29 09:28:07,128 [INFO] apscheduler.scheduler - Adding job tentatively -- it will be properly scheduled when the scheduler starts
2026-07-29 09:28:07,128 [INFO] apscheduler.scheduler - Adding job tentatively -- it will be properly scheduled when the scheduler starts
2026-07-29 09:28:07,128 [INFO] apscheduler.scheduler - Adding job tentatively -- it will be properly scheduled when the scheduler starts
2026-07-29 09:28:07,128 [INFO] apscheduler.scheduler - Adding job tentatively -- it will be properly scheduled when the scheduler starts
2026-07-29 09:28:07,128 [INFO] apscheduler.scheduler - Adding job tentatively -- it will be properly scheduled when the scheduler starts
2026-07-29 09:28:07,128 [INFO] apscheduler.scheduler - Added job "execute_health_checks" to job store "default"
2026-07-29 09:28:07,128 [INFO] apscheduler.scheduler - Added job "execute_health_checks" to job store "default"
2026-07-29 09:28:07,128 [INFO] apscheduler.scheduler - Added job "execute_health_checks" to job store "default"
2026-07-29 09:28:07,128 [INFO] apscheduler.scheduler - Added job "execute_health_checks" to job store "default"
2026-07-29 09:28:07,128 [INFO] apscheduler.scheduler - Added job "execute_health_checks" to job store "default"
2026-07-29 09:28:07,128 [INFO] apscheduler.scheduler - Added job "execute_health_checks" to job store "default"
2026-07-29 09:28:07,128 [INFO] apscheduler.scheduler - Added job "execute_health_checks" to job store "default"
2026-07-29 09:28:07,128 [INFO] apscheduler.scheduler - Added job "execute_health_checks" to job store "default"
2026-07-29 09:28:07,128 [INFO] apscheduler.scheduler - Added job "execute_health_checks" to job store "default"
2026-07-29 09:28:07,128 [INFO] apscheduler.scheduler - Added job "execute_health_checks" to job store "default"
2026-07-29 09:28:07,128 [INFO] apscheduler.scheduler - Added job "execute_health_checks" to job store "default"
2026-07-29 09:28:07,128 [INFO] apscheduler.scheduler - Scheduler started
2026-07-29 09:28:07,128 [INFO] apscheduler.scheduler - Scheduler started
2026-07-29 09:28:07,128 [INFO] apscheduler.scheduler - Scheduler started
2026-07-29 09:28:07,128 [INFO] apscheduler.scheduler - Scheduler started
2026-07-29 09:28:07,128 [INFO] apscheduler.scheduler - Scheduler started
2026-07-29 09:28:07,128 [INFO] apscheduler.scheduler - Scheduler started
2026-07-29 09:28:07,128 [INFO] apscheduler.scheduler - Scheduler started
2026-07-29 09:28:07,128 [INFO] apscheduler.scheduler - Scheduler started
2026-07-29 09:28:07,128 [INFO] apscheduler.scheduler - Scheduler started
2026-07-29 09:28:07,128 [INFO] apscheduler.scheduler - Scheduler started
2026-07-29 09:28:07,128 [INFO] apscheduler.scheduler - Scheduler started
2026-07-29 09:28:07,129 [INFO] scheduler - MonitoringService: Started SRE monitoring scheduler daemon
2026-07-29 09:28:07,129 [INFO] scheduler - MonitoringService: Started SRE monitoring scheduler daemon
2026-07-29 09:28:07,129 [INFO] scheduler - MonitoringService: Started SRE monitoring scheduler daemon
2026-07-29 09:28:07,129 [INFO] scheduler - MonitoringService: Started SRE monitoring scheduler daemon
2026-07-29 09:28:07,129 [INFO] scheduler - MonitoringService: Started SRE monitoring scheduler daemon
2026-07-29 09:28:07,129 [INFO] scheduler - MonitoringService: Started SRE monitoring scheduler daemon
2026-07-29 09:28:07,129 [INFO] scheduler - MonitoringService: Started SRE monitoring scheduler daemon
2026-07-29 09:28:07,129 [INFO] scheduler - MonitoringService: Started SRE monitoring scheduler daemon
2026-07-29 09:28:07,129 [INFO] scheduler - MonitoringService: Started SRE monitoring scheduler daemon
2026-07-29 09:28:07,129 [INFO] scheduler - MonitoringService: Started SRE monitoring scheduler daemon
2026-07-29 09:28:07,129 [INFO] scheduler - MonitoringService: Started SRE monitoring scheduler daemon
2026-07-29 09:28:07,576 [INFO] scheduler - MonitoringService: Stopped SRE monitoring scheduler daemon
2026-07-29 09:28:07,576 [INFO] scheduler - MonitoringService: Stopped SRE monitoring scheduler daemon
2026-07-29 09:28:07,576 [INFO] scheduler - MonitoringService: Stopped SRE monitoring scheduler daemon
2026-07-29 09:28:07,576 [INFO] scheduler - MonitoringService: Stopped SRE monitoring scheduler daemon
2026-07-29 09:28:07,576 [INFO] scheduler - MonitoringService: Stopped SRE monitoring scheduler daemon
2026-07-29 09:28:07,576 [INFO] scheduler - MonitoringService: Stopped SRE monitoring scheduler daemon
2026-07-29 09:28:07,576 [INFO] scheduler - MonitoringService: Stopped SRE monitoring scheduler daemon
2026-07-29 09:28:07,576 [INFO] scheduler - MonitoringService: Stopped SRE monitoring scheduler daemon
2026-07-29 09:28:07,576 [INFO] scheduler - MonitoringService: Stopped SRE monitoring scheduler daemon
2026-07-29 09:28:07,576 [INFO] scheduler - MonitoringService: Stopped SRE monitoring scheduler daemon
2026-07-29 09:28:07,576 [INFO] scheduler - MonitoringService: Stopped SRE monitoring scheduler daemon
2026-07-29 09:28:07,576 [INFO] apscheduler.scheduler - Scheduler has been shut down
2026-07-29 09:28:07,576 [INFO] apscheduler.scheduler - Scheduler has been shut down
2026-07-29 09:28:07,576 [INFO] apscheduler.scheduler - Scheduler has been shut down
2026-07-29 09:28:07,576 [INFO] apscheduler.scheduler - Scheduler has been shut down
2026-07-29 09:28:07,576 [INFO] apscheduler.scheduler - Scheduler has been shut down
2026-07-29 09:28:07,576 [INFO] apscheduler.scheduler - Scheduler has been shut down
2026-07-29 09:28:07,576 [INFO] apscheduler.scheduler - Scheduler has been shut down
2026-07-29 09:28:07,576 [INFO] apscheduler.scheduler - Scheduler has been shut down
2026-07-29 09:28:07,576 [INFO] apscheduler.scheduler - Scheduler has been shut down
2026-07-29 09:28:07,576 [INFO] apscheduler.scheduler - Scheduler has been shut down
2026-07-29 09:28:07,576 [INFO] apscheduler.scheduler - Scheduler has been shut down
2026-07-29 09:28:07,585 [INFO] apscheduler.scheduler - Adding job tentatively -- it will be properly scheduled when the scheduler starts
2026-07-29 09:28:07,585 [INFO] apscheduler.scheduler - Adding job tentatively -- it will be properly scheduled when the scheduler starts
2026-07-29 09:28:07,585 [INFO] apscheduler.scheduler - Adding job tentatively -- it will be properly scheduled when the scheduler starts
2026-07-29 09:28:07,585 [INFO] apscheduler.scheduler - Adding job tentatively -- it will be properly scheduled when the scheduler starts
2026-07-29 09:28:07,585 [INFO] apscheduler.scheduler - Adding job tentatively -- it will be properly scheduled when the scheduler starts
2026-07-29 09:28:07,585 [INFO] apscheduler.scheduler - Adding job tentatively -- it will be properly scheduled when the scheduler starts
2026-07-29 09:28:07,585 [INFO] apscheduler.scheduler - Adding job tentatively -- it will be properly scheduled when the scheduler starts
2026-07-29 09:28:07,585 [INFO] apscheduler.scheduler - Adding job tentatively -- it will be properly scheduled when the scheduler starts
2026-07-29 09:28:07,585 [INFO] apscheduler.scheduler - Adding job tentatively -- it will be properly scheduled when the scheduler starts
2026-07-29 09:28:07,585 [INFO] apscheduler.scheduler - Adding job tentatively -- it will be properly scheduled when the scheduler starts
2026-07-29 09:28:07,585 [INFO] apscheduler.scheduler - Adding job tentatively -- it will be properly scheduled when the scheduler starts
2026-07-29 09:28:07,585 [INFO] apscheduler.scheduler - Adding job tentatively -- it will be properly scheduled when the scheduler starts
2026-07-29 09:28:07,585 [INFO] apscheduler.scheduler - Added job "execute_health_checks" to job store "default"
2026-07-29 09:28:07,585 [INFO] apscheduler.scheduler - Added job "execute_health_checks" to job store "default"
2026-07-29 09:28:07,585 [INFO] apscheduler.scheduler - Added job "execute_health_checks" to job store "default"
2026-07-29 09:28:07,585 [INFO] apscheduler.scheduler - Added job "execute_health_checks" to job store "default"
2026-07-29 09:28:07,585 [INFO] apscheduler.scheduler - Added job "execute_health_checks" to job store "default"
2026-07-29 09:28:07,585 [INFO] apscheduler.scheduler - Added job "execute_health_checks" to job store "default"
2026-07-29 09:28:07,585 [INFO] apscheduler.scheduler - Added job "execute_health_checks" to job store "default"
2026-07-29 09:28:07,585 [INFO] apscheduler.scheduler - Added job "execute_health_checks" to job store "default"
2026-07-29 09:28:07,585 [INFO] apscheduler.scheduler - Added job "execute_health_checks" to job store "default"
2026-07-29 09:28:07,585 [INFO] apscheduler.scheduler - Added job "execute_health_checks" to job store "default"
2026-07-29 09:28:07,585 [INFO] apscheduler.scheduler - Added job "execute_health_checks" to job store "default"
2026-07-29 09:28:07,585 [INFO] apscheduler.scheduler - Added job "execute_health_checks" to job store "default"
2026-07-29 09:28:07,585 [INFO] apscheduler.scheduler - Scheduler started
2026-07-29 09:28:07,585 [INFO] apscheduler.scheduler - Scheduler started
2026-07-29 09:28:07,585 [INFO] apscheduler.scheduler - Scheduler started
2026-07-29 09:28:07,585 [INFO] apscheduler.scheduler - Scheduler started
2026-07-29 09:28:07,585 [INFO] apscheduler.scheduler - Scheduler started
2026-07-29 09:28:07,585 [INFO] apscheduler.scheduler - Scheduler started
2026-07-29 09:28:07,585 [INFO] apscheduler.scheduler - Scheduler started
2026-07-29 09:28:07,585 [INFO] apscheduler.scheduler - Scheduler started
2026-07-29 09:28:07,585 [INFO] apscheduler.scheduler - Scheduler started
2026-07-29 09:28:07,585 [INFO] apscheduler.scheduler - Scheduler started
2026-07-29 09:28:07,585 [INFO] apscheduler.scheduler - Scheduler started
2026-07-29 09:28:07,585 [INFO] apscheduler.scheduler - Scheduler started
2026-07-29 09:28:07,586 [INFO] scheduler - MonitoringService: Started SRE monitoring scheduler daemon
2026-07-29 09:28:07,586 [INFO] scheduler - MonitoringService: Started SRE monitoring scheduler daemon
2026-07-29 09:28:07,586 [INFO] scheduler - MonitoringService: Started SRE monitoring scheduler daemon
2026-07-29 09:28:07,586 [INFO] scheduler - MonitoringService: Started SRE monitoring scheduler daemon
2026-07-29 09:28:07,586 [INFO] scheduler - MonitoringService: Started SRE monitoring scheduler daemon
2026-07-29 09:28:07,586 [INFO] scheduler - MonitoringService: Started SRE monitoring scheduler daemon
2026-07-29 09:28:07,586 [INFO] scheduler - MonitoringService: Started SRE monitoring scheduler daemon
2026-07-29 09:28:07,586 [INFO] scheduler - MonitoringService: Started SRE monitoring scheduler daemon
2026-07-29 09:28:07,586 [INFO] scheduler - MonitoringService: Started SRE monitoring scheduler daemon
2026-07-29 09:28:07,586 [INFO] scheduler - MonitoringService: Started SRE monitoring scheduler daemon
2026-07-29 09:28:07,586 [INFO] scheduler - MonitoringService: Started SRE monitoring scheduler daemon
2026-07-29 09:28:07,586 [INFO] scheduler - MonitoringService: Started SRE monitoring scheduler daemon
2026-07-29 09:28:08,031 [INFO] scheduler - MonitoringService: Stopped SRE monitoring scheduler daemon
2026-07-29 09:28:08,031 [INFO] scheduler - MonitoringService: Stopped SRE monitoring scheduler daemon
2026-07-29 09:28:08,031 [INFO] scheduler - MonitoringService: Stopped SRE monitoring scheduler daemon
2026-07-29 09:28:08,031 [INFO] scheduler - MonitoringService: Stopped SRE monitoring scheduler daemon
2026-07-29 09:28:08,031 [INFO] scheduler - MonitoringService: Stopped SRE monitoring scheduler daemon
2026-07-29 09:28:08,031 [INFO] scheduler - MonitoringService: Stopped SRE monitoring scheduler daemon
2026-07-29 09:28:08,031 [INFO] scheduler - MonitoringService: Stopped SRE monitoring scheduler daemon
2026-07-29 09:28:08,031 [INFO] scheduler - MonitoringService: Stopped SRE monitoring scheduler daemon
2026-07-29 09:28:08,031 [INFO] scheduler - MonitoringService: Stopped SRE monitoring scheduler daemon
2026-07-29 09:28:08,031 [INFO] scheduler - MonitoringService: Stopped SRE monitoring scheduler daemon
2026-07-29 09:28:08,031 [INFO] scheduler - MonitoringService: Stopped SRE monitoring scheduler daemon
2026-07-29 09:28:08,031 [INFO] scheduler - MonitoringService: Stopped SRE monitoring scheduler daemon
2026-07-29 09:28:08,031 [INFO] apscheduler.scheduler - Scheduler has been shut down
2026-07-29 09:28:08,031 [INFO] apscheduler.scheduler - Scheduler has been shut down
2026-07-29 09:28:08,031 [INFO] apscheduler.scheduler - Scheduler has been shut down
2026-07-29 09:28:08,031 [INFO] apscheduler.scheduler - Scheduler has been shut down
2026-07-29 09:28:08,031 [INFO] apscheduler.scheduler - Scheduler has been shut down
2026-07-29 09:28:08,031 [INFO] apscheduler.scheduler - Scheduler has been shut down
2026-07-29 09:28:08,031 [INFO] apscheduler.scheduler - Scheduler has been shut down
2026-07-29 09:28:08,031 [INFO] apscheduler.scheduler - Scheduler has been shut down
2026-07-29 09:28:08,031 [INFO] apscheduler.scheduler - Scheduler has been shut down
2026-07-29 09:28:08,031 [INFO] apscheduler.scheduler - Scheduler has been shut down
2026-07-29 09:28:08,031 [INFO] apscheduler.scheduler - Scheduler has been shut down
2026-07-29 09:28:08,031 [INFO] apscheduler.scheduler - Scheduler has been shut down
2026-07-29 09:28:08,038 [INFO] apscheduler.scheduler - Adding job tentatively -- it will be properly scheduled when the scheduler starts
2026-07-29 09:28:08,038 [INFO] apscheduler.scheduler - Adding job tentatively -- it will be properly scheduled when the scheduler starts
2026-07-29 09:28:08,038 [INFO] apscheduler.scheduler - Adding job tentatively -- it will be properly scheduled when the scheduler starts
2026-07-29 09:28:08,038 [INFO] apscheduler.scheduler - Adding job tentatively -- it will be properly scheduled when the scheduler starts
2026-07-29 09:28:08,038 [INFO] apscheduler.scheduler - Adding job tentatively -- it will be properly scheduled when the scheduler starts
2026-07-29 09:28:08,038 [INFO] apscheduler.scheduler - Adding job tentatively -- it will be properly scheduled when the scheduler starts
2026-07-29 09:28:08,038 [INFO] apscheduler.scheduler - Adding job tentatively -- it will be properly scheduled when the scheduler starts
2026-07-29 09:28:08,038 [INFO] apscheduler.scheduler - Adding job tentatively -- it will be properly scheduled when the scheduler starts
2026-07-29 09:28:08,038 [INFO] apscheduler.scheduler - Adding job tentatively -- it will be properly scheduled when the scheduler starts
2026-07-29 09:28:08,038 [INFO] apscheduler.scheduler - Adding job tentatively -- it will be properly scheduled when the scheduler starts
2026-07-29 09:28:08,038 [INFO] apscheduler.scheduler - Adding job tentatively -- it will be properly scheduled when the scheduler starts
2026-07-29 09:28:08,038 [INFO] apscheduler.scheduler - Adding job tentatively -- it will be properly scheduled when the scheduler starts
2026-07-29 09:28:08,038 [INFO] apscheduler.scheduler - Adding job tentatively -- it will be properly scheduled when the scheduler starts
2026-07-29 09:28:08,039 [INFO] apscheduler.scheduler - Added job "execute_health_checks" to job store "default"
2026-07-29 09:28:08,039 [INFO] apscheduler.scheduler - Added job "execute_health_checks" to job store "default"
2026-07-29 09:28:08,039 [INFO] apscheduler.scheduler - Added job "execute_health_checks" to job store "default"
2026-07-29 09:28:08,039 [INFO] apscheduler.scheduler - Added job "execute_health_checks" to job store "default"
2026-07-29 09:28:08,039 [INFO] apscheduler.scheduler - Added job "execute_health_checks" to job store "default"
2026-07-29 09:28:08,039 [INFO] apscheduler.scheduler - Added job "execute_health_checks" to job store "default"
2026-07-29 09:28:08,039 [INFO] apscheduler.scheduler - Added job "execute_health_checks" to job store "default"
2026-07-29 09:28:08,039 [INFO] apscheduler.scheduler - Added job "execute_health_checks" to job store "default"
2026-07-29 09:28:08,039 [INFO] apscheduler.scheduler - Added job "execute_health_checks" to job store "default"
2026-07-29 09:28:08,039 [INFO] apscheduler.scheduler - Added job "execute_health_checks" to job store "default"
2026-07-29 09:28:08,039 [INFO] apscheduler.scheduler - Added job "execute_health_checks" to job store "default"
2026-07-29 09:28:08,039 [INFO] apscheduler.scheduler - Added job "execute_health_checks" to job store "default"
2026-07-29 09:28:08,039 [INFO] apscheduler.scheduler - Added job "execute_health_checks" to job store "default"
2026-07-29 09:28:08,039 [INFO] apscheduler.scheduler - Scheduler started
2026-07-29 09:28:08,039 [INFO] apscheduler.scheduler - Scheduler started
2026-07-29 09:28:08,039 [INFO] apscheduler.scheduler - Scheduler started
2026-07-29 09:28:08,039 [INFO] apscheduler.scheduler - Scheduler started
2026-07-29 09:28:08,039 [INFO] apscheduler.scheduler - Scheduler started
2026-07-29 09:28:08,039 [INFO] apscheduler.scheduler - Scheduler started
2026-07-29 09:28:08,039 [INFO] apscheduler.scheduler - Scheduler started
2026-07-29 09:28:08,039 [INFO] apscheduler.scheduler - Scheduler started
2026-07-29 09:28:08,039 [INFO] apscheduler.scheduler - Scheduler started
2026-07-29 09:28:08,039 [INFO] apscheduler.scheduler - Scheduler started
2026-07-29 09:28:08,039 [INFO] apscheduler.scheduler - Scheduler started
2026-07-29 09:28:08,039 [INFO] apscheduler.scheduler - Scheduler started
2026-07-29 09:28:08,039 [INFO] apscheduler.scheduler - Scheduler started
2026-07-29 09:28:08,040 [INFO] scheduler - MonitoringService: Started SRE monitoring scheduler daemon
2026-07-29 09:28:08,040 [INFO] scheduler - MonitoringService: Started SRE monitoring scheduler daemon
2026-07-29 09:28:08,040 [INFO] scheduler - MonitoringService: Started SRE monitoring scheduler daemon
2026-07-29 09:28:08,040 [INFO] scheduler - MonitoringService: Started SRE monitoring scheduler daemon
2026-07-29 09:28:08,040 [INFO] scheduler - MonitoringService: Started SRE monitoring scheduler daemon
2026-07-29 09:28:08,040 [INFO] scheduler - MonitoringService: Started SRE monitoring scheduler daemon
2026-07-29 09:28:08,040 [INFO] scheduler - MonitoringService: Started SRE monitoring scheduler daemon
2026-07-29 09:28:08,040 [INFO] scheduler - MonitoringService: Started SRE monitoring scheduler daemon
2026-07-29 09:28:08,040 [INFO] scheduler - MonitoringService: Started SRE monitoring scheduler daemon
2026-07-29 09:28:08,040 [INFO] scheduler - MonitoringService: Started SRE monitoring scheduler daemon
2026-07-29 09:28:08,040 [INFO] scheduler - MonitoringService: Started SRE monitoring scheduler daemon
2026-07-29 09:28:08,040 [INFO] scheduler - MonitoringService: Started SRE monitoring scheduler daemon
2026-07-29 09:28:08,040 [INFO] scheduler - MonitoringService: Started SRE monitoring scheduler daemon
2026-07-29 09:28:08,486 [INFO] scheduler - MonitoringService: Stopped SRE monitoring scheduler daemon
2026-07-29 09:28:08,486 [INFO] scheduler - MonitoringService: Stopped SRE monitoring scheduler daemon
2026-07-29 09:28:08,486 [INFO] scheduler - MonitoringService: Stopped SRE monitoring scheduler daemon
2026-07-29 09:28:08,486 [INFO] scheduler - MonitoringService: Stopped SRE monitoring scheduler daemon
2026-07-29 09:28:08,486 [INFO] scheduler - MonitoringService: Stopped SRE monitoring scheduler daemon
2026-07-29 09:28:08,486 [INFO] scheduler - MonitoringService: Stopped SRE monitoring scheduler daemon
2026-07-29 09:28:08,486 [INFO] scheduler - MonitoringService: Stopped SRE monitoring scheduler daemon
2026-07-29 09:28:08,486 [INFO] scheduler - MonitoringService: Stopped SRE monitoring scheduler daemon
2026-07-29 09:28:08,486 [INFO] scheduler - MonitoringService: Stopped SRE monitoring scheduler daemon
2026-07-29 09:28:08,486 [INFO] scheduler - MonitoringService: Stopped SRE monitoring scheduler daemon
2026-07-29 09:28:08,486 [INFO] scheduler - MonitoringService: Stopped SRE monitoring scheduler daemon
2026-07-29 09:28:08,486 [INFO] scheduler - MonitoringService: Stopped SRE monitoring scheduler daemon
2026-07-29 09:28:08,486 [INFO] scheduler - MonitoringService: Stopped SRE monitoring scheduler daemon
2026-07-29 09:28:08,487 [INFO] apscheduler.scheduler - Scheduler has been shut down
2026-07-29 09:28:08,487 [INFO] apscheduler.scheduler - Scheduler has been shut down
2026-07-29 09:28:08,487 [INFO] apscheduler.scheduler - Scheduler has been shut down
2026-07-29 09:28:08,487 [INFO] apscheduler.scheduler - Scheduler has been shut down
2026-07-29 09:28:08,487 [INFO] apscheduler.scheduler - Scheduler has been shut down
2026-07-29 09:28:08,487 [INFO] apscheduler.scheduler - Scheduler has been shut down
2026-07-29 09:28:08,487 [INFO] apscheduler.scheduler - Scheduler has been shut down
2026-07-29 09:28:08,487 [INFO] apscheduler.scheduler - Scheduler has been shut down
2026-07-29 09:28:08,487 [INFO] apscheduler.scheduler - Scheduler has been shut down
2026-07-29 09:28:08,487 [INFO] apscheduler.scheduler - Scheduler has been shut down
2026-07-29 09:28:08,487 [INFO] apscheduler.scheduler - Scheduler has been shut down
2026-07-29 09:28:08,487 [INFO] apscheduler.scheduler - Scheduler has been shut down
2026-07-29 09:28:08,487 [INFO] apscheduler.scheduler - Scheduler has been shut down
2026-07-29 09:28:15,984 [INFO] apscheduler.executors.default - Running job "execute_health_checks (trigger: interval[0:00:15], next run at: 2026-07-29 09:28:30 IST)" (scheduled at 2026-07-29 09:28:15.972273+05:30)
2026-07-29 09:28:16,055 [ERROR] scheduler - MonitoringService: Error in check scheduler execution: (psycopg2.OperationalError) connection to server at "localhost" (::1), port 5432 failed: FATAL:  password authentication failed for user "postgres"

(Background on this error at: https://sqlalche.me/e/20/e3q8)
Traceback (most recent call last):
  File "C:\Users\danes\OneDrive\Desktop\Healthcheck-project\health-dashboard\venv\lib\site-packages\sqlalchemy\engine\base.py", line 144, in __init__
    self._dbapi_connection = engine.raw_connection()
  File "C:\Users\danes\OneDrive\Desktop\Healthcheck-project\health-dashboard\venv\lib\site-packages\sqlalchemy\engine\base.py", line 3319, in raw_connection
    return self.pool.connect()
  File "C:\Users\danes\OneDrive\Desktop\Healthcheck-project\health-dashboard\venv\lib\site-packages\sqlalchemy\pool\base.py", line 448, in connect
    return _ConnectionFairy._checkout(self)
  File "C:\Users\danes\OneDrive\Desktop\Healthcheck-project\health-dashboard\venv\lib\site-packages\sqlalchemy\pool\base.py", line 1272, in _checkout
    fairy = _ConnectionRecord.checkout(pool)
  File "C:\Users\danes\OneDrive\Desktop\Healthcheck-project\health-dashboard\venv\lib\site-packages\sqlalchemy\pool\base.py", line 712, in checkout
    rec = pool._do_get()
  File "C:\Users\danes\OneDrive\Desktop\Healthcheck-project\health-dashboard\venv\lib\site-packages\sqlalchemy\pool\impl.py", line 179, in _do_get
    self._dec_overflow()
  File "C:\Users\danes\OneDrive\Desktop\Healthcheck-project\health-dashboard\venv\lib\site-packages\sqlalchemy\util\langhelpers.py", line 122, in __exit__
    raise exc_value.with_traceback(exc_tb)
  File "C:\Users\danes\OneDrive\Desktop\Healthcheck-project\health-dashboard\venv\lib\site-packages\sqlalchemy\pool\impl.py", line 176, in _do_get
    return self._create_connection()
  File "C:\Users\danes\OneDrive\Desktop\Healthcheck-project\health-dashboard\venv\lib\site-packages\sqlalchemy\pool\base.py", line 389, in _create_connection
    return _ConnectionRecord(self)
  File "C:\Users\danes\OneDrive\Desktop\Healthcheck-project\health-dashboard\venv\lib\site-packages\sqlalchemy\pool\base.py", line 674, in __init__
    self.__connect()
  File "C:\Users\danes\OneDrive\Desktop\Healthcheck-project\health-dashboard\venv\lib\site-packages\sqlalchemy\pool\base.py", line 901, in __connect
    pool.logger.debug("Error on connect(): %s", e)
  File "C:\Users\danes\OneDrive\Desktop\Healthcheck-project\health-dashboard\venv\lib\site-packages\sqlalchemy\util\langhelpers.py", line 122, in __exit__
    raise exc_value.with_traceback(exc_tb)
  File "C:\Users\danes\OneDrive\Desktop\Healthcheck-project\health-dashboard\venv\lib\site-packages\sqlalchemy\pool\base.py", line 896, in __connect
    self.dbapi_connection = connection = pool._invoke_creator(self)
  File "C:\Users\danes\OneDrive\Desktop\Healthcheck-project\health-dashboard\venv\lib\site-packages\sqlalchemy\engine\create.py", line 667, in connect
    return dialect.connect(*cargs_tup, **cparams)
  File "C:\Users\danes\OneDrive\Desktop\Healthcheck-project\health-dashboard\venv\lib\site-packages\sqlalchemy\engine\default.py", line 630, in connect
    return self.loaded_dbapi.connect(*cargs, **cparams)  # type: ignore[no-any-return]  # NOQA: E501
  File "C:\Users\danes\OneDrive\Desktop\Healthcheck-project\health-dashboard\venv\lib\site-packages\psycopg2\__init__.py", line 154, in connect
    conn = _connect(dsn, connection_factory=connection_factory, **kwasync)
psycopg2.OperationalError: connection to server at "localhost" (::1), port 5432 failed: FATAL:  password authentication failed for user "postgres"


The above exception was the direct cause of the following exception:

Traceback (most recent call last):
  File "C:\Users\danes\OneDrive\Desktop\Healthcheck-project\health-monitoring-system\monitoring-dashboard\app\services\monitoring_service.py", line 121, in execute_health_checks
    services = db.query(Service).all()
  File "C:\Users\danes\OneDrive\Desktop\Healthcheck-project\health-dashboard\venv\lib\site-packages\sqlalchemy\orm\query.py", line 2711, in all
    return self._iter().all()  # type: ignore
  File "C:\Users\danes\OneDrive\Desktop\Healthcheck-project\health-dashboard\venv\lib\site-packages\sqlalchemy\orm\query.py", line 2864, in _iter
    result: Union[ScalarResult[_T], Result[_T]] = self.session.execute(
  File "C:\Users\danes\OneDrive\Desktop\Healthcheck-project\health-dashboard\venv\lib\site-packages\sqlalchemy\orm\session.py", line 2373, in execute
    return self._execute_internal(
  File "C:\Users\danes\OneDrive\Desktop\Healthcheck-project\health-dashboard\venv\lib\site-packages\sqlalchemy\orm\session.py", line 2261, in _execute_internal
    conn = self._connection_for_bind(bind)
  File "C:\Users\danes\OneDrive\Desktop\Healthcheck-project\health-dashboard\venv\lib\site-packages\sqlalchemy\orm\session.py", line 2113, in _connection_for_bind
    return trans._connection_for_bind(engine, execution_options)
  File "<string>", line 2, in _connection_for_bind
  File "C:\Users\danes\OneDrive\Desktop\Healthcheck-project\health-dashboard\venv\lib\site-packages\sqlalchemy\orm\state_changes.py", line 137, in _go
    ret_value = fn(self, *arg, **kw)
  File "C:\Users\danes\OneDrive\Desktop\Healthcheck-project\health-dashboard\venv\lib\site-packages\sqlalchemy\orm\session.py", line 1191, in _connection_for_bind
    conn = bind.connect()
  File "C:\Users\danes\OneDrive\Desktop\Healthcheck-project\health-dashboard\venv\lib\site-packages\sqlalchemy\engine\base.py", line 3295, in connect
    return self._connection_cls(self)
  File "C:\Users\danes\OneDrive\Desktop\Healthcheck-project\health-dashboard\venv\lib\site-packages\sqlalchemy\engine\base.py", line 146, in __init__
    Connection._handle_dbapi_exception_noconnection(
  File "C:\Users\danes\OneDrive\Desktop\Healthcheck-project\health-dashboard\venv\lib\site-packages\sqlalchemy\engine\base.py", line 2450, in _handle_dbapi_exception_noconnection
    raise sqlalchemy_exception.with_traceback(exc_info[2]) from e
  File "C:\Users\danes\OneDrive\Desktop\Healthcheck-project\health-dashboard\venv\lib\site-packages\sqlalchemy\engine\base.py", line 144, in __init__
    self._dbapi_connection = engine.raw_connection()
  File "C:\Users\danes\OneDrive\Desktop\Healthcheck-project\health-dashboard\venv\lib\site-packages\sqlalchemy\engine\base.py", line 3319, in raw_connection
    return self.pool.connect()
  File "C:\Users\danes\OneDrive\Desktop\Healthcheck-project\health-dashboard\venv\lib\site-packages\sqlalchemy\pool\base.py", line 448, in connect
    return _ConnectionFairy._checkout(self)
  File "C:\Users\danes\OneDrive\Desktop\Healthcheck-project\health-dashboard\venv\lib\site-packages\sqlalchemy\pool\base.py", line 1272, in _checkout
    fairy = _ConnectionRecord.checkout(pool)
  File "C:\Users\danes\OneDrive\Desktop\Healthcheck-project\health-dashboard\venv\lib\site-packages\sqlalchemy\pool\base.py", line 712, in checkout
    rec = pool._do_get()
  File "C:\Users\danes\OneDrive\Desktop\Healthcheck-project\health-dashboard\venv\lib\site-packages\sqlalchemy\pool\impl.py", line 179, in _do_get
    self._dec_overflow()
  File "C:\Users\danes\OneDrive\Desktop\Healthcheck-project\health-dashboard\venv\lib\site-packages\sqlalchemy\util\langhelpers.py", line 122, in __exit__
    raise exc_value.with_traceback(exc_tb)
  File "C:\Users\danes\OneDrive\Desktop\Healthcheck-project\health-dashboard\venv\lib\site-packages\sqlalchemy\pool\impl.py", line 176, in _do_get
    return self._create_connection()
  File "C:\Users\danes\OneDrive\Desktop\Healthcheck-project\health-dashboard\venv\lib\site-packages\sqlalchemy\pool\base.py", line 389, in _create_connection
    return _ConnectionRecord(self)
  File "C:\Users\danes\OneDrive\Desktop\Healthcheck-project\health-dashboard\venv\lib\site-packages\sqlalchemy\pool\base.py", line 674, in __init__
    self.__connect()
  File "C:\Users\danes\OneDrive\Desktop\Healthcheck-project\health-dashboard\venv\lib\site-packages\sqlalchemy\pool\base.py", line 901, in __connect
    pool.logger.debug("Error on connect(): %s", e)
  File "C:\Users\danes\OneDrive\Desktop\Healthcheck-project\health-dashboard\venv\lib\site-packages\sqlalchemy\util\langhelpers.py", line 122, in __exit__
    raise exc_value.with_traceback(exc_tb)
  File "C:\Users\danes\OneDrive\Desktop\Healthcheck-project\health-dashboard\venv\lib\site-packages\sqlalchemy\pool\base.py", line 896, in __connect
    self.dbapi_connection = connection = pool._invoke_creator(self)
  File "C:\Users\danes\OneDrive\Desktop\Healthcheck-project\health-dashboard\venv\lib\site-packages\sqlalchemy\engine\create.py", line 667, in connect
    return dialect.connect(*cargs_tup, **cparams)
  File "C:\Users\danes\OneDrive\Desktop\Healthcheck-project\health-dashboard\venv\lib\site-packages\sqlalchemy\engine\default.py", line 630, in connect
    return self.loaded_dbapi.connect(*cargs, **cparams)  # type: ignore[no-any-return]  # NOQA: E501
  File "C:\Users\danes\OneDrive\Desktop\Healthcheck-project\health-dashboard\venv\lib\site-packages\psycopg2\__init__.py", line 154, in connect
    conn = _connect(dsn, connection_factory=connection_factory, **kwasync)
sqlalchemy.exc.OperationalError: (psycopg2.OperationalError) connection to server at "localhost" (::1), port 5432 failed: FATAL:  password authentication failed for user "postgres"

(Background on this error at: https://sqlalche.me/e/20/e3q8)
2026-07-29 09:28:16,057 [INFO] apscheduler.executors.default - Job "execute_health_checks (trigger: interval[0:00:15], next run at: 2026-07-29 09:28:30 IST)" executed successfully
2026-07-29 09:28:30,980 [INFO] apscheduler.executors.default - Running job "execute_health_checks (trigger: interval[0:00:15], next run at: 2026-07-29 09:28:45 IST)" (scheduled at 2026-07-29 09:28:30.972273+05:30)
2026-07-29 09:28:31,037 [ERROR] scheduler - MonitoringService: Error in check scheduler execution: (psycopg2.OperationalError) connection to server at "localhost" (::1), port 5432 failed: FATAL:  password authentication failed for user "postgres"

(Background on this error at: https://sqlalche.me/e/20/e3q8)
Traceback (most recent call last):
  File "C:\Users\danes\OneDrive\Desktop\Healthcheck-project\health-dashboard\venv\lib\site-packages\sqlalchemy\engine\base.py", line 144, in __init__
    self._dbapi_connection = engine.raw_connection()
  File "C:\Users\danes\OneDrive\Desktop\Healthcheck-project\health-dashboard\venv\lib\site-packages\sqlalchemy\engine\base.py", line 3319, in raw_connection
    return self.pool.connect()
  File "C:\Users\danes\OneDrive\Desktop\Healthcheck-project\health-dashboard\venv\lib\site-packages\sqlalchemy\pool\base.py", line 448, in connect
    return _ConnectionFairy._checkout(self)
  File "C:\Users\danes\OneDrive\Desktop\Healthcheck-project\health-dashboard\venv\lib\site-packages\sqlalchemy\pool\base.py", line 1272, in _checkout
    fairy = _ConnectionRecord.checkout(pool)
  File "C:\Users\danes\OneDrive\Desktop\Healthcheck-project\health-dashboard\venv\lib\site-packages\sqlalchemy\pool\base.py", line 712, in checkout
    rec = pool._do_get()
  File "C:\Users\danes\OneDrive\Desktop\Healthcheck-project\health-dashboard\venv\lib\site-packages\sqlalchemy\pool\impl.py", line 179, in _do_get
    self._dec_overflow()
  File "C:\Users\danes\OneDrive\Desktop\Healthcheck-project\health-dashboard\venv\lib\site-packages\sqlalchemy\util\langhelpers.py", line 122, in __exit__
    raise exc_value.with_traceback(exc_tb)
  File "C:\Users\danes\OneDrive\Desktop\Healthcheck-project\health-dashboard\venv\lib\site-packages\sqlalchemy\pool\impl.py", line 176, in _do_get
    return self._create_connection()
  File "C:\Users\danes\OneDrive\Desktop\Healthcheck-project\health-dashboard\venv\lib\site-packages\sqlalchemy\pool\base.py", line 389, in _create_connection
    return _ConnectionRecord(self)
  File "C:\Users\danes\OneDrive\Desktop\Healthcheck-project\health-dashboard\venv\lib\site-packages\sqlalchemy\pool\base.py", line 674, in __init__
    self.__connect()
  File "C:\Users\danes\OneDrive\Desktop\Healthcheck-project\health-dashboard\venv\lib\site-packages\sqlalchemy\pool\base.py", line 901, in __connect
    pool.logger.debug("Error on connect(): %s", e)
  File "C:\Users\danes\OneDrive\Desktop\Healthcheck-project\health-dashboard\venv\lib\site-packages\sqlalchemy\util\langhelpers.py", line 122, in __exit__
    raise exc_value.with_traceback(exc_tb)
  File "C:\Users\danes\OneDrive\Desktop\Healthcheck-project\health-dashboard\venv\lib\site-packages\sqlalchemy\pool\base.py", line 896, in __connect
    self.dbapi_connection = connection = pool._invoke_creator(self)
  File "C:\Users\danes\OneDrive\Desktop\Healthcheck-project\health-dashboard\venv\lib\site-packages\sqlalchemy\engine\create.py", line 667, in connect
    return dialect.connect(*cargs_tup, **cparams)
  File "C:\Users\danes\OneDrive\Desktop\Healthcheck-project\health-dashboard\venv\lib\site-packages\sqlalchemy\engine\default.py", line 630, in connect
    return self.loaded_dbapi.connect(*cargs, **cparams)  # type: ignore[no-any-return]  # NOQA: E501
  File "C:\Users\danes\OneDrive\Desktop\Healthcheck-project\health-dashboard\venv\lib\site-packages\psycopg2\__init__.py", line 154, in connect
    conn = _connect(dsn, connection_factory=connection_factory, **kwasync)
psycopg2.OperationalError: connection to server at "localhost" (::1), port 5432 failed: FATAL:  password authentication failed for user "postgres"


The above exception was the direct cause of the following exception:

Traceback (most recent call last):
  File "C:\Users\danes\OneDrive\Desktop\Healthcheck-project\health-monitoring-system\monitoring-dashboard\app\services\monitoring_service.py", line 121, in execute_health_checks
    services = db.query(Service).all()
  File "C:\Users\danes\OneDrive\Desktop\Healthcheck-project\health-dashboard\venv\lib\site-packages\sqlalchemy\orm\query.py", line 2711, in all
    return self._iter().all()  # type: ignore
  File "C:\Users\danes\OneDrive\Desktop\Healthcheck-project\health-dashboard\venv\lib\site-packages\sqlalchemy\orm\query.py", line 2864, in _iter
    result: Union[ScalarResult[_T], Result[_T]] = self.session.execute(
  File "C:\Users\danes\OneDrive\Desktop\Healthcheck-project\health-dashboard\venv\lib\site-packages\sqlalchemy\orm\session.py", line 2373, in execute
    return self._execute_internal(
  File "C:\Users\danes\OneDrive\Desktop\Healthcheck-project\health-dashboard\venv\lib\site-packages\sqlalchemy\orm\session.py", line 2261, in _execute_internal
    conn = self._connection_for_bind(bind)
  File "C:\Users\danes\OneDrive\Desktop\Healthcheck-project\health-dashboard\venv\lib\site-packages\sqlalchemy\orm\session.py", line 2113, in _connection_for_bind
    return trans._connection_for_bind(engine, execution_options)
  File "<string>", line 2, in _connection_for_bind
  File "C:\Users\danes\OneDrive\Desktop\Healthcheck-project\health-dashboard\venv\lib\site-packages\sqlalchemy\orm\state_changes.py", line 137, in _go
    ret_value = fn(self, *arg, **kw)
  File "C:\Users\danes\OneDrive\Desktop\Healthcheck-project\health-dashboard\venv\lib\site-packages\sqlalchemy\orm\session.py", line 1191, in _connection_for_bind
    conn = bind.connect()
  File "C:\Users\danes\OneDrive\Desktop\Healthcheck-project\health-dashboard\venv\lib\site-packages\sqlalchemy\engine\base.py", line 3295, in connect
    return self._connection_cls(self)
  File "C:\Users\danes\OneDrive\Desktop\Healthcheck-project\health-dashboard\venv\lib\site-packages\sqlalchemy\engine\base.py", line 146, in __init__
    Connection._handle_dbapi_exception_noconnection(
  File "C:\Users\danes\OneDrive\Desktop\Healthcheck-project\health-dashboard\venv\lib\site-packages\sqlalchemy\engine\base.py", line 2450, in _handle_dbapi_exception_noconnection
    raise sqlalchemy_exception.with_traceback(exc_info[2]) from e
  File "C:\Users\danes\OneDrive\Desktop\Healthcheck-project\health-dashboard\venv\lib\site-packages\sqlalchemy\engine\base.py", line 144, in __init__
    self._dbapi_connection = engine.raw_connection()
  File "C:\Users\danes\OneDrive\Desktop\Healthcheck-project\health-dashboard\venv\lib\site-packages\sqlalchemy\engine\base.py", line 3319, in raw_connection
    return self.pool.connect()
  File "C:\Users\danes\OneDrive\Desktop\Healthcheck-project\health-dashboard\venv\lib\site-packages\sqlalchemy\pool\base.py", line 448, in connect
    return _ConnectionFairy._checkout(self)
  File "C:\Users\danes\OneDrive\Desktop\Healthcheck-project\health-dashboard\venv\lib\site-packages\sqlalchemy\pool\base.py", line 1272, in _checkout
    fairy = _ConnectionRecord.checkout(pool)
  File "C:\Users\danes\OneDrive\Desktop\Healthcheck-project\health-dashboard\venv\lib\site-packages\sqlalchemy\pool\base.py", line 712, in checkout
    rec = pool._do_get()
  File "C:\Users\danes\OneDrive\Desktop\Healthcheck-project\health-dashboard\venv\lib\site-packages\sqlalchemy\pool\impl.py", line 179, in _do_get
    self._dec_overflow()
  File "C:\Users\danes\OneDrive\Desktop\Healthcheck-project\health-dashboard\venv\lib\site-packages\sqlalchemy\util\langhelpers.py", line 122, in __exit__
    raise exc_value.with_traceback(exc_tb)
  File "C:\Users\danes\OneDrive\Desktop\Healthcheck-project\health-dashboard\venv\lib\site-packages\sqlalchemy\pool\impl.py", line 176, in _do_get
    return self._create_connection()
  File "C:\Users\danes\OneDrive\Desktop\Healthcheck-project\health-dashboard\venv\lib\site-packages\sqlalchemy\pool\base.py", line 389, in _create_connection
    return _ConnectionRecord(self)
  File "C:\Users\danes\OneDrive\Desktop\Healthcheck-project\health-dashboard\venv\lib\site-packages\sqlalchemy\pool\base.py", line 674, in __init__
    self.__connect()
  File "C:\Users\danes\OneDrive\Desktop\Healthcheck-project\health-dashboard\venv\lib\site-packages\sqlalchemy\pool\base.py", line 901, in __connect
    pool.logger.debug("Error on connect(): %s", e)
  File "C:\Users\danes\OneDrive\Desktop\Healthcheck-project\health-dashboard\venv\lib\site-packages\sqlalchemy\util\langhelpers.py", line 122, in __exit__
    raise exc_value.with_traceback(exc_tb)
  File "C:\Users\danes\OneDrive\Desktop\Healthcheck-project\health-dashboard\venv\lib\site-packages\sqlalchemy\pool\base.py", line 896, in __connect
    self.dbapi_connection = connection = pool._invoke_creator(self)
  File "C:\Users\danes\OneDrive\Desktop\Healthcheck-project\health-dashboard\venv\lib\site-packages\sqlalchemy\engine\create.py", line 667, in connect
    return dialect.connect(*cargs_tup, **cparams)
  File "C:\Users\danes\OneDrive\Desktop\Healthcheck-project\health-dashboard\venv\lib\site-packages\sqlalchemy\engine\default.py", line 630, in connect
    return self.loaded_dbapi.connect(*cargs, **cparams)  # type: ignore[no-any-return]  # NOQA: E501
  File "C:\Users\danes\OneDrive\Desktop\Healthcheck-project\health-dashboard\venv\lib\site-packages\psycopg2\__init__.py", line 154, in connect
    conn = _connect(dsn, connection_factory=connection_factory, **kwasync)
sqlalchemy.exc.OperationalError: (psycopg2.OperationalError) connection to server at "localhost" (::1), port 5432 failed: FATAL:  password authentication failed for user "postgres"

(Background on this error at: https://sqlalche.me/e/20/e3q8)
2026-07-29 09:28:31,039 [INFO] apscheduler.executors.default - Job "execute_health_checks (trigger: interval[0:00:15], next run at: 2026-07-29 09:28:45 IST)" executed successfully
2026-07-29 09:28:45,988 [INFO] apscheduler.executors.default - Running job "execute_health_checks (trigger: interval[0:00:15], next run at: 2026-07-29 09:29:00 IST)" (scheduled at 2026-07-29 09:28:45.972273+05:30)
2026-07-29 09:28:46,052 [ERROR] scheduler - MonitoringService: Error in check scheduler execution: (psycopg2.OperationalError) connection to server at "localhost" (::1), port 5432 failed: FATAL:  password authentication failed for user "postgres"

(Background on this error at: https://sqlalche.me/e/20/e3q8)
Traceback (most recent call last):
  File "C:\Users\danes\OneDrive\Desktop\Healthcheck-project\health-dashboard\venv\lib\site-packages\sqlalchemy\engine\base.py", line 144, in __init__
    self._dbapi_connection = engine.raw_connection()
  File "C:\Users\danes\OneDrive\Desktop\Healthcheck-project\health-dashboard\venv\lib\site-packages\sqlalchemy\engine\base.py", line 3319, in raw_connection
    return self.pool.connect()
  File "C:\Users\danes\OneDrive\Desktop\Healthcheck-project\health-dashboard\venv\lib\site-packages\sqlalchemy\pool\base.py", line 448, in connect
    return _ConnectionFairy._checkout(self)
  File "C:\Users\danes\OneDrive\Desktop\Healthcheck-project\health-dashboard\venv\lib\site-packages\sqlalchemy\pool\base.py", line 1272, in _checkout
    fairy = _ConnectionRecord.checkout(pool)
  File "C:\Users\danes\OneDrive\Desktop\Healthcheck-project\health-dashboard\venv\lib\site-packages\sqlalchemy\pool\base.py", line 712, in checkout
    rec = pool._do_get()
  File "C:\Users\danes\OneDrive\Desktop\Healthcheck-project\health-dashboard\venv\lib\site-packages\sqlalchemy\pool\impl.py", line 179, in _do_get
    self._dec_overflow()
  File "C:\Users\danes\OneDrive\Desktop\Healthcheck-project\health-dashboard\venv\lib\site-packages\sqlalchemy\util\langhelpers.py", line 122, in __exit__
    raise exc_value.with_traceback(exc_tb)
  File "C:\Users\danes\OneDrive\Desktop\Healthcheck-project\health-dashboard\venv\lib\site-packages\sqlalchemy\pool\impl.py", line 176, in _do_get
    return self._create_connection()
  File "C:\Users\danes\OneDrive\Desktop\Healthcheck-project\health-dashboard\venv\lib\site-packages\sqlalchemy\pool\base.py", line 389, in _create_connection
    return _ConnectionRecord(self)
  File "C:\Users\danes\OneDrive\Desktop\Healthcheck-project\health-dashboard\venv\lib\site-packages\sqlalchemy\pool\base.py", line 674, in __init__
    self.__connect()
  File "C:\Users\danes\OneDrive\Desktop\Healthcheck-project\health-dashboard\venv\lib\site-packages\sqlalchemy\pool\base.py", line 901, in __connect
    pool.logger.debug("Error on connect(): %s", e)
  File "C:\Users\danes\OneDrive\Desktop\Healthcheck-project\health-dashboard\venv\lib\site-packages\sqlalchemy\util\langhelpers.py", line 122, in __exit__
    raise exc_value.with_traceback(exc_tb)
  File "C:\Users\danes\OneDrive\Desktop\Healthcheck-project\health-dashboard\venv\lib\site-packages\sqlalchemy\pool\base.py", line 896, in __connect
    self.dbapi_connection = connection = pool._invoke_creator(self)
  File "C:\Users\danes\OneDrive\Desktop\Healthcheck-project\health-dashboard\venv\lib\site-packages\sqlalchemy\engine\create.py", line 667, in connect
    return dialect.connect(*cargs_tup, **cparams)
  File "C:\Users\danes\OneDrive\Desktop\Healthcheck-project\health-dashboard\venv\lib\site-packages\sqlalchemy\engine\default.py", line 630, in connect
    return self.loaded_dbapi.connect(*cargs, **cparams)  # type: ignore[no-any-return]  # NOQA: E501
  File "C:\Users\danes\OneDrive\Desktop\Healthcheck-project\health-dashboard\venv\lib\site-packages\psycopg2\__init__.py", line 154, in connect
    conn = _connect(dsn, connection_factory=connection_factory, **kwasync)
psycopg2.OperationalError: connection to server at "localhost" (::1), port 5432 failed: FATAL:  password authentication failed for user "postgres"


The above exception was the direct cause of the following exception:

Traceback (most recent call last):
  File "C:\Users\danes\OneDrive\Desktop\Healthcheck-project\health-monitoring-system\monitoring-dashboard\app\services\monitoring_service.py", line 121, in execute_health_checks
    services = db.query(Service).all()
  File "C:\Users\danes\OneDrive\Desktop\Healthcheck-project\health-dashboard\venv\lib\site-packages\sqlalchemy\orm\query.py", line 2711, in all
    return self._iter().all()  # type: ignore
  File "C:\Users\danes\OneDrive\Desktop\Healthcheck-project\health-dashboard\venv\lib\site-packages\sqlalchemy\orm\query.py", line 2864, in _iter
    result: Union[ScalarResult[_T], Result[_T]] = self.session.execute(
  File "C:\Users\danes\OneDrive\Desktop\Healthcheck-project\health-dashboard\venv\lib\site-packages\sqlalchemy\orm\session.py", line 2373, in execute
    return self._execute_internal(
  File "C:\Users\danes\OneDrive\Desktop\Healthcheck-project\health-dashboard\venv\lib\site-packages\sqlalchemy\orm\session.py", line 2261, in _execute_internal
    conn = self._connection_for_bind(bind)
  File "C:\Users\danes\OneDrive\Desktop\Healthcheck-project\health-dashboard\venv\lib\site-packages\sqlalchemy\orm\session.py", line 2113, in _connection_for_bind
    return trans._connection_for_bind(engine, execution_options)
  File "<string>", line 2, in _connection_for_bind
  File "C:\Users\danes\OneDrive\Desktop\Healthcheck-project\health-dashboard\venv\lib\site-packages\sqlalchemy\orm\state_changes.py", line 137, in _go
    ret_value = fn(self, *arg, **kw)
  File "C:\Users\danes\OneDrive\Desktop\Healthcheck-project\health-dashboard\venv\lib\site-packages\sqlalchemy\orm\session.py", line 1191, in _connection_for_bind
    conn = bind.connect()
  File "C:\Users\danes\OneDrive\Desktop\Healthcheck-project\health-dashboard\venv\lib\site-packages\sqlalchemy\engine\base.py", line 3295, in connect
    return self._connection_cls(self)
  File "C:\Users\danes\OneDrive\Desktop\Healthcheck-project\health-dashboard\venv\lib\site-packages\sqlalchemy\engine\base.py", line 146, in __init__
    Connection._handle_dbapi_exception_noconnection(
  File "C:\Users\danes\OneDrive\Desktop\Healthcheck-project\health-dashboard\venv\lib\site-packages\sqlalchemy\engine\base.py", line 2450, in _handle_dbapi_exception_noconnection
    raise sqlalchemy_exception.with_traceback(exc_info[2]) from e
  File "C:\Users\danes\OneDrive\Desktop\Healthcheck-project\health-dashboard\venv\lib\site-packages\sqlalchemy\engine\base.py", line 144, in __init__
    self._dbapi_connection = engine.raw_connection()
  File "C:\Users\danes\OneDrive\Desktop\Healthcheck-project\health-dashboard\venv\lib\site-packages\sqlalchemy\engine\base.py", line 3319, in raw_connection
    return self.pool.connect()
  File "C:\Users\danes\OneDrive\Desktop\Healthcheck-project\health-dashboard\venv\lib\site-packages\sqlalchemy\pool\base.py", line 448, in connect
    return _ConnectionFairy._checkout(self)
  File "C:\Users\danes\OneDrive\Desktop\Healthcheck-project\health-dashboard\venv\lib\site-packages\sqlalchemy\pool\base.py", line 1272, in _checkout
    fairy = _ConnectionRecord.checkout(pool)
  File "C:\Users\danes\OneDrive\Desktop\Healthcheck-project\health-dashboard\venv\lib\site-packages\sqlalchemy\pool\base.py", line 712, in checkout
    rec = pool._do_get()
  File "C:\Users\danes\OneDrive\Desktop\Healthcheck-project\health-dashboard\venv\lib\site-packages\sqlalchemy\pool\impl.py", line 179, in _do_get
    self._dec_overflow()
  File "C:\Users\danes\OneDrive\Desktop\Healthcheck-project\health-dashboard\venv\lib\site-packages\sqlalchemy\util\langhelpers.py", line 122, in __exit__
    raise exc_value.with_traceback(exc_tb)
  File "C:\Users\danes\OneDrive\Desktop\Healthcheck-project\health-dashboard\venv\lib\site-packages\sqlalchemy\pool\impl.py", line 176, in _do_get
    return self._create_connection()
  File "C:\Users\danes\OneDrive\Desktop\Healthcheck-project\health-dashboard\venv\lib\site-packages\sqlalchemy\pool\base.py", line 389, in _create_connection
    return _ConnectionRecord(self)
  File "C:\Users\danes\OneDrive\Desktop\Healthcheck-project\health-dashboard\venv\lib\site-packages\sqlalchemy\pool\base.py", line 674, in __init__
    self.__connect()
  File "C:\Users\danes\OneDrive\Desktop\Healthcheck-project\health-dashboard\venv\lib\site-packages\sqlalchemy\pool\base.py", line 901, in __connect
    pool.logger.debug("Error on connect(): %s", e)
  File "C:\Users\danes\OneDrive\Desktop\Healthcheck-project\health-dashboard\venv\lib\site-packages\sqlalchemy\util\langhelpers.py", line 122, in __exit__
    raise exc_value.with_traceback(exc_tb)
  File "C:\Users\danes\OneDrive\Desktop\Healthcheck-project\health-dashboard\venv\lib\site-packages\sqlalchemy\pool\base.py", line 896, in __connect
    self.dbapi_connection = connection = pool._invoke_creator(self)
  File "C:\Users\danes\OneDrive\Desktop\Healthcheck-project\health-dashboard\venv\lib\site-packages\sqlalchemy\engine\create.py", line 667, in connect
    return dialect.connect(*cargs_tup, **cparams)
  File "C:\Users\danes\OneDrive\Desktop\Healthcheck-project\health-dashboard\venv\lib\site-packages\sqlalchemy\engine\default.py", line 630, in connect
    return self.loaded_dbapi.connect(*cargs, **cparams)  # type: ignore[no-any-return]  # NOQA: E501
  File "C:\Users\danes\OneDrive\Desktop\Healthcheck-project\health-dashboard\venv\lib\site-packages\psycopg2\__init__.py", line 154, in connect
    conn = _connect(dsn, connection_factory=connection_factory, **kwasync)
sqlalchemy.exc.OperationalError: (psycopg2.OperationalError) connection to server at "localhost" (::1), port 5432 failed: FATAL:  password authentication failed for user "postgres"

(Background on this error at: https://sqlalche.me/e/20/e3q8)
2026-07-29 09:28:46,054 [INFO] apscheduler.executors.default - Job "execute_health_checks (trigger: interval[0:00:15], next run at: 2026-07-29 09:29:00 IST)" executed successfully
2026-07-29 09:29:00,990 [INFO] apscheduler.executors.default - Running job "execute_health_checks (trigger: interval[0:00:15], next run at: 2026-07-29 09:29:15 IST)" (scheduled at 2026-07-29 09:29:00.972273+05:30)
2026-07-29 09:29:01,030 [ERROR] scheduler - MonitoringService: Error in check scheduler execution: (psycopg2.OperationalError) connection to server at "localhost" (::1), port 5432 failed: FATAL:  password authentication failed for user "postgres"

(Background on this error at: https://sqlalche.me/e/20/e3q8)
Traceback (most recent call last):
  File "C:\Users\danes\OneDrive\Desktop\Healthcheck-project\health-dashboard\venv\lib\site-packages\sqlalchemy\engine\base.py", line 144, in __init__
    self._dbapi_connection = engine.raw_connection()
  File "C:\Users\danes\OneDrive\Desktop\Healthcheck-project\health-dashboard\venv\lib\site-packages\sqlalchemy\engine\base.py", line 3319, in raw_connection
    return self.pool.connect()
  File "C:\Users\danes\OneDrive\Desktop\Healthcheck-project\health-dashboard\venv\lib\site-packages\sqlalchemy\pool\base.py", line 448, in connect
    return _ConnectionFairy._checkout(self)
  File "C:\Users\danes\OneDrive\Desktop\Healthcheck-project\health-dashboard\venv\lib\site-packages\sqlalchemy\pool\base.py", line 1272, in _checkout
    fairy = _ConnectionRecord.checkout(pool)
  File "C:\Users\danes\OneDrive\Desktop\Healthcheck-project\health-dashboard\venv\lib\site-packages\sqlalchemy\pool\base.py", line 712, in checkout
    rec = pool._do_get()
  File "C:\Users\danes\OneDrive\Desktop\Healthcheck-project\health-dashboard\venv\lib\site-packages\sqlalchemy\pool\impl.py", line 179, in _do_get
    self._dec_overflow()
  File "C:\Users\danes\OneDrive\Desktop\Healthcheck-project\health-dashboard\venv\lib\site-packages\sqlalchemy\util\langhelpers.py", line 122, in __exit__
    raise exc_value.with_traceback(exc_tb)
  File "C:\Users\danes\OneDrive\Desktop\Healthcheck-project\health-dashboard\venv\lib\site-packages\sqlalchemy\pool\impl.py", line 176, in _do_get
    return self._create_connection()
  File "C:\Users\danes\OneDrive\Desktop\Healthcheck-project\health-dashboard\venv\lib\site-packages\sqlalchemy\pool\base.py", line 389, in _create_connection
    return _ConnectionRecord(self)
  File "C:\Users\danes\OneDrive\Desktop\Healthcheck-project\health-dashboard\venv\lib\site-packages\sqlalchemy\pool\base.py", line 674, in __init__
    self.__connect()
  File "C:\Users\danes\OneDrive\Desktop\Healthcheck-project\health-dashboard\venv\lib\site-packages\sqlalchemy\pool\base.py", line 901, in __connect
    pool.logger.debug("Error on connect(): %s", e)
  File "C:\Users\danes\OneDrive\Desktop\Healthcheck-project\health-dashboard\venv\lib\site-packages\sqlalchemy\util\langhelpers.py", line 122, in __exit__
    raise exc_value.with_traceback(exc_tb)
  File "C:\Users\danes\OneDrive\Desktop\Healthcheck-project\health-dashboard\venv\lib\site-packages\sqlalchemy\pool\base.py", line 896, in __connect
    self.dbapi_connection = connection = pool._invoke_creator(self)
  File "C:\Users\danes\OneDrive\Desktop\Healthcheck-project\health-dashboard\venv\lib\site-packages\sqlalchemy\engine\create.py", line 667, in connect
    return dialect.connect(*cargs_tup, **cparams)
  File "C:\Users\danes\OneDrive\Desktop\Healthcheck-project\health-dashboard\venv\lib\site-packages\sqlalchemy\engine\default.py", line 630, in connect
    return self.loaded_dbapi.connect(*cargs, **cparams)  # type: ignore[no-any-return]  # NOQA: E501
  File "C:\Users\danes\OneDrive\Desktop\Healthcheck-project\health-dashboard\venv\lib\site-packages\psycopg2\__init__.py", line 154, in connect
    conn = _connect(dsn, connection_factory=connection_factory, **kwasync)
psycopg2.OperationalError: connection to server at "localhost" (::1), port 5432 failed: FATAL:  password authentication failed for user "postgres"


The above exception was the direct cause of the following exception:

Traceback (most recent call last):
  File "C:\Users\danes\OneDrive\Desktop\Healthcheck-project\health-monitoring-system\monitoring-dashboard\app\services\monitoring_service.py", line 121, in execute_health_checks
    services = db.query(Service).all()
  File "C:\Users\danes\OneDrive\Desktop\Healthcheck-project\health-dashboard\venv\lib\site-packages\sqlalchemy\orm\query.py", line 2711, in all
    return self._iter().all()  # type: ignore
  File "C:\Users\danes\OneDrive\Desktop\Healthcheck-project\health-dashboard\venv\lib\site-packages\sqlalchemy\orm\query.py", line 2864, in _iter
    result: Union[ScalarResult[_T], Result[_T]] = self.session.execute(
  File "C:\Users\danes\OneDrive\Desktop\Healthcheck-project\health-dashboard\venv\lib\site-packages\sqlalchemy\orm\session.py", line 2373, in execute
    return self._execute_internal(
  File "C:\Users\danes\OneDrive\Desktop\Healthcheck-project\health-dashboard\venv\lib\site-packages\sqlalchemy\orm\session.py", line 2261, in _execute_internal
    conn = self._connection_for_bind(bind)
  File "C:\Users\danes\OneDrive\Desktop\Healthcheck-project\health-dashboard\venv\lib\site-packages\sqlalchemy\orm\session.py", line 2113, in _connection_for_bind
    return trans._connection_for_bind(engine, execution_options)
  File "<string>", line 2, in _connection_for_bind
  File "C:\Users\danes\OneDrive\Desktop\Healthcheck-project\health-dashboard\venv\lib\site-packages\sqlalchemy\orm\state_changes.py", line 137, in _go
    ret_value = fn(self, *arg, **kw)
  File "C:\Users\danes\OneDrive\Desktop\Healthcheck-project\health-dashboard\venv\lib\site-packages\sqlalchemy\orm\session.py", line 1191, in _connection_for_bind
    conn = bind.connect()
  File "C:\Users\danes\OneDrive\Desktop\Healthcheck-project\health-dashboard\venv\lib\site-packages\sqlalchemy\engine\base.py", line 3295, in connect
    return self._connection_cls(self)
  File "C:\Users\danes\OneDrive\Desktop\Healthcheck-project\health-dashboard\venv\lib\site-packages\sqlalchemy\engine\base.py", line 146, in __init__
    Connection._handle_dbapi_exception_noconnection(
  File "C:\Users\danes\OneDrive\Desktop\Healthcheck-project\health-dashboard\venv\lib\site-packages\sqlalchemy\engine\base.py", line 2450, in _handle_dbapi_exception_noconnection
    raise sqlalchemy_exception.with_traceback(exc_info[2]) from e
  File "C:\Users\danes\OneDrive\Desktop\Healthcheck-project\health-dashboard\venv\lib\site-packages\sqlalchemy\engine\base.py", line 144, in __init__
    self._dbapi_connection = engine.raw_connection()
  File "C:\Users\danes\OneDrive\Desktop\Healthcheck-project\health-dashboard\venv\lib\site-packages\sqlalchemy\engine\base.py", line 3319, in raw_connection
    return self.pool.connect()
  File "C:\Users\danes\OneDrive\Desktop\Healthcheck-project\health-dashboard\venv\lib\site-packages\sqlalchemy\pool\base.py", line 448, in connect
    return _ConnectionFairy._checkout(self)
  File "C:\Users\danes\OneDrive\Desktop\Healthcheck-project\health-dashboard\venv\lib\site-packages\sqlalchemy\pool\base.py", line 1272, in _checkout
    fairy = _ConnectionRecord.checkout(pool)
  File "C:\Users\danes\OneDrive\Desktop\Healthcheck-project\health-dashboard\venv\lib\site-packages\sqlalchemy\pool\base.py", line 712, in checkout
    rec = pool._do_get()
  File "C:\Users\danes\OneDrive\Desktop\Healthcheck-project\health-dashboard\venv\lib\site-packages\sqlalchemy\pool\impl.py", line 179, in _do_get
    self._dec_overflow()
  File "C:\Users\danes\OneDrive\Desktop\Healthcheck-project\health-dashboard\venv\lib\site-packages\sqlalchemy\util\langhelpers.py", line 122, in __exit__
    raise exc_value.with_traceback(exc_tb)
  File "C:\Users\danes\OneDrive\Desktop\Healthcheck-project\health-dashboard\venv\lib\site-packages\sqlalchemy\pool\impl.py", line 176, in _do_get
    return self._create_connection()
  File "C:\Users\danes\OneDrive\Desktop\Healthcheck-project\health-dashboard\venv\lib\site-packages\sqlalchemy\pool\base.py", line 389, in _create_connection
    return _ConnectionRecord(self)
  File "C:\Users\danes\OneDrive\Desktop\Healthcheck-project\health-dashboard\venv\lib\site-packages\sqlalchemy\pool\base.py", line 674, in __init__
    self.__connect()
  File "C:\Users\danes\OneDrive\Desktop\Healthcheck-project\health-dashboard\venv\lib\site-packages\sqlalchemy\pool\base.py", line 901, in __connect
    pool.logger.debug("Error on connect(): %s", e)
  File "C:\Users\danes\OneDrive\Desktop\Healthcheck-project\health-dashboard\venv\lib\site-packages\sqlalchemy\util\langhelpers.py", line 122, in __exit__
    raise exc_value.with_traceback(exc_tb)
  File "C:\Users\danes\OneDrive\Desktop\Healthcheck-project\health-dashboard\venv\lib\site-packages\sqlalchemy\pool\base.py", line 896, in __connect
    self.dbapi_connection = connection = pool._invoke_creator(self)
  File "C:\Users\danes\OneDrive\Desktop\Healthcheck-project\health-dashboard\venv\lib\site-packages\sqlalchemy\engine\create.py", line 667, in connect
    return dialect.connect(*cargs_tup, **cparams)
  File "C:\Users\danes\OneDrive\Desktop\Healthcheck-project\health-dashboard\venv\lib\site-packages\sqlalchemy\engine\default.py", line 630, in connect
    return self.loaded_dbapi.connect(*cargs, **cparams)  # type: ignore[no-any-return]  # NOQA: E501
  File "C:\Users\danes\OneDrive\Desktop\Healthcheck-project\health-dashboard\venv\lib\site-packages\psycopg2\__init__.py", line 154, in connect
    conn = _connect(dsn, connection_factory=connection_factory, **kwasync)
sqlalchemy.exc.OperationalError: (psycopg2.OperationalError) connection to server at "localhost" (::1), port 5432 failed: FATAL:  password authentication failed for user "postgres"

(Background on this error at: https://sqlalche.me/e/20/e3q8)
2026-07-29 09:29:01,031 [INFO] apscheduler.executors.default - Job "execute_health_checks (trigger: interval[0:00:15], next run at: 2026-07-29 09:29:15 IST)" executed successfully
2026-07-29 09:29:15,986 [INFO] apscheduler.executors.default - Running job "execute_health_checks (trigger: interval[0:00:15], next run at: 2026-07-29 09:29:30 IST)" (scheduled at 2026-07-29 09:29:15.972273+05:30)
2026-07-29 09:29:16,138 [ERROR] scheduler - MonitoringService: Error in check scheduler execution: (psycopg2.OperationalError) connection to server at "localhost" (::1), port 5432 failed: FATAL:  password authentication failed for user "postgres"

(Background on this error at: https://sqlalche.me/e/20/e3q8)
Traceback (most recent call last):
  File "C:\Users\danes\OneDrive\Desktop\Healthcheck-project\health-dashboard\venv\lib\site-packages\sqlalchemy\engine\base.py", line 144, in __init__
    self._dbapi_connection = engine.raw_connection()
  File "C:\Users\danes\OneDrive\Desktop\Healthcheck-project\health-dashboard\venv\lib\site-packages\sqlalchemy\engine\base.py", line 3319, in raw_connection
    return self.pool.connect()
  File "C:\Users\danes\OneDrive\Desktop\Healthcheck-project\health-dashboard\venv\lib\site-packages\sqlalchemy\pool\base.py", line 448, in connect
    return _ConnectionFairy._checkout(self)
  File "C:\Users\danes\OneDrive\Desktop\Healthcheck-project\health-dashboard\venv\lib\site-packages\sqlalchemy\pool\base.py", line 1272, in _checkout
    fairy = _ConnectionRecord.checkout(pool)
  File "C:\Users\danes\OneDrive\Desktop\Healthcheck-project\health-dashboard\venv\lib\site-packages\sqlalchemy\pool\base.py", line 712, in checkout
    rec = pool._do_get()
  File "C:\Users\danes\OneDrive\Desktop\Healthcheck-project\health-dashboard\venv\lib\site-packages\sqlalchemy\pool\impl.py", line 179, in _do_get
    self._dec_overflow()
  File "C:\Users\danes\OneDrive\Desktop\Healthcheck-project\health-dashboard\venv\lib\site-packages\sqlalchemy\util\langhelpers.py", line 122, in __exit__
    raise exc_value.with_traceback(exc_tb)
  File "C:\Users\danes\OneDrive\Desktop\Healthcheck-project\health-dashboard\venv\lib\site-packages\sqlalchemy\pool\impl.py", line 176, in _do_get
    return self._create_connection()
  File "C:\Users\danes\OneDrive\Desktop\Healthcheck-project\health-dashboard\venv\lib\site-packages\sqlalchemy\pool\base.py", line 389, in _create_connection
    return _ConnectionRecord(self)
  File "C:\Users\danes\OneDrive\Desktop\Healthcheck-project\health-dashboard\venv\lib\site-packages\sqlalchemy\pool\base.py", line 674, in __init__
    self.__connect()
  File "C:\Users\danes\OneDrive\Desktop\Healthcheck-project\health-dashboard\venv\lib\site-packages\sqlalchemy\pool\base.py", line 901, in __connect
    pool.logger.debug("Error on connect(): %s", e)
  File "C:\Users\danes\OneDrive\Desktop\Healthcheck-project\health-dashboard\venv\lib\site-packages\sqlalchemy\util\langhelpers.py", line 122, in __exit__
    raise exc_value.with_traceback(exc_tb)
  File "C:\Users\danes\OneDrive\Desktop\Healthcheck-project\health-dashboard\venv\lib\site-packages\sqlalchemy\pool\base.py", line 896, in __connect
    self.dbapi_connection = connection = pool._invoke_creator(self)
  File "C:\Users\danes\OneDrive\Desktop\Healthcheck-project\health-dashboard\venv\lib\site-packages\sqlalchemy\engine\create.py", line 667, in connect
    return dialect.connect(*cargs_tup, **cparams)
  File "C:\Users\danes\OneDrive\Desktop\Healthcheck-project\health-dashboard\venv\lib\site-packages\sqlalchemy\engine\default.py", line 630, in connect
    return self.loaded_dbapi.connect(*cargs, **cparams)  # type: ignore[no-any-return]  # NOQA: E501
  File "C:\Users\danes\OneDrive\Desktop\Healthcheck-project\health-dashboard\venv\lib\site-packages\psycopg2\__init__.py", line 154, in connect
    conn = _connect(dsn, connection_factory=connection_factory, **kwasync)
psycopg2.OperationalError: connection to server at "localhost" (::1), port 5432 failed: FATAL:  password authentication failed for user "postgres"


The above exception was the direct cause of the following exception:

Traceback (most recent call last):
  File "C:\Users\danes\OneDrive\Desktop\Healthcheck-project\health-monitoring-system\monitoring-dashboard\app\services\monitoring_service.py", line 121, in execute_health_checks
    services = db.query(Service).all()
  File "C:\Users\danes\OneDrive\Desktop\Healthcheck-project\health-dashboard\venv\lib\site-packages\sqlalchemy\orm\query.py", line 2711, in all
    return self._iter().all()  # type: ignore
  File "C:\Users\danes\OneDrive\Desktop\Healthcheck-project\health-dashboard\venv\lib\site-packages\sqlalchemy\orm\query.py", line 2864, in _iter
    result: Union[ScalarResult[_T], Result[_T]] = self.session.execute(
  File "C:\Users\danes\OneDrive\Desktop\Healthcheck-project\health-dashboard\venv\lib\site-packages\sqlalchemy\orm\session.py", line 2373, in execute
    return self._execute_internal(
  File "C:\Users\danes\OneDrive\Desktop\Healthcheck-project\health-dashboard\venv\lib\site-packages\sqlalchemy\orm\session.py", line 2261, in _execute_internal
    conn = self._connection_for_bind(bind)
  File "C:\Users\danes\OneDrive\Desktop\Healthcheck-project\health-dashboard\venv\lib\site-packages\sqlalchemy\orm\session.py", line 2113, in _connection_for_bind
    return trans._connection_for_bind(engine, execution_options)
  File "<string>", line 2, in _connection_for_bind
  File "C:\Users\danes\OneDrive\Desktop\Healthcheck-project\health-dashboard\venv\lib\site-packages\sqlalchemy\orm\state_changes.py", line 137, in _go
    ret_value = fn(self, *arg, **kw)
  File "C:\Users\danes\OneDrive\Desktop\Healthcheck-project\health-dashboard\venv\lib\site-packages\sqlalchemy\orm\session.py", line 1191, in _connection_for_bind
    conn = bind.connect()
  File "C:\Users\danes\OneDrive\Desktop\Healthcheck-project\health-dashboard\venv\lib\site-packages\sqlalchemy\engine\base.py", line 3295, in connect
    return self._connection_cls(self)
  File "C:\Users\danes\OneDrive\Desktop\Healthcheck-project\health-dashboard\venv\lib\site-packages\sqlalchemy\engine\base.py", line 146, in __init__
    Connection._handle_dbapi_exception_noconnection(
  File "C:\Users\danes\OneDrive\Desktop\Healthcheck-project\health-dashboard\venv\lib\site-packages\sqlalchemy\engine\base.py", line 2450, in _handle_dbapi_exception_noconnection
    raise sqlalchemy_exception.with_traceback(exc_info[2]) from e
  File "C:\Users\danes\OneDrive\Desktop\Healthcheck-project\health-dashboard\venv\lib\site-packages\sqlalchemy\engine\base.py", line 144, in __init__
    self._dbapi_connection = engine.raw_connection()
  File "C:\Users\danes\OneDrive\Desktop\Healthcheck-project\health-dashboard\venv\lib\site-packages\sqlalchemy\engine\base.py", line 3319, in raw_connection
    return self.pool.connect()
  File "C:\Users\danes\OneDrive\Desktop\Healthcheck-project\health-dashboard\venv\lib\site-packages\sqlalchemy\pool\base.py", line 448, in connect
    return _ConnectionFairy._checkout(self)
  File "C:\Users\danes\OneDrive\Desktop\Healthcheck-project\health-dashboard\venv\lib\site-packages\sqlalchemy\pool\base.py", line 1272, in _checkout
    fairy = _ConnectionRecord.checkout(pool)
  File "C:\Users\danes\OneDrive\Desktop\Healthcheck-project\health-dashboard\venv\lib\site-packages\sqlalchemy\pool\base.py", line 712, in checkout
    rec = pool._do_get()
  File "C:\Users\danes\OneDrive\Desktop\Healthcheck-project\health-dashboard\venv\lib\site-packages\sqlalchemy\pool\impl.py", line 179, in _do_get
    self._dec_overflow()
  File "C:\Users\danes\OneDrive\Desktop\Healthcheck-project\health-dashboard\venv\lib\site-packages\sqlalchemy\util\langhelpers.py", line 122, in __exit__
    raise exc_value.with_traceback(exc_tb)
  File "C:\Users\danes\OneDrive\Desktop\Healthcheck-project\health-dashboard\venv\lib\site-packages\sqlalchemy\pool\impl.py", line 176, in _do_get
    return self._create_connection()
  File "C:\Users\danes\OneDrive\Desktop\Healthcheck-project\health-dashboard\venv\lib\site-packages\sqlalchemy\pool\base.py", line 389, in _create_connection
    return _ConnectionRecord(self)
  File "C:\Users\danes\OneDrive\Desktop\Healthcheck-project\health-dashboard\venv\lib\site-packages\sqlalchemy\pool\base.py", line 674, in __init__
    self.__connect()
  File "C:\Users\danes\OneDrive\Desktop\Healthcheck-project\health-dashboard\venv\lib\site-packages\sqlalchemy\pool\base.py", line 901, in __connect
    pool.logger.debug("Error on connect(): %s", e)
  File "C:\Users\danes\OneDrive\Desktop\Healthcheck-project\health-dashboard\venv\lib\site-packages\sqlalchemy\util\langhelpers.py", line 122, in __exit__
    raise exc_value.with_traceback(exc_tb)
  File "C:\Users\danes\OneDrive\Desktop\Healthcheck-project\health-dashboard\venv\lib\site-packages\sqlalchemy\pool\base.py", line 896, in __connect
    self.dbapi_connection = connection = pool._invoke_creator(self)
  File "C:\Users\danes\OneDrive\Desktop\Healthcheck-project\health-dashboard\venv\lib\site-packages\sqlalchemy\engine\create.py", line 667, in connect
    return dialect.connect(*cargs_tup, **cparams)
  File "C:\Users\danes\OneDrive\Desktop\Healthcheck-project\health-dashboard\venv\lib\site-packages\sqlalchemy\engine\default.py", line 630, in connect
    return self.loaded_dbapi.connect(*cargs, **cparams)  # type: ignore[no-any-return]  # NOQA: E501
  File "C:\Users\danes\OneDrive\Desktop\Healthcheck-project\health-dashboard\venv\lib\site-packages\psycopg2\__init__.py", line 154, in connect
    conn = _connect(dsn, connection_factory=connection_factory, **kwasync)
sqlalchemy.exc.OperationalError: (psycopg2.OperationalError) connection to server at "localhost" (::1), port 5432 failed: FATAL:  password authentication failed for user "postgres"

(Background on this error at: https://sqlalche.me/e/20/e3q8)
2026-07-29 09:29:16,141 [INFO] apscheduler.executors.default - Job "execute_health_checks (trigger: interval[0:00:15], next run at: 2026-07-29 09:29:30 IST)" executed successfully
2026-07-29 09:29:30,992 [INFO] apscheduler.executors.default - Running job "execute_health_checks (trigger: interval[0:00:15], next run at: 2026-07-29 09:29:45 IST)" (scheduled at 2026-07-29 09:29:30.972273+05:30)
2026-07-29 09:29:31,052 [ERROR] scheduler - MonitoringService: Error in check scheduler execution: (psycopg2.OperationalError) connection to server at "localhost" (::1), port 5432 failed: FATAL:  password authentication failed for user "postgres"

(Background on this error at: https://sqlalche.me/e/20/e3q8)
Traceback (most recent call last):
  File "C:\Users\danes\OneDrive\Desktop\Healthcheck-project\health-dashboard\venv\lib\site-packages\sqlalchemy\engine\base.py", line 144, in __init__
    self._dbapi_connection = engine.raw_connection()
  File "C:\Users\danes\OneDrive\Desktop\Healthcheck-project\health-dashboard\venv\lib\site-packages\sqlalchemy\engine\base.py", line 3319, in raw_connection
    return self.pool.connect()
  File "C:\Users\danes\OneDrive\Desktop\Healthcheck-project\health-dashboard\venv\lib\site-packages\sqlalchemy\pool\base.py", line 448, in connect
    return _ConnectionFairy._checkout(self)
  File "C:\Users\danes\OneDrive\Desktop\Healthcheck-project\health-dashboard\venv\lib\site-packages\sqlalchemy\pool\base.py", line 1272, in _checkout
    fairy = _ConnectionRecord.checkout(pool)
  File "C:\Users\danes\OneDrive\Desktop\Healthcheck-project\health-dashboard\venv\lib\site-packages\sqlalchemy\pool\base.py", line 712, in checkout
    rec = pool._do_get()
  File "C:\Users\danes\OneDrive\Desktop\Healthcheck-project\health-dashboard\venv\lib\site-packages\sqlalchemy\pool\impl.py", line 179, in _do_get
    self._dec_overflow()
  File "C:\Users\danes\OneDrive\Desktop\Healthcheck-project\health-dashboard\venv\lib\site-packages\sqlalchemy\util\langhelpers.py", line 122, in __exit__
    raise exc_value.with_traceback(exc_tb)
  File "C:\Users\danes\OneDrive\Desktop\Healthcheck-project\health-dashboard\venv\lib\site-packages\sqlalchemy\pool\impl.py", line 176, in _do_get
    return self._create_connection()
  File "C:\Users\danes\OneDrive\Desktop\Healthcheck-project\health-dashboard\venv\lib\site-packages\sqlalchemy\pool\base.py", line 389, in _create_connection
    return _ConnectionRecord(self)
  File "C:\Users\danes\OneDrive\Desktop\Healthcheck-project\health-dashboard\venv\lib\site-packages\sqlalchemy\pool\base.py", line 674, in __init__
    self.__connect()
  File "C:\Users\danes\OneDrive\Desktop\Healthcheck-project\health-dashboard\venv\lib\site-packages\sqlalchemy\pool\base.py", line 901, in __connect
    pool.logger.debug("Error on connect(): %s", e)
  File "C:\Users\danes\OneDrive\Desktop\Healthcheck-project\health-dashboard\venv\lib\site-packages\sqlalchemy\util\langhelpers.py", line 122, in __exit__
    raise exc_value.with_traceback(exc_tb)
  File "C:\Users\danes\OneDrive\Desktop\Healthcheck-project\health-dashboard\venv\lib\site-packages\sqlalchemy\pool\base.py", line 896, in __connect
    self.dbapi_connection = connection = pool._invoke_creator(self)
  File "C:\Users\danes\OneDrive\Desktop\Healthcheck-project\health-dashboard\venv\lib\site-packages\sqlalchemy\engine\create.py", line 667, in connect
    return dialect.connect(*cargs_tup, **cparams)
  File "C:\Users\danes\OneDrive\Desktop\Healthcheck-project\health-dashboard\venv\lib\site-packages\sqlalchemy\engine\default.py", line 630, in connect
    return self.loaded_dbapi.connect(*cargs, **cparams)  # type: ignore[no-any-return]  # NOQA: E501
  File "C:\Users\danes\OneDrive\Desktop\Healthcheck-project\health-dashboard\venv\lib\site-packages\psycopg2\__init__.py", line 154, in connect
    conn = _connect(dsn, connection_factory=connection_factory, **kwasync)
psycopg2.OperationalError: connection to server at "localhost" (::1), port 5432 failed: FATAL:  password authentication failed for user "postgres"


The above exception was the direct cause of the following exception:

Traceback (most recent call last):
  File "C:\Users\danes\OneDrive\Desktop\Healthcheck-project\health-monitoring-system\monitoring-dashboard\app\services\monitoring_service.py", line 121, in execute_health_checks
    services = db.query(Service).all()
  File "C:\Users\danes\OneDrive\Desktop\Healthcheck-project\health-dashboard\venv\lib\site-packages\sqlalchemy\orm\query.py", line 2711, in all
    return self._iter().all()  # type: ignore
  File "C:\Users\danes\OneDrive\Desktop\Healthcheck-project\health-dashboard\venv\lib\site-packages\sqlalchemy\orm\query.py", line 2864, in _iter
    result: Union[ScalarResult[_T], Result[_T]] = self.session.execute(
  File "C:\Users\danes\OneDrive\Desktop\Healthcheck-project\health-dashboard\venv\lib\site-packages\sqlalchemy\orm\session.py", line 2373, in execute
    return self._execute_internal(
  File "C:\Users\danes\OneDrive\Desktop\Healthcheck-project\health-dashboard\venv\lib\site-packages\sqlalchemy\orm\session.py", line 2261, in _execute_internal
    conn = self._connection_for_bind(bind)
  File "C:\Users\danes\OneDrive\Desktop\Healthcheck-project\health-dashboard\venv\lib\site-packages\sqlalchemy\orm\session.py", line 2113, in _connection_for_bind
    return trans._connection_for_bind(engine, execution_options)
  File "<string>", line 2, in _connection_for_bind
  File "C:\Users\danes\OneDrive\Desktop\Healthcheck-project\health-dashboard\venv\lib\site-packages\sqlalchemy\orm\state_changes.py", line 137, in _go
    ret_value = fn(self, *arg, **kw)
  File "C:\Users\danes\OneDrive\Desktop\Healthcheck-project\health-dashboard\venv\lib\site-packages\sqlalchemy\orm\session.py", line 1191, in _connection_for_bind
    conn = bind.connect()
  File "C:\Users\danes\OneDrive\Desktop\Healthcheck-project\health-dashboard\venv\lib\site-packages\sqlalchemy\engine\base.py", line 3295, in connect
    return self._connection_cls(self)
  File "C:\Users\danes\OneDrive\Desktop\Healthcheck-project\health-dashboard\venv\lib\site-packages\sqlalchemy\engine\base.py", line 146, in __init__
    Connection._handle_dbapi_exception_noconnection(
  File "C:\Users\danes\OneDrive\Desktop\Healthcheck-project\health-dashboard\venv\lib\site-packages\sqlalchemy\engine\base.py", line 2450, in _handle_dbapi_exception_noconnection
    raise sqlalchemy_exception.with_traceback(exc_info[2]) from e
  File "C:\Users\danes\OneDrive\Desktop\Healthcheck-project\health-dashboard\venv\lib\site-packages\sqlalchemy\engine\base.py", line 144, in __init__
    self._dbapi_connection = engine.raw_connection()
  File "C:\Users\danes\OneDrive\Desktop\Healthcheck-project\health-dashboard\venv\lib\site-packages\sqlalchemy\engine\base.py", line 3319, in raw_connection
    return self.pool.connect()
  File "C:\Users\danes\OneDrive\Desktop\Healthcheck-project\health-dashboard\venv\lib\site-packages\sqlalchemy\pool\base.py", line 448, in connect
    return _ConnectionFairy._checkout(self)
  File "C:\Users\danes\OneDrive\Desktop\Healthcheck-project\health-dashboard\venv\lib\site-packages\sqlalchemy\pool\base.py", line 1272, in _checkout
    fairy = _ConnectionRecord.checkout(pool)
  File "C:\Users\danes\OneDrive\Desktop\Healthcheck-project\health-dashboard\venv\lib\site-packages\sqlalchemy\pool\base.py", line 712, in checkout
    rec = pool._do_get()
  File "C:\Users\danes\OneDrive\Desktop\Healthcheck-project\health-dashboard\venv\lib\site-packages\sqlalchemy\pool\impl.py", line 179, in _do_get
    self._dec_overflow()
  File "C:\Users\danes\OneDrive\Desktop\Healthcheck-project\health-dashboard\venv\lib\site-packages\sqlalchemy\util\langhelpers.py", line 122, in __exit__
    raise exc_value.with_traceback(exc_tb)
  File "C:\Users\danes\OneDrive\Desktop\Healthcheck-project\health-dashboard\venv\lib\site-packages\sqlalchemy\pool\impl.py", line 176, in _do_get
    return self._create_connection()
  File "C:\Users\danes\OneDrive\Desktop\Healthcheck-project\health-dashboard\venv\lib\site-packages\sqlalchemy\pool\base.py", line 389, in _create_connection
    return _ConnectionRecord(self)
  File "C:\Users\danes\OneDrive\Desktop\Healthcheck-project\health-dashboard\venv\lib\site-packages\sqlalchemy\pool\base.py", line 674, in __init__
    self.__connect()
  File "C:\Users\danes\OneDrive\Desktop\Healthcheck-project\health-dashboard\venv\lib\site-packages\sqlalchemy\pool\base.py", line 901, in __connect
    pool.logger.debug("Error on connect(): %s", e)
  File "C:\Users\danes\OneDrive\Desktop\Healthcheck-project\health-dashboard\venv\lib\site-packages\sqlalchemy\util\langhelpers.py", line 122, in __exit__
    raise exc_value.with_traceback(exc_tb)
  File "C:\Users\danes\OneDrive\Desktop\Healthcheck-project\health-dashboard\venv\lib\site-packages\sqlalchemy\pool\base.py", line 896, in __connect
    self.dbapi_connection = connection = pool._invoke_creator(self)
  File "C:\Users\danes\OneDrive\Desktop\Healthcheck-project\health-dashboard\venv\lib\site-packages\sqlalchemy\engine\create.py", line 667, in connect
    return dialect.connect(*cargs_tup, **cparams)
  File "C:\Users\danes\OneDrive\Desktop\Healthcheck-project\health-dashboard\venv\lib\site-packages\sqlalchemy\engine\default.py", line 630, in connect
    return self.loaded_dbapi.connect(*cargs, **cparams)  # type: ignore[no-any-return]  # NOQA: E501
  File "C:\Users\danes\OneDrive\Desktop\Healthcheck-project\health-dashboard\venv\lib\site-packages\psycopg2\__init__.py", line 154, in connect
    conn = _connect(dsn, connection_factory=connection_factory, **kwasync)
sqlalchemy.exc.OperationalError: (psycopg2.OperationalError) connection to server at "localhost" (::1), port 5432 failed: FATAL:  password authentication failed for user "postgres"

(Background on this error at: https://sqlalche.me/e/20/e3q8)
2026-07-29 09:29:31,055 [INFO] apscheduler.executors.default - Job "execute_health_checks (trigger: interval[0:00:15], next run at: 2026-07-29 09:29:45 IST)" executed successfully
2026-07-29 09:29:45,985 [INFO] apscheduler.executors.default - Running job "execute_health_checks (trigger: interval[0:00:15], next run at: 2026-07-29 09:30:00 IST)" (scheduled at 2026-07-29 09:29:45.972273+05:30)
2026-07-29 09:29:46,037 [ERROR] scheduler - MonitoringService: Error in check scheduler execution: (psycopg2.OperationalError) connection to server at "localhost" (::1), port 5432 failed: FATAL:  password authentication failed for user "postgres"

(Background on this error at: https://sqlalche.me/e/20/e3q8)
Traceback (most recent call last):
  File "C:\Users\danes\OneDrive\Desktop\Healthcheck-project\health-dashboard\venv\lib\site-packages\sqlalchemy\engine\base.py", line 144, in __init__
    self._dbapi_connection = engine.raw_connection()
  File "C:\Users\danes\OneDrive\Desktop\Healthcheck-project\health-dashboard\venv\lib\site-packages\sqlalchemy\engine\base.py", line 3319, in raw_connection
    return self.pool.connect()
  File "C:\Users\danes\OneDrive\Desktop\Healthcheck-project\health-dashboard\venv\lib\site-packages\sqlalchemy\pool\base.py", line 448, in connect
    return _ConnectionFairy._checkout(self)
  File "C:\Users\danes\OneDrive\Desktop\Healthcheck-project\health-dashboard\venv\lib\site-packages\sqlalchemy\pool\base.py", line 1272, in _checkout
    fairy = _ConnectionRecord.checkout(pool)
  File "C:\Users\danes\OneDrive\Desktop\Healthcheck-project\health-dashboard\venv\lib\site-packages\sqlalchemy\pool\base.py", line 712, in checkout
    rec = pool._do_get()
  File "C:\Users\danes\OneDrive\Desktop\Healthcheck-project\health-dashboard\venv\lib\site-packages\sqlalchemy\pool\impl.py", line 179, in _do_get
    self._dec_overflow()
  File "C:\Users\danes\OneDrive\Desktop\Healthcheck-project\health-dashboard\venv\lib\site-packages\sqlalchemy\util\langhelpers.py", line 122, in __exit__
    raise exc_value.with_traceback(exc_tb)
  File "C:\Users\danes\OneDrive\Desktop\Healthcheck-project\health-dashboard\venv\lib\site-packages\sqlalchemy\pool\impl.py", line 176, in _do_get
    return self._create_connection()
  File "C:\Users\danes\OneDrive\Desktop\Healthcheck-project\health-dashboard\venv\lib\site-packages\sqlalchemy\pool\base.py", line 389, in _create_connection
    return _ConnectionRecord(self)
  File "C:\Users\danes\OneDrive\Desktop\Healthcheck-project\health-dashboard\venv\lib\site-packages\sqlalchemy\pool\base.py", line 674, in __init__
    self.__connect()
  File "C:\Users\danes\OneDrive\Desktop\Healthcheck-project\health-dashboard\venv\lib\site-packages\sqlalchemy\pool\base.py", line 901, in __connect
    pool.logger.debug("Error on connect(): %s", e)
  File "C:\Users\danes\OneDrive\Desktop\Healthcheck-project\health-dashboard\venv\lib\site-packages\sqlalchemy\util\langhelpers.py", line 122, in __exit__
    raise exc_value.with_traceback(exc_tb)
  File "C:\Users\danes\OneDrive\Desktop\Healthcheck-project\health-dashboard\venv\lib\site-packages\sqlalchemy\pool\base.py", line 896, in __connect
    self.dbapi_connection = connection = pool._invoke_creator(self)
  File "C:\Users\danes\OneDrive\Desktop\Healthcheck-project\health-dashboard\venv\lib\site-packages\sqlalchemy\engine\create.py", line 667, in connect
    return dialect.connect(*cargs_tup, **cparams)
  File "C:\Users\danes\OneDrive\Desktop\Healthcheck-project\health-dashboard\venv\lib\site-packages\sqlalchemy\engine\default.py", line 630, in connect
    return self.loaded_dbapi.connect(*cargs, **cparams)  # type: ignore[no-any-return]  # NOQA: E501
  File "C:\Users\danes\OneDrive\Desktop\Healthcheck-project\health-dashboard\venv\lib\site-packages\psycopg2\__init__.py", line 154, in connect
    conn = _connect(dsn, connection_factory=connection_factory, **kwasync)
psycopg2.OperationalError: connection to server at "localhost" (::1), port 5432 failed: FATAL:  password authentication failed for user "postgres"


The above exception was the direct cause of the following exception:

Traceback (most recent call last):
  File "C:\Users\danes\OneDrive\Desktop\Healthcheck-project\health-monitoring-system\monitoring-dashboard\app\services\monitoring_service.py", line 121, in execute_health_checks
    services = db.query(Service).all()
  File "C:\Users\danes\OneDrive\Desktop\Healthcheck-project\health-dashboard\venv\lib\site-packages\sqlalchemy\orm\query.py", line 2711, in all
    return self._iter().all()  # type: ignore
  File "C:\Users\danes\OneDrive\Desktop\Healthcheck-project\health-dashboard\venv\lib\site-packages\sqlalchemy\orm\query.py", line 2864, in _iter
    result: Union[ScalarResult[_T], Result[_T]] = self.session.execute(
  File "C:\Users\danes\OneDrive\Desktop\Healthcheck-project\health-dashboard\venv\lib\site-packages\sqlalchemy\orm\session.py", line 2373, in execute
    return self._execute_internal(
  File "C:\Users\danes\OneDrive\Desktop\Healthcheck-project\health-dashboard\venv\lib\site-packages\sqlalchemy\orm\session.py", line 2261, in _execute_internal
    conn = self._connection_for_bind(bind)
  File "C:\Users\danes\OneDrive\Desktop\Healthcheck-project\health-dashboard\venv\lib\site-packages\sqlalchemy\orm\session.py", line 2113, in _connection_for_bind
    return trans._connection_for_bind(engine, execution_options)
  File "<string>", line 2, in _connection_for_bind
  File "C:\Users\danes\OneDrive\Desktop\Healthcheck-project\health-dashboard\venv\lib\site-packages\sqlalchemy\orm\state_changes.py", line 137, in _go
    ret_value = fn(self, *arg, **kw)
  File "C:\Users\danes\OneDrive\Desktop\Healthcheck-project\health-dashboard\venv\lib\site-packages\sqlalchemy\orm\session.py", line 1191, in _connection_for_bind
    conn = bind.connect()
  File "C:\Users\danes\OneDrive\Desktop\Healthcheck-project\health-dashboard\venv\lib\site-packages\sqlalchemy\engine\base.py", line 3295, in connect
    return self._connection_cls(self)
  File "C:\Users\danes\OneDrive\Desktop\Healthcheck-project\health-dashboard\venv\lib\site-packages\sqlalchemy\engine\base.py", line 146, in __init__
    Connection._handle_dbapi_exception_noconnection(
  File "C:\Users\danes\OneDrive\Desktop\Healthcheck-project\health-dashboard\venv\lib\site-packages\sqlalchemy\engine\base.py", line 2450, in _handle_dbapi_exception_noconnection
    raise sqlalchemy_exception.with_traceback(exc_info[2]) from e
  File "C:\Users\danes\OneDrive\Desktop\Healthcheck-project\health-dashboard\venv\lib\site-packages\sqlalchemy\engine\base.py", line 144, in __init__
    self._dbapi_connection = engine.raw_connection()
  File "C:\Users\danes\OneDrive\Desktop\Healthcheck-project\health-dashboard\venv\lib\site-packages\sqlalchemy\engine\base.py", line 3319, in raw_connection
    return self.pool.connect()
  File "C:\Users\danes\OneDrive\Desktop\Healthcheck-project\health-dashboard\venv\lib\site-packages\sqlalchemy\pool\base.py", line 448, in connect
    return _ConnectionFairy._checkout(self)
  File "C:\Users\danes\OneDrive\Desktop\Healthcheck-project\health-dashboard\venv\lib\site-packages\sqlalchemy\pool\base.py", line 1272, in _checkout
    fairy = _ConnectionRecord.checkout(pool)
  File "C:\Users\danes\OneDrive\Desktop\Healthcheck-project\health-dashboard\venv\lib\site-packages\sqlalchemy\pool\base.py", line 712, in checkout
    rec = pool._do_get()
  File "C:\Users\danes\OneDrive\Desktop\Healthcheck-project\health-dashboard\venv\lib\site-packages\sqlalchemy\pool\impl.py", line 179, in _do_get
    self._dec_overflow()
  File "C:\Users\danes\OneDrive\Desktop\Healthcheck-project\health-dashboard\venv\lib\site-packages\sqlalchemy\util\langhelpers.py", line 122, in __exit__
    raise exc_value.with_traceback(exc_tb)
  File "C:\Users\danes\OneDrive\Desktop\Healthcheck-project\health-dashboard\venv\lib\site-packages\sqlalchemy\pool\impl.py", line 176, in _do_get
    return self._create_connection()
  File "C:\Users\danes\OneDrive\Desktop\Healthcheck-project\health-dashboard\venv\lib\site-packages\sqlalchemy\pool\base.py", line 389, in _create_connection
    return _ConnectionRecord(self)
  File "C:\Users\danes\OneDrive\Desktop\Healthcheck-project\health-dashboard\venv\lib\site-packages\sqlalchemy\pool\base.py", line 674, in __init__
    self.__connect()
  File "C:\Users\danes\OneDrive\Desktop\Healthcheck-project\health-dashboard\venv\lib\site-packages\sqlalchemy\pool\base.py", line 901, in __connect
    pool.logger.debug("Error on connect(): %s", e)
  File "C:\Users\danes\OneDrive\Desktop\Healthcheck-project\health-dashboard\venv\lib\site-packages\sqlalchemy\util\langhelpers.py", line 122, in __exit__
    raise exc_value.with_traceback(exc_tb)
  File "C:\Users\danes\OneDrive\Desktop\Healthcheck-project\health-dashboard\venv\lib\site-packages\sqlalchemy\pool\base.py", line 896, in __connect
    self.dbapi_connection = connection = pool._invoke_creator(self)
  File "C:\Users\danes\OneDrive\Desktop\Healthcheck-project\health-dashboard\venv\lib\site-packages\sqlalchemy\engine\create.py", line 667, in connect
    return dialect.connect(*cargs_tup, **cparams)
  File "C:\Users\danes\OneDrive\Desktop\Healthcheck-project\health-dashboard\venv\lib\site-packages\sqlalchemy\engine\default.py", line 630, in connect
    return self.loaded_dbapi.connect(*cargs, **cparams)  # type: ignore[no-any-return]  # NOQA: E501
  File "C:\Users\danes\OneDrive\Desktop\Healthcheck-project\health-dashboard\venv\lib\site-packages\psycopg2\__init__.py", line 154, in connect
    conn = _connect(dsn, connection_factory=connection_factory, **kwasync)
sqlalchemy.exc.OperationalError: (psycopg2.OperationalError) connection to server at "localhost" (::1), port 5432 failed: FATAL:  password authentication failed for user "postgres"

(Background on this error at: https://sqlalche.me/e/20/e3q8)
2026-07-29 09:29:46,038 [INFO] apscheduler.executors.default - Job "execute_health_checks (trigger: interval[0:00:15], next run at: 2026-07-29 09:30:00 IST)" executed successfully
2026-07-29 09:30:00,985 [INFO] apscheduler.executors.default - Running job "execute_health_checks (trigger: interval[0:00:15], next run at: 2026-07-29 09:30:15 IST)" (scheduled at 2026-07-29 09:30:00.972273+05:30)
2026-07-29 09:30:01,154 [ERROR] scheduler - MonitoringService: Error in check scheduler execution: (psycopg2.OperationalError) connection to server at "localhost" (::1), port 5432 failed: FATAL:  password authentication failed for user "postgres"

(Background on this error at: https://sqlalche.me/e/20/e3q8)
Traceback (most recent call last):
  File "C:\Users\danes\OneDrive\Desktop\Healthcheck-project\health-dashboard\venv\lib\site-packages\sqlalchemy\engine\base.py", line 144, in __init__
    self._dbapi_connection = engine.raw_connection()
  File "C:\Users\danes\OneDrive\Desktop\Healthcheck-project\health-dashboard\venv\lib\site-packages\sqlalchemy\engine\base.py", line 3319, in raw_connection
    return self.pool.connect()
  File "C:\Users\danes\OneDrive\Desktop\Healthcheck-project\health-dashboard\venv\lib\site-packages\sqlalchemy\pool\base.py", line 448, in connect
    return _ConnectionFairy._checkout(self)
  File "C:\Users\danes\OneDrive\Desktop\Healthcheck-project\health-dashboard\venv\lib\site-packages\sqlalchemy\pool\base.py", line 1272, in _checkout
    fairy = _ConnectionRecord.checkout(pool)
  File "C:\Users\danes\OneDrive\Desktop\Healthcheck-project\health-dashboard\venv\lib\site-packages\sqlalchemy\pool\base.py", line 712, in checkout
    rec = pool._do_get()
  File "C:\Users\danes\OneDrive\Desktop\Healthcheck-project\health-dashboard\venv\lib\site-packages\sqlalchemy\pool\impl.py", line 179, in _do_get
    self._dec_overflow()
  File "C:\Users\danes\OneDrive\Desktop\Healthcheck-project\health-dashboard\venv\lib\site-packages\sqlalchemy\util\langhelpers.py", line 122, in __exit__
    raise exc_value.with_traceback(exc_tb)
  File "C:\Users\danes\OneDrive\Desktop\Healthcheck-project\health-dashboard\venv\lib\site-packages\sqlalchemy\pool\impl.py", line 176, in _do_get
    return self._create_connection()
  File "C:\Users\danes\OneDrive\Desktop\Healthcheck-project\health-dashboard\venv\lib\site-packages\sqlalchemy\pool\base.py", line 389, in _create_connection
    return _ConnectionRecord(self)
  File "C:\Users\danes\OneDrive\Desktop\Healthcheck-project\health-dashboard\venv\lib\site-packages\sqlalchemy\pool\base.py", line 674, in __init__
    self.__connect()
  File "C:\Users\danes\OneDrive\Desktop\Healthcheck-project\health-dashboard\venv\lib\site-packages\sqlalchemy\pool\base.py", line 901, in __connect
    pool.logger.debug("Error on connect(): %s", e)
  File "C:\Users\danes\OneDrive\Desktop\Healthcheck-project\health-dashboard\venv\lib\site-packages\sqlalchemy\util\langhelpers.py", line 122, in __exit__
    raise exc_value.with_traceback(exc_tb)
  File "C:\Users\danes\OneDrive\Desktop\Healthcheck-project\health-dashboard\venv\lib\site-packages\sqlalchemy\pool\base.py", line 896, in __connect
    self.dbapi_connection = connection = pool._invoke_creator(self)
  File "C:\Users\danes\OneDrive\Desktop\Healthcheck-project\health-dashboard\venv\lib\site-packages\sqlalchemy\engine\create.py", line 667, in connect
    return dialect.connect(*cargs_tup, **cparams)
  File "C:\Users\danes\OneDrive\Desktop\Healthcheck-project\health-dashboard\venv\lib\site-packages\sqlalchemy\engine\default.py", line 630, in connect
    return self.loaded_dbapi.connect(*cargs, **cparams)  # type: ignore[no-any-return]  # NOQA: E501
  File "C:\Users\danes\OneDrive\Desktop\Healthcheck-project\health-dashboard\venv\lib\site-packages\psycopg2\__init__.py", line 154, in connect
    conn = _connect(dsn, connection_factory=connection_factory, **kwasync)
psycopg2.OperationalError: connection to server at "localhost" (::1), port 5432 failed: FATAL:  password authentication failed for user "postgres"


The above exception was the direct cause of the following exception:

Traceback (most recent call last):
  File "C:\Users\danes\OneDrive\Desktop\Healthcheck-project\health-monitoring-system\monitoring-dashboard\app\services\monitoring_service.py", line 121, in execute_health_checks
    services = db.query(Service).all()
  File "C:\Users\danes\OneDrive\Desktop\Healthcheck-project\health-dashboard\venv\lib\site-packages\sqlalchemy\orm\query.py", line 2711, in all
    return self._iter().all()  # type: ignore
  File "C:\Users\danes\OneDrive\Desktop\Healthcheck-project\health-dashboard\venv\lib\site-packages\sqlalchemy\orm\query.py", line 2864, in _iter
    result: Union[ScalarResult[_T], Result[_T]] = self.session.execute(
  File "C:\Users\danes\OneDrive\Desktop\Healthcheck-project\health-dashboard\venv\lib\site-packages\sqlalchemy\orm\session.py", line 2373, in execute
    return self._execute_internal(
  File "C:\Users\danes\OneDrive\Desktop\Healthcheck-project\health-dashboard\venv\lib\site-packages\sqlalchemy\orm\session.py", line 2261, in _execute_internal
    conn = self._connection_for_bind(bind)
  File "C:\Users\danes\OneDrive\Desktop\Healthcheck-project\health-dashboard\venv\lib\site-packages\sqlalchemy\orm\session.py", line 2113, in _connection_for_bind
    return trans._connection_for_bind(engine, execution_options)
  File "<string>", line 2, in _connection_for_bind
  File "C:\Users\danes\OneDrive\Desktop\Healthcheck-project\health-dashboard\venv\lib\site-packages\sqlalchemy\orm\state_changes.py", line 137, in _go
    ret_value = fn(self, *arg, **kw)
  File "C:\Users\danes\OneDrive\Desktop\Healthcheck-project\health-dashboard\venv\lib\site-packages\sqlalchemy\orm\session.py", line 1191, in _connection_for_bind
    conn = bind.connect()
  File "C:\Users\danes\OneDrive\Desktop\Healthcheck-project\health-dashboard\venv\lib\site-packages\sqlalchemy\engine\base.py", line 3295, in connect
    return self._connection_cls(self)
  File "C:\Users\danes\OneDrive\Desktop\Healthcheck-project\health-dashboard\venv\lib\site-packages\sqlalchemy\engine\base.py", line 146, in __init__
    Connection._handle_dbapi_exception_noconnection(
  File "C:\Users\danes\OneDrive\Desktop\Healthcheck-project\health-dashboard\venv\lib\site-packages\sqlalchemy\engine\base.py", line 2450, in _handle_dbapi_exception_noconnection
    raise sqlalchemy_exception.with_traceback(exc_info[2]) from e
  File "C:\Users\danes\OneDrive\Desktop\Healthcheck-project\health-dashboard\venv\lib\site-packages\sqlalchemy\engine\base.py", line 144, in __init__
    self._dbapi_connection = engine.raw_connection()
  File "C:\Users\danes\OneDrive\Desktop\Healthcheck-project\health-dashboard\venv\lib\site-packages\sqlalchemy\engine\base.py", line 3319, in raw_connection
    return self.pool.connect()
  File "C:\Users\danes\OneDrive\Desktop\Healthcheck-project\health-dashboard\venv\lib\site-packages\sqlalchemy\pool\base.py", line 448, in connect
    return _ConnectionFairy._checkout(self)
  File "C:\Users\danes\OneDrive\Desktop\Healthcheck-project\health-dashboard\venv\lib\site-packages\sqlalchemy\pool\base.py", line 1272, in _checkout
    fairy = _ConnectionRecord.checkout(pool)
  File "C:\Users\danes\OneDrive\Desktop\Healthcheck-project\health-dashboard\venv\lib\site-packages\sqlalchemy\pool\base.py", line 712, in checkout
    rec = pool._do_get()
  File "C:\Users\danes\OneDrive\Desktop\Healthcheck-project\health-dashboard\venv\lib\site-packages\sqlalchemy\pool\impl.py", line 179, in _do_get
    self._dec_overflow()
  File "C:\Users\danes\OneDrive\Desktop\Healthcheck-project\health-dashboard\venv\lib\site-packages\sqlalchemy\util\langhelpers.py", line 122, in __exit__
    raise exc_value.with_traceback(exc_tb)
  File "C:\Users\danes\OneDrive\Desktop\Healthcheck-project\health-dashboard\venv\lib\site-packages\sqlalchemy\pool\impl.py", line 176, in _do_get
    return self._create_connection()
  File "C:\Users\danes\OneDrive\Desktop\Healthcheck-project\health-dashboard\venv\lib\site-packages\sqlalchemy\pool\base.py", line 389, in _create_connection
    return _ConnectionRecord(self)
  File "C:\Users\danes\OneDrive\Desktop\Healthcheck-project\health-dashboard\venv\lib\site-packages\sqlalchemy\pool\base.py", line 674, in __init__
    self.__connect()
  File "C:\Users\danes\OneDrive\Desktop\Healthcheck-project\health-dashboard\venv\lib\site-packages\sqlalchemy\pool\base.py", line 901, in __connect
    pool.logger.debug("Error on connect(): %s", e)
  File "C:\Users\danes\OneDrive\Desktop\Healthcheck-project\health-dashboard\venv\lib\site-packages\sqlalchemy\util\langhelpers.py", line 122, in __exit__
    raise exc_value.with_traceback(exc_tb)
  File "C:\Users\danes\OneDrive\Desktop\Healthcheck-project\health-dashboard\venv\lib\site-packages\sqlalchemy\pool\base.py", line 896, in __connect
    self.dbapi_connection = connection = pool._invoke_creator(self)
  File "C:\Users\danes\OneDrive\Desktop\Healthcheck-project\health-dashboard\venv\lib\site-packages\sqlalchemy\engine\create.py", line 667, in connect
    return dialect.connect(*cargs_tup, **cparams)
  File "C:\Users\danes\OneDrive\Desktop\Healthcheck-project\health-dashboard\venv\lib\site-packages\sqlalchemy\engine\default.py", line 630, in connect
    return self.loaded_dbapi.connect(*cargs, **cparams)  # type: ignore[no-any-return]  # NOQA: E501
  File "C:\Users\danes\OneDrive\Desktop\Healthcheck-project\health-dashboard\venv\lib\site-packages\psycopg2\__init__.py", line 154, in connect
    conn = _connect(dsn, connection_factory=connection_factory, **kwasync)
sqlalchemy.exc.OperationalError: (psycopg2.OperationalError) connection to server at "localhost" (::1), port 5432 failed: FATAL:  password authentication failed for user "postgres"

(Background on this error at: https://sqlalche.me/e/20/e3q8)
2026-07-29 09:30:01,156 [INFO] apscheduler.executors.default - Job "execute_health_checks (trigger: interval[0:00:15], next run at: 2026-07-29 09:30:15 IST)" executed successfully
